{
"type": "FeatureCollection",
"name": "villages",
"crs": { "type": "name", "properties": { "name": "urn:ogc:def:crs:OGC:1.3:CRS84" } },
"features": [
{ "type": "Feature", "properties": { "wijkcode": "WK194505", "wijknaam": "Groesbeek", "gemeentecode": "GM1945", "gemeentenaam": "Berg en Dal", "indelingswijzigingWijkenEnBuurten": 1, "water": "NEE", "omgevingsadressendichtheid": 975, "stedelijkheidAdressenPerKm2": 4, "bevolkingsdichtheidInwonersPerKm2": 559, "aantalInwoners": 13230, "mannen": 6530, "vrouwen": 6700, "percentagePersonen0Tot15Jaar": 13, "percentagePersonen15Tot25Jaar": 10, "percentagePersonen25Tot45Jaar": 22, "percentagePersonen45Tot65Jaar": 28, "percentagePersonen65JaarEnOuder": 27, "percentageOngehuwd": 45, "percentageGehuwd": 40, "percentageGescheid": 7, "percentageVerweduwd": 7, "geboorteTotaal": 105, "geboortesPer1000Inwoners": 8, "sterfteTotaal": 210, "sterfteRelatief": 16, "aantalHuishoudens": 6125, "percentageEenpersoonshuishoudens": 38, "percentageHuishoudensZonderKinderen": 32, "percentageHuishoudensMetKinderen": 30, "gemiddeldeHuishoudsgrootte": 2.1, "percentageMetHerkomstlandNederland": 83, "percentageMetHerkomstlandUitEuropaExclNl": 10, "percentageMetHerkomstlandBuitenEuropa": 7, "percentageGebInNlMetHerkomstlandNederland": 83, "percGebInNlMetHerkomstlandInEuropaExNl": 5, "percGebInNlMetHerkomstlandBuitenEuropa": 3, "percGebBuitenNlMetHerkomstlndInEuropaExNl": 5, "percGebBuitenNlMetHerkomstlndBuitenEuropa": 4, "aantalBedrijvenLandbouwBosbouwVisserij": 35, "aantalBedrijvenNijverheidEnergie": 325, "aantalBedrijvenHandelEnHoreca": 255, "aantalBedrijvenVervoerInformatieCommunicatie": 60, "aantalBedrijvenFinancieelOnroerendGoed": 85, "aantalBedrijvenZakelijkeDienstverlening": 300, "aantalBedrijvenOverheidOnderwijsEnZorg": 245, "aantalBedrijvenCultuurRecreatieOverige": 180, "aantalBedrijfsvestigingen": 1485, "woningvoorraad": 5983, "gemiddeldeWoningwaarde": 350, "percentageEengezinswoning": 75, "percentageMeergezinswoning": 25, "percentageBewoond": -99997, "percentageKoopwoningen": 56, "percentageHuurwoningen": 44, "percHuurwoningenInBezitWoningcorporaties": 33, "percHuurwoningenInBezitOverigeVerhuurders": 11, "percentageWoningenMetEigendomOnbekend": -99997, "percentageBouwjaarklasseTot2000": -99997, "percentageBouwjaarklasseVanaf2000": -99997, "percentageLeegstandWoningen": -99997, "gemiddeldGasverbruikTotaal": -99997, "gemiddeldGasverbruikAppartement": -99997, "gemiddeldGasverbruikTussenwoning": -99997, "gemiddeldGasverbruikHoekwoning": -99997, "gemiddeldGasverbruik2Onder1KapWoning": -99997, "gemiddeldGasverbruikVrijstaandeWoning": -99997, "gemiddeldGasverbruikHuurwoning": -99997, "gemiddeldGasverbruikkoopwoning": -99997, "gemiddeldElektriciteitsverbruikTotaal": -99997, "gemiddeldElektriciteitsverbruikAppartement": -99997, "gemiddeldElektriciteitsverbruikTussenwoning": -99997, "gemiddeldElektriciteitsverbruikHoekwoning": -99997, "gemElektriciteitsverbruik2Onder1KapWoning": -99997, "gemElektriciteitsverbruikVrijstaandeWoning": -99997, "gemiddeldElektriciteitsverbruikHuurwoning": -99997, "gemiddeldElektriciteitsverbruikkoopwoning": -99997, "percentageWoningenMetStadsverwarming": -99997, "opleidingsniveauLaag": -99997, "opleidingsniveauMiddelbaar": -99997, "opleidingsniveauHoog": -99997, "nettoArbeidsparticipatie": -99997, "percentageWerknemers": -99997, "percentageZelfstandigen": -99997, "aantalInkomensontvangers": -99997, "gemiddeldInkomenPerInkomensontvanger": -99997, "gemiddeldInkomenPerInwoner": -99997, "percentagePersonenMetHoogInkomen": -99997, "percentagePersonenMetLaagInkomen": -99997, "percentageHuishoudensMetHoogInkomen": -99997, "percentageHuishoudensMetLaagInkomen": -99997, "percentageHuishoudensMetLaagsteInkomen": -99997, "percentageHuishoudensOnderOfRondSociaalMinimum": -99997, "aantalPersonenMetEenAoUitkeringTotaal": 960, "aantalPersonenMetEenWwUitkeringTotaal": 100, "aantalPersonenMetEenAlgBijstandsuitkeringTot": 330, "aantalPersonenMetEenAowUitkeringTotaal": 3270, "gemiddeldGestandaardiseerdInkomenVanHuishoudens": -99997.0, "huishoudensTot110PercentVanSociaalMinimum": -99997.0, "huishoudensTot120PercentVanSociaalMinimum": -99997.0, "mediaanVermogenVanParticuliereHuish": -99997.0, "aantalJongerenMetJeugdzorgInNatura": -99997, "percentageJongerenMetJeugdzorgInNatura": -99997.0, "aantalWmoClienten": -99997, "aantalWmoClientenPer1000Inwoners": -99997, "personenautosTotaal": 6975, "personenautosPerHuishouden": 1.1, "personenautosPerKm2": 295, "motortweewielersTotaal": 500, "aantalPersonenautosMetBrandstofBenzine": 5690, "aantalPersonenautosMetOverigeBrandstof": 1285, "oppervlakteTotaalInHa": 2368, "oppervlakteLandInHa": 2368, "oppervlakteWaterInHa": 0, "huisartsenpraktijkGemiddeldeAfstandInKm": 1.0, "huisartsenpraktijkGemiddeldAantalBinnen1Km": 1.2, "huisartsenpraktijkGemiddeldAantalBinnen3Km": 3.6, "huisartsenpraktijkGemiddeldAantalBinnen5Km": 5.1, "huisartsenpostGemiddeldeAfstandInKm": 10.7, "apotheekGemiddeldeAfstandInKm": 1.3, "ziekenhuisInclBuitenpolikliniekGemAfstInKm": 9.1, "ziekenhuisInclBuitenpoliGemAantalBinnen5Km": 0.0, "ziekenhuisInclBuitenpoliGemAantalBinnen10Km": 1.2, "ziekenhuisInclBuitenpoliGemAantalBinnen20Km": 5.0, "ziekenhuisExclBuitenpolikliniekGemAfstInKm": 9.1, "ziekenhuisExclBuitenpoliGemAantalBinnen5Km": 0.0, "ziekenhuisExclBuitenpoliGemAantalBinnen10Km": 1.0, "ziekenhuisExclBuitenpoliGemAantalBinnen20Km": 3.0, "groteSupermarktGemiddeldeAfstandInKm": 0.9, "groteSupermarktGemiddeldAantalBinnen1Km": 2.1, "groteSupermarktGemiddeldAantalBinnen3Km": 6.2, "groteSupermarktGemiddeldAantalBinnen5Km": 7.8, "winkelsOvDagelijkseLevensmGemAfstInKm": 0.8, "winkelsOvDagelLevensmGemAantalBinnen1Km": 4.6, "winkelsOvDagelLevensmGemAantalBinnen3Km": 11.9, "winkelsOvDagelLevensmGemAantalBinnen5Km": 14.7, "warenhuisGemiddeldeAfstandInKm": 1.3, "warenhuisGemiddeldAantalBinnen5Km": 1.0, "warenhuisGemiddeldAantalBinnen10Km": 4.1, "warenhuisGemiddeldAantalBinnen20Km": 13.6, "cafeGemiddeldeAfstandInKm": 0.9, "cafeGemiddeldAantalBinnen1Km": 1.3, "cafeGemiddeldAantalBinnen3Km": 4.8, "cafeGemiddeldAantalBinnen5Km": 8.0, "cafetariaGemiddeldeAfstandInKm": 0.7, "cafetariaGemiddeldAantalBinnen1Km": 3.6, "cafetariaGemiddeldAantalBinnen3Km": 10.7, "cafetariaGemiddeldAantalBinnen5Km": 14.6, "restaurantGemiddeldeAfstandInKm": 0.9, "restaurantGemiddeldAantalBinnen1Km": 4.8, "restaurantGemiddeldAantalBinnen3Km": 12.2, "restaurantGemiddeldAantalBinnen5Km": 16.4, "hotelGemiddeldeAfstandInKm": 1.1, "hotelGemiddeldAantalBinnen5Km": 6.3, "hotelGemiddeldAantalBinnen10Km": 22.3, "hotelGemiddeldAantalBinnen20Km": 48.7, "kinderdagverblijfGemiddeldeAfstandInKm": 0.7, "kinderdagverblijfGemiddeldAantalBinnen1Km": 1.8, "kinderdagverblijfGemiddeldAantalBinnen3Km": 8.7, "kinderdagverblijfGemiddeldAantalBinnen5Km": 12.3, "buitenschoolseOpvangGemAfstandInKm": 0.8, "buitenschoolseOpvangGemiddeldAantalBinnen1Km": 1.1, "buitenschoolseOpvangGemiddeldAantalBinnen3Km": 5.6, "buitenschoolseOpvangGemiddeldAantalBinnen5Km": 8.3, "basisonderwijsGemiddeldeAfstandInKm": 0.9, "basisonderwijsGemiddeldAantalBinnen1Km": 0.9, "basisonderwijsGemiddeldAantalBinnen3Km": 4.7, "basisonderwijsGemiddeldAantalBinnen5Km": 6.9, "voortgezetOnderwijsGemAfstandInKm": 1.2, "voortgezetOnderwijsGemiddeldAantalBinnen3Km": 0.9, "voortgezetOnderwijsGemiddeldAantalBinnen5Km": 1.7, "voortgezetOnderwijsGemiddeldAantalBinnen10Km": 12.8, "vmboGemiddeldeAfstandInKm": 1.2, "vmboGemiddeldAantalBinnen3Km": 0.9, "vmboGemiddeldAantalBinnen5Km": 1.7, "vmboGemiddeldAantalBinnen10Km": 11.3, "havoVwoGemiddeldeAfstandInKm": 1.2, "havoVwoGemiddeldAantalBinnen3Km": 0.9, "havoVwoGemiddeldAantalBinnen5Km": 1.2, "havoVwoGemiddeldAantalBinnen10Km": 9.1, "brandweerkazerneGemiddeldeAfstandInKm": 1.4, "opritHoofdverkeerswegGemiddeldeAfstandInKm": 0.9, "treinstationGemiddeldeAfstandInKm": 4.8, "overstapstationGemiddeldeAfstandInKm": 10.1, "zwembadGemiddeldeAfstandInKm": 1.6, "kunstijsbaanGemiddeldeAfstandInKm": 13.6, "bibliotheekGemiddeldeAfstandInKm": 1.3, "poppodiumGemiddeldeAfstandInKm": 9.8, "bioscoopGemiddeldeAfstandInKm": 7.3, "bioscoopGemiddeldAantalBinnen5Km": 0.0, "bioscoopGemiddeldAantalBinnen10Km": 3.1, "bioscoopGemiddeldAantalBinnen20Km": 7.0, "saunaGemiddeldeAfstandInKm": 6.5, "zonnebankGemiddeldeAfstandInKm": 1.3, "attractieparkGemiddeldeAfstandInKm": 5.5, "attractieparkGemiddeldAantalBinnen10Km": 2.5, "attractieparkGemiddeldAantalBinnen20Km": 5.0, "attractieparkGemiddeldAantalBinnen50Km": 27.1, "theaterGemiddeldeAfstandInKm": 7.6, "theaterGemiddeldAantalBinnen5Km": 0.1, "theaterGemiddeldAantalBinnen10Km": 5.8, "theaterGemiddeldAantalBinnen20Km": 12.9, "gemiddeldeAfstandTotMuseum": 1.8, "gemiddeldAantalMuseaBinnen5Km": 1.8, "gemiddeldAantalMuseaBinnen10Km": 7.8, "gemiddeldAantalMuseaBinnen20Km": 15.0, "afstandTotOpenbaarGroenTotaal": -99997.0, "afstandTotParkOfPlantsoen": -99997.0, "afstandTotDagrcreatiefTerrein": -99997.0, "afstandTotBos": -99997.0, "afstandTotOpenNatuurTerreinTotaal": -99997.0, "afstandTotOpenDroogNatuurTerrein": -99997.0, "afstandTotOpenNatNatuurlijkTerrein": -99997.0, "afstandTotSemiopenbaarGroenTotaal": -99997.0, "afstandTotSportterrein": -99997.0, "afstandTotVolkstuin": -99997.0, "afstandTotVerblijfsrecreatiefTerrein": -99997.0, "afstandTotRecreatiefBinnenwater": -99997.0, "afstandTotBegraafplaats": -99997.0, "jrstatcode": "2024WK194505", "jaar": 2024, "aantalNieuwbouwWoningen": 29.0, "aantalNietWoningvoorraad": 823, "aantalNieuwbouwNietWoningen": 40, "percEengezinswoningTussenwoning": 26.0, "percEengezinswoningHoekwoning": 15.0, "percEengezinswoning2Onder1Kap": 16.0, "percEengezinswoningVrijstaand": 18.0, "percBouwjaarMeerDan10JaarGeleden": 91.0, "percBouwjaarAfgelopen10Jaar": 9.0, "percentageOnbewoond": 3, "gemiddeldAardgasverbruik": 860, "percentageAardgaswoningen": 86.0, "percentageAardgasvrijeWoningen": 10.0, "gemiddeldeElektriciteitslevering": 2710.0, "gemiddeldeElektriciteitsteruglevering": 900.0, "percentageWoningenMetZonnestroom": 41.0, "aantalLeerlingenPrimairOnderwijs": 910, "aantalLeerlingenVoortgezetOnderwijs": 570, "aantalStudentenMbo": 300, "aantalStudentenHbo": 240, "aantalStudentenWo": 100 }, "geometry": { "type": "MultiPolygon", "coordinates": [ [ [ [ 5.957517663693091, 51.809175938715399 ], [ 5.957779861339435, 51.809058935652487 ], [ 5.957818648099586, 51.809061048029193 ], [ 5.95787671371826, 51.809071776513107 ], [ 5.958248917926477, 51.808967917692101 ], [ 5.958288899793728, 51.808957925480954 ], [ 5.958689426260242, 51.808857864338435 ], [ 5.958988703933106, 51.808782573592985 ], [ 5.958934922392965, 51.808766629382767 ], [ 5.959511751642675, 51.808526868415719 ], [ 5.959638688524786, 51.808454978571525 ], [ 5.959832833959276, 51.808351120702675 ], [ 5.960472820746732, 51.808102588342543 ], [ 5.962141068229221, 51.807452952871216 ], [ 5.962805904176448, 51.807174317950093 ], [ 5.963079178487378, 51.807059190099551 ], [ 5.963216721474758, 51.806986318436934 ], [ 5.963578876884735, 51.806784947922488 ], [ 5.964083453678453, 51.806517349114749 ], [ 5.964596666096852, 51.80623728338221 ], [ 5.965035268487006, 51.806003325858441 ], [ 5.965373381772982, 51.805817744255329 ], [ 5.965743774488018, 51.805608937746065 ], [ 5.965756723344838, 51.805603354882656 ], [ 5.965797389280332, 51.805396264181525 ], [ 5.965855647047731, 51.805303592155425 ], [ 5.966087773412378, 51.805081660188463 ], [ 5.966071787103918, 51.805073128036959 ], [ 5.966160899352346, 51.804982793392789 ], [ 5.966274415489663, 51.804892616831829 ], [ 5.966919220567951, 51.804383814745563 ], [ 5.967108985807766, 51.804449284192565 ], [ 5.967335271553988, 51.804530266746504 ], [ 5.967377340282543, 51.804467713853505 ], [ 5.967386075448372, 51.804454718097418 ], [ 5.967426931608998, 51.804231527286724 ], [ 5.967452050471785, 51.804177974891587 ], [ 5.967452530100418, 51.804176938831951 ], [ 5.967468292749121, 51.804143324451111 ], [ 5.967668663803543, 51.803959415281554 ], [ 5.967971311640905, 51.803698119989413 ], [ 5.968628254107406, 51.803327151027688 ], [ 5.968637739874508, 51.803321809724856 ], [ 5.968770985053217, 51.803246660667824 ], [ 5.96925436478262, 51.802923855610359 ], [ 5.969260531593648, 51.802919744187314 ], [ 5.969296367339306, 51.802900285814239 ], [ 5.969304372445158, 51.802895940549874 ], [ 5.969760833054281, 51.802648114909388 ], [ 5.969785582364987, 51.802634679874622 ], [ 5.969986426727936, 51.802525630218291 ], [ 5.970211910747983, 51.802395882856914 ], [ 5.970275524087611, 51.802359567320643 ], [ 5.970441067529356, 51.80226435502756 ], [ 5.97073625721995, 51.802090943971201 ], [ 5.970746334078333, 51.802085383828206 ], [ 5.970878586250095, 51.802012475440428 ], [ 5.971003047192426, 51.801970508441052 ], [ 5.971119303993242, 51.801916393637072 ], [ 5.97127797291119, 51.801839164579114 ], [ 5.971298777309963, 51.801831285836329 ], [ 5.971348260010573, 51.801786545875729 ], [ 5.971353762798303, 51.801781565755661 ], [ 5.971547006131823, 51.801588912464489 ], [ 5.971565441584707, 51.801570537820957 ], [ 5.971771880640751, 51.801375975734317 ], [ 5.971895236814392, 51.801255740676439 ], [ 5.971968630261982, 51.80121359578466 ], [ 5.972498665902376, 51.800906616067202 ], [ 5.972631584994057, 51.800831958556891 ], [ 5.972974148374658, 51.800653918845939 ], [ 5.973235956560909, 51.800518285372071 ], [ 5.9735915629041, 51.800334650673854 ], [ 5.973706282140102, 51.800278806161131 ], [ 5.974071197977558, 51.800101181739713 ], [ 5.974105865169807, 51.800086950093906 ], [ 5.9740931705743, 51.800077341904057 ], [ 5.974515053605991, 51.799810282147106 ], [ 5.974801992583277, 51.799624713493472 ], [ 5.975117051881675, 51.799417835022282 ], [ 5.975077714651134, 51.799388504708197 ], [ 5.975238649886866, 51.799269488875154 ], [ 5.975459218449348, 51.799144295155735 ], [ 5.975588045903466, 51.799070149142295 ], [ 5.975643909041474, 51.799039415495706 ], [ 5.975748751926307, 51.798995950861638 ], [ 5.975825472682322, 51.798973804413812 ], [ 5.975941800011038, 51.798939441334269 ], [ 5.976231146146545, 51.798849100157732 ], [ 5.976339703176762, 51.798817022858003 ], [ 5.976591088786693, 51.798737379151653 ], [ 5.976670257822314, 51.798712945728923 ], [ 5.97678457073822, 51.798688713088424 ], [ 5.976997446688493, 51.798686366255325 ], [ 5.977079064196946, 51.798662944940602 ], [ 5.977194164935655, 51.7986313642566 ], [ 5.977398075339766, 51.798530007511111 ], [ 5.977620702962354, 51.798414435091701 ], [ 5.977790340551723, 51.798325276943586 ], [ 5.977849043938343, 51.798293530197675 ], [ 5.978126376057516, 51.798163182661028 ], [ 5.978157282660586, 51.798124384951336 ], [ 5.978214971527049, 51.798040725014978 ], [ 5.979065335774131, 51.797650663707877 ], [ 5.974726217208591, 51.79576609298492 ], [ 5.974391910676649, 51.795623078094017 ], [ 5.974785464127474, 51.795331224572038 ], [ 5.974599914273752, 51.795208920560071 ], [ 5.97486245164, 51.795096434210535 ], [ 5.974900936238437, 51.795079558506757 ], [ 5.974908043329486, 51.795076529684877 ], [ 5.975277826877949, 51.794918930398644 ], [ 5.976782097924572, 51.794276170601869 ], [ 5.976723442703303, 51.794213698131863 ], [ 5.974953223446546, 51.79226131675037 ], [ 5.973053977651879, 51.792846347667187 ], [ 5.973042770011434, 51.792783328889911 ], [ 5.967675401851665, 51.793004193957103 ], [ 5.966670131033858, 51.790384144810282 ], [ 5.966747808340243, 51.789496668445018 ], [ 5.966691405483365, 51.787845809634895 ], [ 5.966438851121644, 51.787851964463052 ], [ 5.962383844976452, 51.78795323970845 ], [ 5.956272074310264, 51.788105617661046 ], [ 5.956042860308514, 51.785717314597605 ], [ 5.955896634738173, 51.785729209361278 ], [ 5.95583339000678, 51.785366686229757 ], [ 5.956332233540754, 51.785340664429768 ], [ 5.956484405013899, 51.780854766295747 ], [ 5.955446449309089, 51.780638466717001 ], [ 5.95691743335891, 51.780420680665905 ], [ 5.95577556261804, 51.778237637254868 ], [ 5.955656723483046, 51.778054482115905 ], [ 5.954739532261339, 51.776759028110334 ], [ 5.95471061057617, 51.776719118521591 ], [ 5.952968207240916, 51.774314661663702 ], [ 5.951868031341597, 51.772796314039461 ], [ 5.951828929151057, 51.772744603106005 ], [ 5.951709058207272, 51.772586081289582 ], [ 5.951220610239291, 51.771913298652173 ], [ 5.951038332237749, 51.771660256550092 ], [ 5.948162758754392, 51.76765604455295 ], [ 5.948114658960994, 51.767589097510381 ], [ 5.948036461442062, 51.767614290134127 ], [ 5.947972152051424, 51.767638143475153 ], [ 5.944902386837515, 51.768825663102533 ], [ 5.944993605951984, 51.768952049218022 ], [ 5.945159858718643, 51.769180934672654 ], [ 5.945260050728554, 51.769346844789474 ], [ 5.945320673901613, 51.769434488031493 ], [ 5.944702710062875, 51.769624638930367 ], [ 5.944504744043579, 51.769730495277763 ], [ 5.944357676266696, 51.769823102859668 ], [ 5.944272416297296, 51.769885421568375 ], [ 5.943991837691942, 51.77006442784797 ], [ 5.941830453042539, 51.768784885561686 ], [ 5.943672522691404, 51.767600496098773 ], [ 5.943040546422889, 51.767263928788466 ], [ 5.942799020438111, 51.767137130163988 ], [ 5.942602143608446, 51.767264451954617 ], [ 5.94030010276546, 51.766000228239008 ], [ 5.939684959383865, 51.76646309501546 ], [ 5.938026869328075, 51.765475655203026 ], [ 5.937755886240677, 51.765783706613085 ], [ 5.937389505291142, 51.766200196047294 ], [ 5.936361094211776, 51.765781365710154 ], [ 5.934230032656726, 51.764913414847008 ], [ 5.933801369009074, 51.764686367299348 ], [ 5.933165609450977, 51.764385839506311 ], [ 5.932408829185301, 51.764083564834181 ], [ 5.932559117408152, 51.76398019067306 ], [ 5.932651750867659, 51.763906322759837 ], [ 5.932974918622517, 51.763580202291358 ], [ 5.933274272717193, 51.763254192759973 ], [ 5.933331329739122, 51.763160850858689 ], [ 5.933367819991068, 51.763066101877932 ], [ 5.933824195983044, 51.761408878088893 ], [ 5.930380478204294, 51.760451467017951 ], [ 5.931261040243792, 51.757574146234937 ], [ 5.931530242384652, 51.756738477761651 ], [ 5.931950320214336, 51.755434405891897 ], [ 5.928771939756232, 51.753869610450764 ], [ 5.928945653210796, 51.753753111566979 ], [ 5.922485749845992, 51.750615518583658 ], [ 5.922188270165741, 51.750684093907005 ], [ 5.922093861463707, 51.750705926764098 ], [ 5.922037623434132, 51.750718929304035 ], [ 5.919442739797849, 51.751318922508936 ], [ 5.919299599028534, 51.75135202143246 ], [ 5.919226605978259, 51.751368900877409 ], [ 5.917610793151152, 51.751742475441674 ], [ 5.916645453553079, 51.751967987527728 ], [ 5.916598428438527, 51.75197897731713 ], [ 5.916521998056988, 51.751996832379383 ], [ 5.916462797386927, 51.752010636611971 ], [ 5.91639550878173, 51.752026328991747 ], [ 5.916211553762192, 51.752069406012623 ], [ 5.915284817161444, 51.752286858551372 ], [ 5.915281819391343, 51.752291815790095 ], [ 5.915133553614752, 51.752536589920091 ], [ 5.914060469261598, 51.754308071553936 ], [ 5.913784953038817, 51.754763054235532 ], [ 5.913761790383637, 51.754801180073883 ], [ 5.913400226543673, 51.755398073836787 ], [ 5.913329390530303, 51.755515018896673 ], [ 5.913331968505328, 51.755708846353365 ], [ 5.913360783506438, 51.757399210681896 ], [ 5.913362789270572, 51.757519082531445 ], [ 5.913371419717808, 51.758036993415807 ], [ 5.913372621657138, 51.75810903158132 ], [ 5.913383068409005, 51.758509390470373 ], [ 5.913393275890075, 51.759001020566657 ], [ 5.913272193835302, 51.759181875282628 ], [ 5.913100356688322, 51.759438533703502 ], [ 5.912674513667127, 51.760074543913504 ], [ 5.912407706300238, 51.760473035532172 ], [ 5.912229136134693, 51.760739466411792 ], [ 5.912148013223369, 51.760858416249519 ], [ 5.912018987579127, 51.761054576794436 ], [ 5.911527596938575, 51.761789058470747 ], [ 5.91151284623753, 51.761811101556738 ], [ 5.911491218713953, 51.761843440370725 ], [ 5.911347353216972, 51.762058209976452 ], [ 5.911330395110165, 51.762083525767324 ], [ 5.91111459385368, 51.76240566183089 ], [ 5.910571307018339, 51.762684829779964 ], [ 5.90992702629031, 51.76301588733817 ], [ 5.909863536590791, 51.763048511418248 ], [ 5.909342914632563, 51.763316022199731 ], [ 5.908709689750162, 51.763641378903699 ], [ 5.908062199027364, 51.763974049333868 ], [ 5.908034434682509, 51.763988320747536 ], [ 5.907572323555264, 51.764225164158319 ], [ 5.907526645418915, 51.764258786504691 ], [ 5.907366986934346, 51.764363744776631 ], [ 5.907296151299406, 51.764407878471154 ], [ 5.907279913067262, 51.764417999762351 ], [ 5.907251396906694, 51.76443872812596 ], [ 5.907194377911581, 51.764476319683013 ], [ 5.907152066114731, 51.764504183241797 ], [ 5.907131636379169, 51.764517648882098 ], [ 5.906722643756659, 51.764787852561227 ], [ 5.906272580762203, 51.765087314746907 ], [ 5.905404983729535, 51.765664400591596 ], [ 5.905375798988218, 51.765683819114606 ], [ 5.90519451740799, 51.765892337507935 ], [ 5.904675852944768, 51.766479794046305 ], [ 5.904296097875197, 51.76690351075483 ], [ 5.904173225605555, 51.767040607242116 ], [ 5.90375632730373, 51.767505797466235 ], [ 5.902938094838111, 51.76841728275722 ], [ 5.902555324318809, 51.768843667522532 ], [ 5.90216936905882, 51.769272177302796 ], [ 5.901936001228099, 51.769531273301077 ], [ 5.90181537341594, 51.769668249514147 ], [ 5.90109405676596, 51.770478884604479 ], [ 5.9010366936491, 51.770543350440512 ], [ 5.900926606330197, 51.770662383254184 ], [ 5.900816188765709, 51.770786819539509 ], [ 5.9007942738813, 51.770811508296234 ], [ 5.900445822903833, 51.771204217176717 ], [ 5.900011379219616, 51.771687636357555 ], [ 5.899933012263907, 51.771775716610975 ], [ 5.89989980184512, 51.771808625213751 ], [ 5.899885130665936, 51.771823151992741 ], [ 5.899421971926467, 51.772233743285113 ], [ 5.898461969338721, 51.773122499408309 ], [ 5.8975312058926, 51.773972307547922 ], [ 5.897443194149487, 51.774052643979253 ], [ 5.897413966691228, 51.774079314433941 ], [ 5.897400503952126, 51.77409193005775 ], [ 5.897335569735033, 51.774152741668232 ], [ 5.895726363251768, 51.775678675280538 ], [ 5.893979438873381, 51.777321098147986 ], [ 5.893909357049502, 51.777377256013224 ], [ 5.89386725011434, 51.777417419129698 ], [ 5.893708039883791, 51.777569249791249 ], [ 5.893652551285677, 51.777625596124025 ], [ 5.893409258369294, 51.777852924973878 ], [ 5.893367624943067, 51.777891458932217 ], [ 5.893295795592067, 51.777957322623344 ], [ 5.893262935857239, 51.77798745031626 ], [ 5.893237175838113, 51.778011066601117 ], [ 5.893087021994926, 51.778149040089232 ], [ 5.893082331913332, 51.778153349669438 ], [ 5.89292785387439, 51.778294750070692 ], [ 5.892920754227194, 51.778301279426991 ], [ 5.892809211099477, 51.778403906554715 ], [ 5.892703339075709, 51.778505754080221 ], [ 5.89269558358661, 51.778511953674048 ], [ 5.89263092295474, 51.778572446831319 ], [ 5.892482674382398, 51.778711374884587 ], [ 5.892341804159657, 51.778845435107826 ], [ 5.89219483014247, 51.778987053862821 ], [ 5.891995530590592, 51.779171575428435 ], [ 5.891795509077161, 51.779361654682646 ], [ 5.891692630156767, 51.779458140196354 ], [ 5.891497623354782, 51.779643334538761 ], [ 5.891321261156679, 51.779808736468709 ], [ 5.89103914052305, 51.780073961195761 ], [ 5.890907944000649, 51.780199124346503 ], [ 5.890722965522224, 51.780374539671286 ], [ 5.890592838743671, 51.780497028264428 ], [ 5.890446573134496, 51.780636870982065 ], [ 5.890328987201642, 51.780750919117196 ], [ 5.890232910210613, 51.780838061981243 ], [ 5.890141144322056, 51.780925878388089 ], [ 5.889962966817804, 51.781095726355183 ], [ 5.889813118208882, 51.78123689595639 ], [ 5.889684776139969, 51.781358728687778 ], [ 5.889530611613645, 51.781506792661084 ], [ 5.889452825525344, 51.781578818643204 ], [ 5.889263535893781, 51.781761117329232 ], [ 5.889022617416898, 51.781988318807954 ], [ 5.888882798433889, 51.782119709653784 ], [ 5.888583788593841, 51.782407822525457 ], [ 5.88853036781301, 51.782460957598609 ], [ 5.888444684892952, 51.782541214223016 ], [ 5.888345370833695, 51.782636369152065 ], [ 5.888074335571432, 51.782892910160541 ], [ 5.887983591298658, 51.782980819343102 ], [ 5.887978887792383, 51.782986619072943 ], [ 5.887977930313983, 51.783028294086314 ], [ 5.887950969914774, 51.783098322196523 ], [ 5.887941715476102, 51.783122361156266 ], [ 5.887923079738353, 51.783170763202726 ], [ 5.887889329741117, 51.783258428866986 ], [ 5.887830041875897, 51.783412458184117 ], [ 5.887724738780149, 51.783678627338631 ], [ 5.887623073211842, 51.783934453016322 ], [ 5.887547740242315, 51.784121125164752 ], [ 5.887546865584211, 51.784123277161143 ], [ 5.887502915654291, 51.784232226174034 ], [ 5.887431220904281, 51.784409894163133 ], [ 5.887341877226004, 51.784648004491494 ], [ 5.88730929972063, 51.784756653227639 ], [ 5.88728530108376, 51.78485740037965 ], [ 5.887274807883389, 51.784901794638316 ], [ 5.887262348681404, 51.784954484723357 ], [ 5.887253543738819, 51.784991680939456 ], [ 5.887238980332358, 51.785072882684211 ], [ 5.887217785239317, 51.785142868035628 ], [ 5.88721097451394, 51.785239676784656 ], [ 5.887210158416687, 51.785281099496522 ], [ 5.887208905028499, 51.785345563520224 ], [ 5.887204759526103, 51.785558841698318 ], [ 5.887230690428026, 51.785757791490965 ], [ 5.887233539754988, 51.785876212445622 ], [ 5.887233589768258, 51.785878108815865 ], [ 5.887274142480491, 51.787562883927471 ], [ 5.887279546635895, 51.787843699008128 ], [ 5.887319183793449, 51.789474339638844 ], [ 5.887347853135045, 51.790664758932593 ], [ 5.887354549789853, 51.791383463221905 ], [ 5.887374215251779, 51.792041655200009 ], [ 5.887393298843071, 51.792822426340109 ], [ 5.887405797397885, 51.793281354867126 ], [ 5.887408973001469, 51.793414722268444 ], [ 5.887415928357559, 51.793707161711517 ], [ 5.887418371614139, 51.7938097914246 ], [ 5.887442782936128, 51.795373675083759 ], [ 5.887267010833456, 51.795565161600393 ], [ 5.887197858954744, 51.7956405017907 ], [ 5.886100520585466, 51.796835887199393 ], [ 5.885901955489089, 51.7970057342987 ], [ 5.885314702828566, 51.79754151115673 ], [ 5.88401886464461, 51.798724137891448 ], [ 5.883947947330005, 51.798788859142242 ], [ 5.88305163862169, 51.799606815826458 ], [ 5.881528068348925, 51.800991908935437 ], [ 5.881449647984094, 51.801063194926165 ], [ 5.881024784409651, 51.801449424182017 ], [ 5.880569940825811, 51.803354470456803 ], [ 5.880553263478403, 51.803424318543371 ], [ 5.880001205012719, 51.805736366823581 ], [ 5.879982935700832, 51.805813277484326 ], [ 5.879958803083364, 51.805914886272205 ], [ 5.879455151190146, 51.808035119455575 ], [ 5.879397499759687, 51.808277794387898 ], [ 5.88040838937218, 51.808478905625101 ], [ 5.880756161786381, 51.808548820449737 ], [ 5.881109123481975, 51.808619791014848 ], [ 5.881475572271418, 51.808693463157027 ], [ 5.881751103661322, 51.808748533814153 ], [ 5.882161768567554, 51.808830331742783 ], [ 5.88262053976451, 51.808921983193493 ], [ 5.882872357032953, 51.808969672944279 ], [ 5.88327121814948, 51.809058968369129 ], [ 5.883830903184417, 51.809171023612272 ], [ 5.884390590993093, 51.809283076180414 ], [ 5.885362750427217, 51.809466550392109 ], [ 5.887367367158899, 51.809864344832718 ], [ 5.889323896961336, 51.810252252830125 ], [ 5.88937729302707, 51.810261704857894 ], [ 5.889330296166281, 51.810299360352644 ], [ 5.88935625491031, 51.810306189252401 ], [ 5.889491989970061, 51.810341912672797 ], [ 5.889500338040539, 51.810344115063046 ], [ 5.889574813164456, 51.810362186603136 ], [ 5.88986836848066, 51.81012937547009 ], [ 5.891198363872261, 51.809074598966475 ], [ 5.891606136923923, 51.80874592425117 ], [ 5.892025026741034, 51.808408274630473 ], [ 5.892485187406237, 51.808039147627802 ], [ 5.894341403880866, 51.806550086746562 ], [ 5.894682734149159, 51.806275179148507 ], [ 5.897211874300169, 51.804238084542888 ], [ 5.897371631614209, 51.804109401924222 ], [ 5.89772632610014, 51.803822058917532 ], [ 5.898104285311631, 51.803520537417015 ], [ 5.898422983349791, 51.803266292056442 ], [ 5.899044405446708, 51.802770533252577 ], [ 5.899563145449429, 51.802355891883138 ], [ 5.900055507297854, 51.80196195627456 ], [ 5.900426662935143, 51.802034631793035 ], [ 5.902074072592971, 51.802448640418206 ], [ 5.904784621102579, 51.803113042397968 ], [ 5.906288867227703, 51.803484595637485 ], [ 5.908846386681456, 51.804116251798227 ], [ 5.910711203738416, 51.80460782650799 ], [ 5.912896380408501, 51.805018216705236 ], [ 5.913082217096309, 51.805070424939018 ], [ 5.914844736804484, 51.805418912279706 ], [ 5.915222323322915, 51.80523031406927 ], [ 5.915922539012475, 51.804884354242908 ], [ 5.916837045819705, 51.804408077433976 ], [ 5.917447153031655, 51.804113741036844 ], [ 5.918689641423572, 51.803429049860064 ], [ 5.919237925080325, 51.803126903499923 ], [ 5.919420881599691, 51.803026084713025 ], [ 5.920611139540886, 51.802360521847213 ], [ 5.920735215298334, 51.802070112602848 ], [ 5.920880995384648, 51.801763964361989 ], [ 5.921050101219453, 51.801408874935397 ], [ 5.921661695655875, 51.800101175956684 ], [ 5.920650883313278, 51.799873542095199 ], [ 5.921730145267246, 51.799826731942858 ], [ 5.923372783134928, 51.799774847516879 ], [ 5.923604526961546, 51.799767585608564 ], [ 5.924140678062221, 51.799750795194235 ], [ 5.924177292582116, 51.799789215411501 ], [ 5.924315598952565, 51.799862198292963 ], [ 5.924567309138307, 51.79998652537887 ], [ 5.924849752043749, 51.800122575923382 ], [ 5.924832991928752, 51.800188269222247 ], [ 5.925022300081464, 51.800234231543648 ], [ 5.925239857220844, 51.800278356129994 ], [ 5.925899585214697, 51.800382291220764 ], [ 5.926019171124172, 51.800392707858904 ], [ 5.926234901728352, 51.800380930174342 ], [ 5.926420773894788, 51.800369738817324 ], [ 5.926683751972278, 51.800332485201864 ], [ 5.926890958280588, 51.800335306986462 ], [ 5.927168455721509, 51.800348321382423 ], [ 5.927432722777255, 51.800370294744319 ], [ 5.927799076630591, 51.800418313193596 ], [ 5.92807397417367, 51.800456235739965 ], [ 5.928316020461918, 51.800489831133476 ], [ 5.928473967258204, 51.800511746192164 ], [ 5.92868352110323, 51.800540827533219 ], [ 5.928679675630091, 51.800548979934483 ], [ 5.928670754642313, 51.800567888108922 ], [ 5.928668416774749, 51.800574820093345 ], [ 5.928361931090262, 51.801481706137167 ], [ 5.929842384807762, 51.801823306534182 ], [ 5.929269295903564, 51.803625375988567 ], [ 5.932540101341352, 51.803514654783974 ], [ 5.938384714091739, 51.803338139177171 ], [ 5.938503619233988, 51.804572365841892 ], [ 5.938570056971599, 51.804586821714949 ], [ 5.938626683143095, 51.804599139463598 ], [ 5.938628990128096, 51.804624278607989 ], [ 5.940541212244177, 51.805077068274812 ], [ 5.941854650224083, 51.80539460493258 ], [ 5.942242546536705, 51.80547658813709 ], [ 5.942450670019936, 51.805510649381965 ], [ 5.942920385592636, 51.805550041658279 ], [ 5.943448519921726, 51.805550639006327 ], [ 5.943622287619619, 51.805538255421403 ], [ 5.943788163521319, 51.805514978939655 ], [ 5.944005553440238, 51.805484482538091 ], [ 5.944550072021995, 51.805395901598864 ], [ 5.945543084174915, 51.805205879042958 ], [ 5.945997335038999, 51.805118315218138 ], [ 5.946486574235962, 51.805024012137821 ], [ 5.94658403867361, 51.805006522962024 ], [ 5.946598873099702, 51.805004322814533 ], [ 5.946652668400379, 51.805009243622401 ], [ 5.946684181486483, 51.805019088576756 ], [ 5.946707030257905, 51.805033990477327 ], [ 5.946831282391854, 51.805236655161288 ], [ 5.947040515654866, 51.805542086626886 ], [ 5.947125539077423, 51.805644698674868 ], [ 5.947069499483947, 51.805682115946183 ], [ 5.94707598752206, 51.805691999360455 ], [ 5.94709518564294, 51.805721245486467 ], [ 5.946621232835477, 51.80585842642067 ], [ 5.948485782906043, 51.809044024599196 ], [ 5.948636272153032, 51.809301116055089 ], [ 5.950154920103308, 51.808856344432847 ], [ 5.950332930385232, 51.809221954500735 ], [ 5.950447685159713, 51.809457236397407 ], [ 5.950531441257771, 51.809615594638373 ], [ 5.95069538812742, 51.809896368423694 ], [ 5.950913359442234, 51.810224725758751 ], [ 5.951032848760224, 51.810398128628755 ], [ 5.951144549753416, 51.810560232449618 ], [ 5.951462002323607, 51.810524569799178 ], [ 5.953101836296448, 51.810376699426754 ], [ 5.953657731920909, 51.810328273199062 ], [ 5.953658731410097, 51.810328187474887 ], [ 5.954054376967861, 51.810295993527824 ], [ 5.954188672753616, 51.810289268134355 ], [ 5.95611766719001, 51.810147175171103 ], [ 5.956260598009727, 51.810116945360868 ], [ 5.956379517201087, 51.810091470001879 ], [ 5.956537325400031, 51.810044008481924 ], [ 5.956758803159024, 51.809935465885061 ], [ 5.956778422795475, 51.809827615672248 ], [ 5.956820869048986, 51.80978650256877 ], [ 5.956845608984802, 51.809762535746664 ], [ 5.957106338244046, 51.809493463777606 ], [ 5.957265835650872, 51.809340179639953 ], [ 5.957517663693091, 51.809175938715399 ] ] ] ] } },
{ "type": "Feature", "properties": { "wijkcode": "WK194509", "wijknaam": "Millingen aan de Rijn", "gemeentecode": "GM1945", "gemeentenaam": "Berg en Dal", "indelingswijzigingWijkenEnBuurten": 1, "water": "NEE", "omgevingsadressendichtheid": 642, "stedelijkheidAdressenPerKm2": 4, "bevolkingsdichtheidInwonersPerKm2": 685, "aantalInwoners": 5835, "mannen": 2900, "vrouwen": 2940, "percentagePersonen0Tot15Jaar": 13, "percentagePersonen15Tot25Jaar": 11, "percentagePersonen25Tot45Jaar": 20, "percentagePersonen45Tot65Jaar": 32, "percentagePersonen65JaarEnOuder": 25, "percentageOngehuwd": 40, "percentageGehuwd": 46, "percentageGescheid": 8, "percentageVerweduwd": 6, "geboorteTotaal": 45, "geboortesPer1000Inwoners": 8, "sterfteTotaal": 70, "sterfteRelatief": 13, "aantalHuishoudens": 2605, "percentageEenpersoonshuishoudens": 31, "percentageHuishoudensZonderKinderen": 36, "percentageHuishoudensMetKinderen": 34, "gemiddeldeHuishoudsgrootte": 2.2, "percentageMetHerkomstlandNederland": 82, "percentageMetHerkomstlandUitEuropaExclNl": 10, "percentageMetHerkomstlandBuitenEuropa": 8, "percentageGebInNlMetHerkomstlandNederland": 82, "percGebInNlMetHerkomstlandInEuropaExNl": 6, "percGebInNlMetHerkomstlandBuitenEuropa": 3, "percGebBuitenNlMetHerkomstlndInEuropaExNl": 4, "percGebBuitenNlMetHerkomstlndBuitenEuropa": 5, "aantalBedrijvenLandbouwBosbouwVisserij": 15, "aantalBedrijvenNijverheidEnergie": 100, "aantalBedrijvenHandelEnHoreca": 100, "aantalBedrijvenVervoerInformatieCommunicatie": 40, "aantalBedrijvenFinancieelOnroerendGoed": 15, "aantalBedrijvenZakelijkeDienstverlening": 90, "aantalBedrijvenOverheidOnderwijsEnZorg": 95, "aantalBedrijvenCultuurRecreatieOverige": 70, "aantalBedrijfsvestigingen": 525, "woningvoorraad": 2648, "gemiddeldeWoningwaarde": 292, "percentageEengezinswoning": 87, "percentageMeergezinswoning": 13, "percentageBewoond": -99997, "percentageKoopwoningen": 65, "percentageHuurwoningen": 35, "percHuurwoningenInBezitWoningcorporaties": 31, "percHuurwoningenInBezitOverigeVerhuurders": 4, "percentageWoningenMetEigendomOnbekend": -99997, "percentageBouwjaarklasseTot2000": -99997, "percentageBouwjaarklasseVanaf2000": -99997, "percentageLeegstandWoningen": -99997, "gemiddeldGasverbruikTotaal": -99997, "gemiddeldGasverbruikAppartement": -99997, "gemiddeldGasverbruikTussenwoning": -99997, "gemiddeldGasverbruikHoekwoning": -99997, "gemiddeldGasverbruik2Onder1KapWoning": -99997, "gemiddeldGasverbruikVrijstaandeWoning": -99997, "gemiddeldGasverbruikHuurwoning": -99997, "gemiddeldGasverbruikkoopwoning": -99997, "gemiddeldElektriciteitsverbruikTotaal": -99997, "gemiddeldElektriciteitsverbruikAppartement": -99997, "gemiddeldElektriciteitsverbruikTussenwoning": -99997, "gemiddeldElektriciteitsverbruikHoekwoning": -99997, "gemElektriciteitsverbruik2Onder1KapWoning": -99997, "gemElektriciteitsverbruikVrijstaandeWoning": -99997, "gemiddeldElektriciteitsverbruikHuurwoning": -99997, "gemiddeldElektriciteitsverbruikkoopwoning": -99997, "percentageWoningenMetStadsverwarming": -99997, "opleidingsniveauLaag": -99997, "opleidingsniveauMiddelbaar": -99997, "opleidingsniveauHoog": -99997, "nettoArbeidsparticipatie": -99997, "percentageWerknemers": -99997, "percentageZelfstandigen": -99997, "aantalInkomensontvangers": -99997, "gemiddeldInkomenPerInkomensontvanger": -99997, "gemiddeldInkomenPerInwoner": -99997, "percentagePersonenMetHoogInkomen": -99997, "percentagePersonenMetLaagInkomen": -99997, "percentageHuishoudensMetHoogInkomen": -99997, "percentageHuishoudensMetLaagInkomen": -99997, "percentageHuishoudensMetLaagsteInkomen": -99997, "percentageHuishoudensOnderOfRondSociaalMinimum": -99997, "aantalPersonenMetEenAoUitkeringTotaal": 280, "aantalPersonenMetEenWwUitkeringTotaal": 60, "aantalPersonenMetEenAlgBijstandsuitkeringTot": 140, "aantalPersonenMetEenAowUitkeringTotaal": 1280, "gemiddeldGestandaardiseerdInkomenVanHuishoudens": -99997.0, "huishoudensTot110PercentVanSociaalMinimum": -99997.0, "huishoudensTot120PercentVanSociaalMinimum": -99997.0, "mediaanVermogenVanParticuliereHuish": -99997.0, "aantalJongerenMetJeugdzorgInNatura": -99997, "percentageJongerenMetJeugdzorgInNatura": -99997.0, "aantalWmoClienten": -99997, "aantalWmoClientenPer1000Inwoners": -99997, "personenautosTotaal": 3255, "personenautosPerHuishouden": 1.3, "personenautosPerKm2": 382, "motortweewielersTotaal": 325, "aantalPersonenautosMetBrandstofBenzine": 2605, "aantalPersonenautosMetOverigeBrandstof": 650, "oppervlakteTotaalInHa": 1027, "oppervlakteLandInHa": 852, "oppervlakteWaterInHa": 176, "huisartsenpraktijkGemiddeldeAfstandInKm": 0.8, "huisartsenpraktijkGemiddeldAantalBinnen1Km": 0.7, "huisartsenpraktijkGemiddeldAantalBinnen3Km": 1.0, "huisartsenpraktijkGemiddeldAantalBinnen5Km": 1.1, "huisartsenpostGemiddeldeAfstandInKm": 20.9, "apotheekGemiddeldeAfstandInKm": 0.8, "ziekenhuisInclBuitenpolikliniekGemAfstInKm": 17.9, "ziekenhuisInclBuitenpoliGemAantalBinnen5Km": 0.0, "ziekenhuisInclBuitenpoliGemAantalBinnen10Km": 0.0, "ziekenhuisInclBuitenpoliGemAantalBinnen20Km": 1.6, "ziekenhuisExclBuitenpolikliniekGemAfstInKm": 17.9, "ziekenhuisExclBuitenpoliGemAantalBinnen5Km": 0.0, "ziekenhuisExclBuitenpoliGemAantalBinnen10Km": 0.0, "ziekenhuisExclBuitenpoliGemAantalBinnen20Km": 1.0, "groteSupermarktGemiddeldeAfstandInKm": 0.7, "groteSupermarktGemiddeldAantalBinnen1Km": 1.6, "groteSupermarktGemiddeldAantalBinnen3Km": 2.0, "groteSupermarktGemiddeldAantalBinnen5Km": 2.1, "winkelsOvDagelijkseLevensmGemAfstInKm": 0.6, "winkelsOvDagelLevensmGemAantalBinnen1Km": 2.8, "winkelsOvDagelLevensmGemAantalBinnen3Km": 4.0, "winkelsOvDagelLevensmGemAantalBinnen5Km": 4.0, "warenhuisGemiddeldeAfstandInKm": 15.4, "warenhuisGemiddeldAantalBinnen5Km": 0.0, "warenhuisGemiddeldAantalBinnen10Km": 0.0, "warenhuisGemiddeldAantalBinnen20Km": 3.0, "cafeGemiddeldeAfstandInKm": 0.7, "cafeGemiddeldAantalBinnen1Km": 1.4, "cafeGemiddeldAantalBinnen3Km": 2.0, "cafeGemiddeldAantalBinnen5Km": 2.0, "cafetariaGemiddeldeAfstandInKm": 0.6, "cafetariaGemiddeldAantalBinnen1Km": 2.2, "cafetariaGemiddeldAantalBinnen3Km": 3.0, "cafetariaGemiddeldAantalBinnen5Km": 3.1, "restaurantGemiddeldeAfstandInKm": 0.6, "restaurantGemiddeldAantalBinnen1Km": 3.6, "restaurantGemiddeldAantalBinnen3Km": 5.1, "restaurantGemiddeldAantalBinnen5Km": 6.0, "hotelGemiddeldeAfstandInKm": 0.8, "hotelGemiddeldAantalBinnen5Km": 1.0, "hotelGemiddeldAantalBinnen10Km": 2.0, "hotelGemiddeldAantalBinnen20Km": 30.0, "kinderdagverblijfGemiddeldeAfstandInKm": 1.1, "kinderdagverblijfGemiddeldAantalBinnen1Km": 0.4, "kinderdagverblijfGemiddeldAantalBinnen3Km": 1.0, "kinderdagverblijfGemiddeldAantalBinnen5Km": 1.0, "buitenschoolseOpvangGemAfstandInKm": 1.1, "buitenschoolseOpvangGemiddeldAantalBinnen1Km": 0.4, "buitenschoolseOpvangGemiddeldAantalBinnen3Km": 1.2, "buitenschoolseOpvangGemiddeldAantalBinnen5Km": 2.0, "basisonderwijsGemiddeldeAfstandInKm": 0.8, "basisonderwijsGemiddeldAantalBinnen1Km": 0.8, "basisonderwijsGemiddeldAantalBinnen3Km": 1.2, "basisonderwijsGemiddeldAantalBinnen5Km": 2.0, "voortgezetOnderwijsGemAfstandInKm": 13.9, "voortgezetOnderwijsGemiddeldAantalBinnen3Km": 0.0, "voortgezetOnderwijsGemiddeldAantalBinnen5Km": 0.0, "voortgezetOnderwijsGemiddeldAantalBinnen10Km": 0.0, "vmboGemiddeldeAfstandInKm": 14.8, "vmboGemiddeldAantalBinnen3Km": 0.0, "vmboGemiddeldAantalBinnen5Km": 0.0, "vmboGemiddeldAantalBinnen10Km": 0.0, "havoVwoGemiddeldeAfstandInKm": 13.9, "havoVwoGemiddeldAantalBinnen3Km": 0.0, "havoVwoGemiddeldAantalBinnen5Km": 0.0, "havoVwoGemiddeldAantalBinnen10Km": 0.0, "brandweerkazerneGemiddeldeAfstandInKm": 0.9, "opritHoofdverkeerswegGemiddeldeAfstandInKm": 1.7, "treinstationGemiddeldeAfstandInKm": 16.7, "overstapstationGemiddeldeAfstandInKm": 16.7, "zwembadGemiddeldeAfstandInKm": 15.0, "kunstijsbaanGemiddeldeAfstandInKm": 21.9, "bibliotheekGemiddeldeAfstandInKm": 0.7, "poppodiumGemiddeldeAfstandInKm": 15.4, "bioscoopGemiddeldeAfstandInKm": 15.6, "bioscoopGemiddeldAantalBinnen5Km": 0.0, "bioscoopGemiddeldAantalBinnen10Km": 0.0, "bioscoopGemiddeldAantalBinnen20Km": 2.4, "saunaGemiddeldeAfstandInKm": 17.1, "zonnebankGemiddeldeAfstandInKm": 15.4, "attractieparkGemiddeldeAfstandInKm": 13.6, "attractieparkGemiddeldAantalBinnen10Km": 0.0, "attractieparkGemiddeldAantalBinnen20Km": 2.0, "attractieparkGemiddeldAantalBinnen50Km": 18.8, "theaterGemiddeldeAfstandInKm": 15.4, "theaterGemiddeldAantalBinnen5Km": 0.0, "theaterGemiddeldAantalBinnen10Km": 0.0, "theaterGemiddeldAantalBinnen20Km": 8.0, "gemiddeldeAfstandTotMuseum": 14.5, "gemiddeldAantalMuseaBinnen5Km": 0.0, "gemiddeldAantalMuseaBinnen10Km": 0.0, "gemiddeldAantalMuseaBinnen20Km": 8.0, "afstandTotOpenbaarGroenTotaal": -99997.0, "afstandTotParkOfPlantsoen": -99997.0, "afstandTotDagrcreatiefTerrein": -99997.0, "afstandTotBos": -99997.0, "afstandTotOpenNatuurTerreinTotaal": -99997.0, "afstandTotOpenDroogNatuurTerrein": -99997.0, "afstandTotOpenNatNatuurlijkTerrein": -99997.0, "afstandTotSemiopenbaarGroenTotaal": -99997.0, "afstandTotSportterrein": -99997.0, "afstandTotVolkstuin": -99997.0, "afstandTotVerblijfsrecreatiefTerrein": -99997.0, "afstandTotRecreatiefBinnenwater": -99997.0, "afstandTotBegraafplaats": -99997.0, "jrstatcode": "2024WK194509", "jaar": 2024, "aantalNieuwbouwWoningen": 28.0, "aantalNietWoningvoorraad": 121, "aantalNieuwbouwNietWoningen": 0, "percEengezinswoningTussenwoning": 24.0, "percEengezinswoningHoekwoning": 19.0, "percEengezinswoning2Onder1Kap": 18.0, "percEengezinswoningVrijstaand": 26.0, "percBouwjaarMeerDan10JaarGeleden": 99.0, "percBouwjaarAfgelopen10Jaar": 1.0, "percentageOnbewoond": 2, "gemiddeldAardgasverbruik": 910, "percentageAardgaswoningen": 91.0, "percentageAardgasvrijeWoningen": 2.0, "gemiddeldeElektriciteitslevering": 2750.0, "gemiddeldeElektriciteitsteruglevering": 1220.0, "percentageWoningenMetZonnestroom": 63.0, "aantalLeerlingenPrimairOnderwijs": 390, "aantalLeerlingenVoortgezetOnderwijs": 250, "aantalStudentenMbo": 180, "aantalStudentenHbo": 130, "aantalStudentenWo": 30 }, "geometry": { "type": "MultiPolygon", "coordinates": [ [ [ [ 6.047607261742754, 51.870650302575967 ], [ 6.048174592133774, 51.870529683263534 ], [ 6.048816292749886, 51.870393235706011 ], [ 6.04909638706477, 51.870333689642095 ], [ 6.049878376487487, 51.870171510955345 ], [ 6.050550273656384, 51.870032411570357 ], [ 6.05115284219354, 51.869909718054608 ], [ 6.051858148481211, 51.869766098701561 ], [ 6.052794804925182, 51.869572724292603 ], [ 6.053799436749475, 51.869335262983334 ], [ 6.054414066419186, 51.869107018544085 ], [ 6.058114118360497, 51.867732875219474 ], [ 6.059928480510887, 51.866966328113904 ], [ 6.060912845158394, 51.866551100529485 ], [ 6.063485553200237, 51.865451224201166 ], [ 6.062641528452539, 51.863774121517068 ], [ 6.062254901319048, 51.863004468632219 ], [ 6.061954480683955, 51.862366550061743 ], [ 6.061914173317237, 51.862280958719012 ], [ 6.061837316256306, 51.862066006943557 ], [ 6.061770690940339, 51.861764598019377 ], [ 6.061770010824253, 51.86176474574507 ], [ 6.061640726034049, 51.861180322589583 ], [ 6.060665804874242, 51.86127053850057 ], [ 6.060434454791824, 51.861291946072456 ], [ 6.060394679399852, 51.861131026804422 ], [ 6.060357360659927, 51.860980007844383 ], [ 6.060167897808128, 51.860213360974917 ], [ 6.060160990520948, 51.860185401124006 ], [ 6.060147724890452, 51.860125415432265 ], [ 6.059969297444881, 51.859318642784622 ], [ 6.059803669416175, 51.858567489767495 ], [ 6.059794699654822, 51.85852679588983 ], [ 6.059602361006774, 51.857654737259097 ], [ 6.059596120003167, 51.857627600502532 ], [ 6.058872639083138, 51.857603176920016 ], [ 6.057429464317292, 51.857592064813836 ], [ 6.056837472227671, 51.857560693681073 ], [ 6.055394485428226, 51.857460415679952 ], [ 6.054752956312845, 51.8574263587887 ], [ 6.05475128561762, 51.857426269415825 ], [ 6.054355158952853, 51.857405232150441 ], [ 6.054007048346018, 51.857364325672357 ], [ 6.053162444868777, 51.857165807854471 ], [ 6.052438366411748, 51.857014752823652 ], [ 6.05142358159204, 51.856661225988752 ], [ 6.051425008929735, 51.85665958198917 ], [ 6.05165125920317, 51.856446476454785 ], [ 6.051946924391738, 51.856166686550296 ], [ 6.052587495896532, 51.855554116230607 ], [ 6.053119025700762, 51.854995589161376 ], [ 6.053427462250469, 51.854659049895631 ], [ 6.054698231442548, 51.853255973828375 ], [ 6.055364864395188, 51.852555331172283 ], [ 6.055304602921953, 51.852354123005732 ], [ 6.053221765761504, 51.851586793625621 ], [ 6.052849888627924, 51.851392161010232 ], [ 6.052667632229115, 51.851306733270221 ], [ 6.052485069622005, 51.851221163167097 ], [ 6.052358075470935, 51.851175375978123 ], [ 6.051870267100068, 51.851015203332672 ], [ 6.050289289000453, 51.850494574242084 ], [ 6.049386764693803, 51.850142400313565 ], [ 6.049101424438541, 51.850022187519265 ], [ 6.048696911206229, 51.849827797792663 ], [ 6.04830914970254, 51.849630400017794 ], [ 6.048089399153692, 51.84952178809894 ], [ 6.047717190473497, 51.849354295725732 ], [ 6.046706342044386, 51.848909355411827 ], [ 6.046445658891648, 51.848806857969734 ], [ 6.046319595571592, 51.848759324259056 ], [ 6.045662164650462, 51.84852016090295 ], [ 6.045445047770586, 51.848447924086443 ], [ 6.044586020861468, 51.84812021508229 ], [ 6.044087250067987, 51.8479236858701 ], [ 6.043357138029343, 51.847644063324672 ], [ 6.042418094615124, 51.847192150121884 ], [ 6.042351479716938, 51.847264916101267 ], [ 6.041863374818028, 51.847087940039359 ], [ 6.041765259680979, 51.847046474650874 ], [ 6.041683528908095, 51.847011937897932 ], [ 6.040855395445422, 51.846459242858352 ], [ 6.040631178951537, 51.846309591059267 ], [ 6.040577072565052, 51.846269371748562 ], [ 6.040541260716098, 51.846242740186597 ], [ 6.040531548607517, 51.84623552248658 ], [ 6.039908405315193, 51.845832130439533 ], [ 6.038060239736365, 51.844635650093814 ], [ 6.03783842885149, 51.844505574776917 ], [ 6.037697426694139, 51.844435067947977 ], [ 6.037577059956766, 51.844377542963599 ], [ 6.037229921108433, 51.844227010856287 ], [ 6.037052669941993, 51.844149468223776 ], [ 6.036957481925783, 51.844108962390571 ], [ 6.036927294907616, 51.844081660400867 ], [ 6.036835321814212, 51.844014521462604 ], [ 6.036680699246747, 51.843881860827388 ], [ 6.036558725709358, 51.843768075140844 ], [ 6.036390461416203, 51.843598016188082 ], [ 6.03623910164707, 51.843423728753244 ], [ 6.035999029247129, 51.843092065051529 ], [ 6.035835524993311, 51.842875364173629 ], [ 6.035670506364023, 51.842638042627115 ], [ 6.035586393828941, 51.842657913754685 ], [ 6.03453813107081, 51.842931614725352 ], [ 6.034027533061392, 51.843115855809202 ], [ 6.033971165922888, 51.843145882748694 ], [ 6.033671254667607, 51.843305608556655 ], [ 6.033504204924683, 51.843407308702254 ], [ 6.03341631315098, 51.843353106167378 ], [ 6.033182849131451, 51.843121497283633 ], [ 6.033040900480859, 51.842920457863372 ], [ 6.032682246410689, 51.842351521130077 ], [ 6.0321906767526, 51.842703241741638 ], [ 6.031712372244233, 51.843045467360454 ], [ 6.030666005850126, 51.84386635712977 ], [ 6.029214262556592, 51.845035228462329 ], [ 6.029176660207005, 51.845089087002968 ], [ 6.029172593716746, 51.845094978790954 ], [ 6.02915309997671, 51.845123210694169 ], [ 6.028366462772278, 51.844867426522342 ], [ 6.027967525718925, 51.844736080071812 ], [ 6.027207928760383, 51.844471475538924 ], [ 6.02630098026162, 51.844155328177223 ], [ 6.025835375438549, 51.843991385434919 ], [ 6.025314570861135, 51.843801835935707 ], [ 6.023684064578541, 51.843168420730912 ], [ 6.02366181217066, 51.843159777555705 ], [ 6.023588401115226, 51.843131259423551 ], [ 6.022712625035108, 51.842809441388219 ], [ 6.02234976196886, 51.842637449955987 ], [ 6.021378908861793, 51.84217017106613 ], [ 6.020788858713694, 51.841892330437801 ], [ 6.020280585698918, 51.84166400422783 ], [ 6.020184054090683, 51.841638979424623 ], [ 6.020071645003593, 51.841630300508385 ], [ 6.019857426729195, 51.841623743408192 ], [ 6.019280055614399, 51.841629758049073 ], [ 6.018830207397069, 51.84165020231265 ], [ 6.018496881985467, 51.84166848999849 ], [ 6.018308078500282, 51.841668552754491 ], [ 6.018170199668768, 51.841644126179538 ], [ 6.01801419935959, 51.841610574578219 ], [ 6.017838962086218, 51.841559733258677 ], [ 6.017624510086761, 51.841469067239643 ], [ 6.017610511082579, 51.841463147064793 ], [ 6.017477173547073, 51.841386768280863 ], [ 6.017313142711538, 51.841274923447166 ], [ 6.01723025261686, 51.841194839855383 ], [ 6.01715339852194, 51.841099137612289 ], [ 6.016964299288596, 51.840760411393639 ], [ 6.016757740617202, 51.840361069693223 ], [ 6.016672998048367, 51.840147245631115 ], [ 6.016603720420296, 51.839911325533201 ], [ 6.016451133088725, 51.839262773114015 ], [ 6.016362270669592, 51.838934537324683 ], [ 6.016260729263387, 51.838664579460477 ], [ 6.016158199535723, 51.838449475103893 ], [ 6.016043333579961, 51.838242418624013 ], [ 6.015942984449479, 51.838124109376565 ], [ 6.015828977068299, 51.838027275019428 ], [ 6.015698292793994, 51.837937325241725 ], [ 6.015572014917197, 51.837868843413503 ], [ 6.015100469959656, 51.837653295724628 ], [ 6.014834447823442, 51.837529499042255 ], [ 6.014815377082778, 51.837539560390454 ], [ 6.014800217881723, 51.83754710199014 ], [ 6.014769865275457, 51.837529538851456 ], [ 6.014745159147586, 51.837515253304424 ], [ 6.014713308409966, 51.837496385830917 ], [ 6.014661417471193, 51.837510785274546 ], [ 6.014573505756085, 51.837522464090071 ], [ 6.014478330446503, 51.837521022391613 ], [ 6.01434720102541, 51.837506119133963 ], [ 6.014267624407498, 51.837495344647891 ], [ 6.014063558826042, 51.837467204136225 ], [ 6.013864097004714, 51.837439344295859 ], [ 6.013369162867809, 51.837370041893635 ], [ 6.013161153069372, 51.837340950098032 ], [ 6.012886565440623, 51.837319673479477 ], [ 6.012165016600179, 51.83726360086446 ], [ 6.011812781001687, 51.837236551129692 ], [ 6.011461331903799, 51.837209684915074 ], [ 6.011295215514782, 51.83719643850884 ], [ 6.011217363341395, 51.837195881786428 ], [ 6.011165588888391, 51.837204920073987 ], [ 6.011124843879192, 51.837215366628598 ], [ 6.011108480451798, 51.837220855769225 ], [ 6.011061874174159, 51.837236483021499 ], [ 6.010943033573251, 51.837286318259409 ], [ 6.010719910795062, 51.837382225695642 ], [ 6.010400096804796, 51.837519229686137 ], [ 6.010253136828415, 51.837582849224674 ], [ 6.010095909454455, 51.837646900601349 ], [ 6.00997022803711, 51.837698505952169 ], [ 6.00996610164608, 51.837700199727138 ], [ 6.009951646904235, 51.837714676137566 ], [ 6.009943605166472, 51.837722727635715 ], [ 6.009931795267756, 51.837750088611017 ], [ 6.009957136589771, 51.837789422051792 ], [ 6.010032193957371, 51.837883782128642 ], [ 6.010079429733283, 51.837941912187077 ], [ 6.010190521981058, 51.838073319638731 ], [ 6.010278726508346, 51.838162341553968 ], [ 6.01065165385464, 51.838511760056129 ], [ 6.011073796351264, 51.838908681011347 ], [ 6.011094454329728, 51.838928247166358 ], [ 6.011132638412381, 51.83896440292299 ], [ 6.011349217489655, 51.839169511943538 ], [ 6.011514609120803, 51.839329851171314 ], [ 6.01188059947865, 51.839719643414256 ], [ 6.011959058197524, 51.839803340786901 ], [ 6.012100441668801, 51.839952346581711 ], [ 6.012186445987129, 51.840047491016982 ], [ 6.012264079499162, 51.840129152175621 ], [ 6.012303620387303, 51.840174055196194 ], [ 6.012443774212885, 51.840331525376882 ], [ 6.01250064805266, 51.840394681654487 ], [ 6.012600589798624, 51.840510065693671 ], [ 6.012734455006926, 51.840666993774789 ], [ 6.012816393883771, 51.840763858261724 ], [ 6.012868867976676, 51.84081419314731 ], [ 6.01292979046668, 51.840873094013347 ], [ 6.013050269234328, 51.84099174786342 ], [ 6.013071027599803, 51.841011097411169 ], [ 6.013172103584229, 51.841108704507661 ], [ 6.013237142277917, 51.841169282098178 ], [ 6.013342348942792, 51.84126543782908 ], [ 6.013507007435561, 51.841416861510822 ], [ 6.01361899679848, 51.841514409977755 ], [ 6.013762173800152, 51.841635099190768 ], [ 6.013788414813185, 51.84165526426429 ], [ 6.013867061937544, 51.84171238015233 ], [ 6.013889078974597, 51.841724109513521 ], [ 6.01398277055732, 51.841781989906089 ], [ 6.014114987949689, 51.84187727260197 ], [ 6.014070147420725, 51.841898051033382 ], [ 6.013975938832787, 51.841941699398056 ], [ 6.013961362042886, 51.841948455762662 ], [ 6.013731016087493, 51.842055193671989 ], [ 6.013544780727607, 51.842137750139706 ], [ 6.013383646909269, 51.842204487310674 ], [ 6.012447044277983, 51.842592187705975 ], [ 6.01201904690522, 51.842770139925022 ], [ 6.011190242256364, 51.843121203025156 ], [ 6.010679108973608, 51.843337694878365 ], [ 6.010640473372412, 51.843354061585458 ], [ 6.01032080588659, 51.842944811048348 ], [ 6.010284867364247, 51.842958916176521 ], [ 6.010236169962573, 51.84297803274611 ], [ 6.010232273027594, 51.84297956351498 ], [ 6.010134430381863, 51.843017951772531 ], [ 6.009243631068157, 51.843351433876371 ], [ 6.009017178844217, 51.84343355807858 ], [ 6.008427270060326, 51.84364749122242 ], [ 6.007987030669067, 51.843805536113159 ], [ 6.007985410469288, 51.843806118154362 ], [ 6.007983807893237, 51.843806715382982 ], [ 6.007975854195829, 51.843809678740989 ], [ 6.007595820783566, 51.843953042623916 ], [ 6.007047543317935, 51.844152951229297 ], [ 6.007060775037288, 51.844167478769336 ], [ 6.007095519100455, 51.844205604509213 ], [ 6.007103357940936, 51.844214210101228 ], [ 6.007181230584679, 51.844299684460765 ], [ 6.007510575763343, 51.844677522165661 ], [ 6.008169066275999, 51.845417501835605 ], [ 6.008961058408903, 51.846288345203405 ], [ 6.008963758111849, 51.846291313305805 ], [ 6.00896383475126, 51.846291398291129 ], [ 6.008963909927023, 51.846291482385354 ], [ 6.008968382493334, 51.846296405096183 ], [ 6.008970312926388, 51.846298525158268 ], [ 6.008970948056643, 51.846299222901223 ], [ 6.008971581723272, 51.846299919753086 ], [ 6.009003250205516, 51.846334735456409 ], [ 6.009003292079572, 51.846337872243367 ], [ 6.009002802458762, 51.846338042923691 ], [ 6.008533325593032, 51.846501824729145 ], [ 6.008534193762062, 51.846502898760335 ], [ 6.008554737151481, 51.846528289649825 ], [ 6.008566596066661, 51.846542948330729 ], [ 6.00856668464988, 51.846543057522176 ], [ 6.008566770306069, 51.846543164931447 ], [ 6.008573901495189, 51.846551971920448 ], [ 6.008631247049758, 51.846622839723487 ], [ 6.009836565072714, 51.847923496145178 ], [ 6.010095766180598, 51.848203183178427 ], [ 6.010103359138613, 51.848208401187385 ], [ 6.011270514360701, 51.849010088147367 ], [ 6.011271880804399, 51.849010768506297 ], [ 6.011299867104234, 51.849024686786642 ], [ 6.01130017255732, 51.849024839765661 ], [ 6.011300476546461, 51.849024991853604 ], [ 6.011422941877647, 51.849086566573853 ], [ 6.011577439311224, 51.84911489464492 ], [ 6.013660578338583, 51.849235727832053 ], [ 6.014276208526918, 51.849286326539442 ], [ 6.014316239307567, 51.8492896181859 ], [ 6.01435990955546, 51.849298912708605 ], [ 6.015137315035439, 51.84946431614862 ], [ 6.015625412282693, 51.849560209314845 ], [ 6.015944087031287, 51.849620334870316 ], [ 6.016161213300784, 51.849650559542773 ], [ 6.016166622919891, 51.849651312557228 ], [ 6.01632494159382, 51.849673348887713 ], [ 6.017273969097817, 51.849787760796538 ], [ 6.017748108089659, 51.849861599235943 ], [ 6.018288879340298, 51.849947706426271 ], [ 6.01865030492203, 51.850014129457435 ], [ 6.018986077988162, 51.850095520608257 ], [ 6.019295711735577, 51.850190273767737 ], [ 6.019834408291582, 51.850367852698156 ], [ 6.0204019258459, 51.850572715776096 ], [ 6.020417828292403, 51.850578454571014 ], [ 6.020416720698176, 51.850592680460799 ], [ 6.020447955775502, 51.850616475456789 ], [ 6.020826605941908, 51.850834633764563 ], [ 6.022164590094777, 51.851605480158469 ], [ 6.022346669211596, 51.851721481169037 ], [ 6.022506580318928, 51.851835040153823 ], [ 6.022621322952006, 51.851947549115984 ], [ 6.022928765954478, 51.852274200669477 ], [ 6.023093806280798, 51.852449554445421 ], [ 6.023757444511488, 51.853241957625343 ], [ 6.024086407937432, 51.853634726192652 ], [ 6.024264507681131, 51.85383577768598 ], [ 6.02477194213271, 51.854313452275449 ], [ 6.025029037566697, 51.854563510597266 ], [ 6.025242798918938, 51.854798631231219 ], [ 6.025442683446423, 51.855030519143973 ], [ 6.026392591549683, 51.856132507688841 ], [ 6.026406132943705, 51.856148730215899 ], [ 6.026528420003995, 51.856295269945051 ], [ 6.026650808936849, 51.856401926725532 ], [ 6.026679701780047, 51.856423818269384 ], [ 6.026821510241188, 51.856531249951132 ], [ 6.027071237567428, 51.856696312140649 ], [ 6.027270229962237, 51.856818280646543 ], [ 6.027287846318345, 51.856829078723003 ], [ 6.027863087820309, 51.857123794486029 ], [ 6.02786899538166, 51.857126818353883 ], [ 6.027948236313105, 51.857167418619014 ], [ 6.027932599031439, 51.857174317312797 ], [ 6.027984453344757, 51.857190815895493 ], [ 6.028024350344642, 51.857203514653698 ], [ 6.028011122533595, 51.857211316138184 ], [ 6.027989817275791, 51.85722386363674 ], [ 6.027976814158943, 51.857227260392321 ], [ 6.027955539976793, 51.857232815509512 ], [ 6.027902935213024, 51.857253335924618 ], [ 6.027112973443658, 51.857582644796331 ], [ 6.026665638934867, 51.857756251916278 ], [ 6.026219928101614, 51.857942216739488 ], [ 6.026109401814567, 51.85799651608054 ], [ 6.026006083284465, 51.858047279538795 ], [ 6.025930696580127, 51.858073666735848 ], [ 6.02582907368389, 51.858108915537635 ], [ 6.025670324600233, 51.858167431785766 ], [ 6.025447286665268, 51.858248822742297 ], [ 6.02512643588476, 51.858356855773486 ], [ 6.024900250227499, 51.858427279664248 ], [ 6.025949030124498, 51.859639482439121 ], [ 6.026448579465029, 51.860214323054031 ], [ 6.026549695025547, 51.860329032676091 ], [ 6.02568357465704, 51.860749728554765 ], [ 6.026318746313217, 51.861341314667385 ], [ 6.026314344990913, 51.861343181285747 ], [ 6.026264818532971, 51.861364133603246 ], [ 6.025448349161246, 51.861709700570735 ], [ 6.024341419536763, 51.862158373444792 ], [ 6.023802052830954, 51.862356189632557 ], [ 6.02302468917676, 51.862641286181713 ], [ 6.023014578052018, 51.862654068743254 ], [ 6.023012135488207, 51.862662036845236 ], [ 6.023132196105076, 51.862793455348253 ], [ 6.023142512478469, 51.86279499043475 ], [ 6.023354337525268, 51.862725736400485 ], [ 6.023799436149743, 51.862578526790095 ], [ 6.023822545392156, 51.862578401464859 ], [ 6.023843205682827, 51.862584653315139 ], [ 6.024348731085774, 51.86311050959533 ], [ 6.0246079224776, 51.863387271358704 ], [ 6.024618064248988, 51.863398092443035 ], [ 6.025066331813413, 51.863876743032144 ], [ 6.025076828917597, 51.863891004763154 ], [ 6.025074370683988, 51.863898972993077 ], [ 6.025066760425087, 51.863906978206472 ], [ 6.025013824173965, 51.863936505610077 ], [ 6.02495144872946, 51.863969769578709 ], [ 6.02495165937985, 51.863984734380267 ], [ 6.024966415158175, 51.864002613349768 ], [ 6.025249174243985, 51.86425242380686 ], [ 6.025923901099534, 51.864848533931408 ], [ 6.0258636410786, 51.864871512949485 ], [ 6.025110393897955, 51.865158819931395 ], [ 6.023808115384398, 51.865713418061134 ], [ 6.023547555250881, 51.865827079807282 ], [ 6.023494077992458, 51.865850407337497 ], [ 6.0234566899419, 51.865866708479977 ], [ 6.023427426093225, 51.865879478022215 ], [ 6.023424063899834, 51.865880943400946 ], [ 6.023391957175026, 51.865894941795965 ], [ 6.023354042695532, 51.865869907404409 ], [ 6.023339472348713, 51.86587571925913 ], [ 6.02329895056325, 51.865891884526846 ], [ 6.023298351401807, 51.86589212327349 ], [ 6.023297753679891, 51.865892361113467 ], [ 6.023250236962712, 51.865911322853123 ], [ 6.023209737128274, 51.865938597821831 ], [ 6.023156726416148, 51.865974307995813 ], [ 6.023152966952963, 51.865976840662285 ], [ 6.02313285077968, 51.865990391116704 ], [ 6.023132061218239, 51.86599092392067 ], [ 6.023131271605806, 51.865991453129659 ], [ 6.022840994251625, 51.866186971217665 ], [ 6.022644058395596, 51.866319620790648 ], [ 6.022618285381058, 51.866336982359968 ], [ 6.022473600301326, 51.866427309356382 ], [ 6.022438978316319, 51.866448927210712 ], [ 6.022311600920172, 51.866528462174131 ], [ 6.022200448828762, 51.866597852842709 ], [ 6.022162139774588, 51.866624072920949 ], [ 6.021958946503911, 51.866763199958612 ], [ 6.021637300134937, 51.866983414376499 ], [ 6.020639495524161, 51.86749220624872 ], [ 6.018837637860912, 51.868416301687596 ], [ 6.018540118837734, 51.868540847392175 ], [ 6.018009095651883, 51.868763130288613 ], [ 6.017431614823503, 51.868983116407271 ], [ 6.015406978121285, 51.869819808147405 ], [ 6.014885254871875, 51.870035402448508 ], [ 6.014611374628371, 51.870128153164082 ], [ 6.014370860435018, 51.87018128417521 ], [ 6.013269177548957, 51.870376615802535 ], [ 6.013000921602283, 51.870424175219746 ], [ 6.012425715519907, 51.870524837474946 ], [ 6.01220996720963, 51.870572645758926 ], [ 6.011684691057519, 51.870680355217438 ], [ 6.01157264075071, 51.870693320311325 ], [ 6.011458388359331, 51.870706547787378 ], [ 6.010859742527519, 51.870738321970293 ], [ 6.010278437226368, 51.870743116353708 ], [ 6.010260579071756, 51.870743265060945 ], [ 6.010142758465341, 51.870731638009914 ], [ 6.010108357418152, 51.870728243101631 ], [ 6.010107594028129, 51.870728166255184 ], [ 6.010106830662999, 51.870728091206267 ], [ 6.009590923257015, 51.870677182872363 ], [ 6.009544141208779, 51.870672566276355 ], [ 6.009508351658383, 51.870669034736444 ], [ 6.00895725668864, 51.870614654498169 ], [ 6.007292638752809, 51.87046452321664 ], [ 6.006704194387336, 51.870411442470619 ], [ 6.006208462896033, 51.870366723685784 ], [ 6.005493957136148, 51.87029686373176 ], [ 6.004942373898632, 51.87024408339375 ], [ 6.004201241941569, 51.870173169200712 ], [ 6.003632863416716, 51.870128983130051 ], [ 6.00349513691681, 51.87011827279413 ], [ 6.003440671376209, 51.870114037466969 ], [ 6.003412573791429, 51.870111856919266 ], [ 6.003366291832585, 51.870108252743343 ], [ 6.00327733779838, 51.870097447957335 ], [ 6.00294739669021, 51.870057373247278 ], [ 6.002896432999555, 51.870051186766986 ], [ 6.002832248349051, 51.870043388738601 ], [ 6.002436131063615, 51.869995282283682 ], [ 6.001751738290735, 51.869909520845574 ], [ 6.000573936620322, 51.869761922542573 ], [ 6.0002794818198, 51.869726742451675 ], [ 5.998942384335764, 51.869566998117577 ], [ 5.998831081166932, 51.869553699751229 ], [ 5.997793752726439, 51.869429754543404 ], [ 5.997557055087871, 51.869401476030667 ], [ 5.997033793891383, 51.869338120622906 ], [ 5.996276072594322, 51.869246362323402 ], [ 5.996208493432761, 51.869237553600939 ], [ 5.995121717427188, 51.869095873269593 ], [ 5.995015287491682, 51.869081997758585 ], [ 5.994628448568653, 51.869031560862879 ], [ 5.993274731101202, 51.868866984314977 ], [ 5.992804115667629, 51.868805702282202 ], [ 5.992609906266473, 51.868780412524579 ], [ 5.992285618374589, 51.868738184440588 ], [ 5.992279282207395, 51.868750729127171 ], [ 5.991717703210128, 51.868678675892426 ], [ 5.990589285384351, 51.868533887312253 ], [ 5.990367419250815, 51.868505419232676 ], [ 5.9897464604279, 51.86842575175794 ], [ 5.98935071368152, 51.868374983691851 ], [ 5.989218061527403, 51.868354361212333 ], [ 5.989091070554379, 51.868332532061892 ], [ 5.987352514313375, 51.868038879044519 ], [ 5.986887264295248, 51.867957294778762 ], [ 5.985752838422581, 51.867757678505512 ], [ 5.986097544037911, 51.868227637276817 ], [ 5.986474919217087, 51.86869269221792 ], [ 5.986815789545767, 51.869113457193926 ], [ 5.987156468610728, 51.869519400084947 ], [ 5.987473211641874, 51.869925464378163 ], [ 5.98778936657071, 51.870287046631056 ], [ 5.988251983914084, 51.87085543223855 ], [ 5.988385968592817, 51.87102523149381 ], [ 5.98879990748807, 51.871534566929135 ], [ 5.989225636221255, 51.872029009390694 ], [ 5.989567833147244, 51.872428987108066 ], [ 5.989793743015881, 51.872651686914757 ], [ 5.989952128622262, 51.872783121975125 ], [ 5.990422092732121, 51.87317312009435 ], [ 5.9909355574024, 51.873592392981863 ], [ 5.991196615471149, 51.873810289255957 ], [ 5.9916287603399, 51.874153997488435 ], [ 5.992040521429802, 51.874473800813639 ], [ 5.992436701215389, 51.874787813521664 ], [ 5.992614748346168, 51.874926667044875 ], [ 5.99361439869077, 51.875669667597442 ], [ 5.994442122036152, 51.876240448096269 ], [ 5.99502196480683, 51.876647611898726 ], [ 5.99571358803321, 51.877078732243433 ], [ 5.996459483879357, 51.877535777454241 ], [ 5.996933862055867, 51.877833225899444 ], [ 5.997188965092775, 51.877986062970272 ], [ 5.999715028032657, 51.87933664183327 ], [ 6.001958650907354, 51.880256549610458 ], [ 6.002050708493883, 51.880282577440809 ], [ 6.004009530830063, 51.880836384920173 ], [ 6.004619748734498, 51.880988912973919 ], [ 6.004791763566896, 51.881031908298858 ], [ 6.006058303262779, 51.88125814149987 ], [ 6.007827896452018, 51.881488813203305 ], [ 6.009287310211886, 51.881603415262063 ], [ 6.012190493601041, 51.881671996392434 ], [ 6.014592415916642, 51.881423939571526 ], [ 6.016915678678639, 51.880985968200861 ], [ 6.019471203804406, 51.880212308833741 ], [ 6.020680337728087, 51.879772256753988 ], [ 6.021932137411128, 51.879294506249053 ], [ 6.023882689580565, 51.878402197194724 ], [ 6.027545173841787, 51.876368415444489 ], [ 6.02816755111692, 51.876049997951768 ], [ 6.029166589027926, 51.875538871205073 ], [ 6.031112332370569, 51.87463727149909 ], [ 6.031420658120201, 51.874503376558529 ], [ 6.032359751877138, 51.874107622595083 ], [ 6.03545587304824, 51.873048848341554 ], [ 6.035577448519762, 51.873007270996276 ], [ 6.037331562719445, 51.872533284965186 ], [ 6.040811795637295, 51.871562945213142 ], [ 6.041679964617871, 51.871476061167556 ], [ 6.042266448810138, 51.871411560219606 ], [ 6.04314617205387, 51.871314812298266 ], [ 6.04342020310345, 51.871284670350768 ], [ 6.043462155233136, 51.871279815734319 ], [ 6.043465663321325, 51.871279409616633 ], [ 6.043585445939679, 51.871265562761387 ], [ 6.044091205216652, 51.871207094855365 ], [ 6.044596963170108, 51.871148624772971 ], [ 6.045469892926373, 51.871037821349937 ], [ 6.046260528234865, 51.870917963518927 ], [ 6.046276165345937, 51.870914882544618 ], [ 6.046284693442058, 51.870913207739356 ], [ 6.047441967830953, 51.870685451730068 ], [ 6.047607261742754, 51.870650302575967 ] ] ] ] } },
{ "type": "Feature", "properties": { "wijkcode": "WK194500", "wijknaam": "Beek", "gemeentecode": "GM1945", "gemeentenaam": "Berg en Dal", "indelingswijzigingWijkenEnBuurten": 1, "water": "NEE", "omgevingsadressendichtheid": 630, "stedelijkheidAdressenPerKm2": 4, "bevolkingsdichtheidInwonersPerKm2": 873, "aantalInwoners": 3615, "mannen": 1790, "vrouwen": 1830, "percentagePersonen0Tot15Jaar": 13, "percentagePersonen15Tot25Jaar": 11, "percentagePersonen25Tot45Jaar": 18, "percentagePersonen45Tot65Jaar": 28, "percentagePersonen65JaarEnOuder": 30, "percentageOngehuwd": 46, "percentageGehuwd": 37, "percentageGescheid": 9, "percentageVerweduwd": 8, "geboorteTotaal": 35, "geboortesPer1000Inwoners": 10, "sterfteTotaal": 80, "sterfteRelatief": 22, "aantalHuishoudens": 1715, "percentageEenpersoonshuishoudens": 41, "percentageHuishoudensZonderKinderen": 31, "percentageHuishoudensMetKinderen": 28, "gemiddeldeHuishoudsgrootte": 2.0, "percentageMetHerkomstlandNederland": 81, "percentageMetHerkomstlandUitEuropaExclNl": 11, "percentageMetHerkomstlandBuitenEuropa": 8, "percentageGebInNlMetHerkomstlandNederland": 81, "percGebInNlMetHerkomstlandInEuropaExNl": 6, "percGebInNlMetHerkomstlandBuitenEuropa": 3, "percGebBuitenNlMetHerkomstlndInEuropaExNl": 4, "percGebBuitenNlMetHerkomstlndBuitenEuropa": 4, "aantalBedrijvenLandbouwBosbouwVisserij": 5, "aantalBedrijvenNijverheidEnergie": 45, "aantalBedrijvenHandelEnHoreca": 70, "aantalBedrijvenVervoerInformatieCommunicatie": 30, "aantalBedrijvenFinancieelOnroerendGoed": 35, "aantalBedrijvenZakelijkeDienstverlening": 150, "aantalBedrijvenOverheidOnderwijsEnZorg": 160, "aantalBedrijvenCultuurRecreatieOverige": 55, "aantalBedrijfsvestigingen": 555, "woningvoorraad": 1780, "gemiddeldeWoningwaarde": 440, "percentageEengezinswoning": 75, "percentageMeergezinswoning": 25, "percentageBewoond": -99997, "percentageKoopwoningen": 57, "percentageHuurwoningen": 43, "percHuurwoningenInBezitWoningcorporaties": 26, "percHuurwoningenInBezitOverigeVerhuurders": 17, "percentageWoningenMetEigendomOnbekend": -99997, "percentageBouwjaarklasseTot2000": -99997, "percentageBouwjaarklasseVanaf2000": -99997, "percentageLeegstandWoningen": -99997, "gemiddeldGasverbruikTotaal": -99997, "gemiddeldGasverbruikAppartement": -99997, "gemiddeldGasverbruikTussenwoning": -99997, "gemiddeldGasverbruikHoekwoning": -99997, "gemiddeldGasverbruik2Onder1KapWoning": -99997, "gemiddeldGasverbruikVrijstaandeWoning": -99997, "gemiddeldGasverbruikHuurwoning": -99997, "gemiddeldGasverbruikkoopwoning": -99997, "gemiddeldElektriciteitsverbruikTotaal": -99997, "gemiddeldElektriciteitsverbruikAppartement": -99997, "gemiddeldElektriciteitsverbruikTussenwoning": -99997, "gemiddeldElektriciteitsverbruikHoekwoning": -99997, "gemElektriciteitsverbruik2Onder1KapWoning": -99997, "gemElektriciteitsverbruikVrijstaandeWoning": -99997, "gemiddeldElektriciteitsverbruikHuurwoning": -99997, "gemiddeldElektriciteitsverbruikkoopwoning": -99997, "percentageWoningenMetStadsverwarming": -99997, "opleidingsniveauLaag": -99997, "opleidingsniveauMiddelbaar": -99997, "opleidingsniveauHoog": -99997, "nettoArbeidsparticipatie": -99997, "percentageWerknemers": -99997, "percentageZelfstandigen": -99997, "aantalInkomensontvangers": -99997, "gemiddeldInkomenPerInkomensontvanger": -99997, "gemiddeldInkomenPerInwoner": -99997, "percentagePersonenMetHoogInkomen": -99997, "percentagePersonenMetLaagInkomen": -99997, "percentageHuishoudensMetHoogInkomen": -99997, "percentageHuishoudensMetLaagInkomen": -99997, "percentageHuishoudensMetLaagsteInkomen": -99997, "percentageHuishoudensOnderOfRondSociaalMinimum": -99997, "aantalPersonenMetEenAoUitkeringTotaal": 130, "aantalPersonenMetEenWwUitkeringTotaal": 30, "aantalPersonenMetEenAlgBijstandsuitkeringTot": 80, "aantalPersonenMetEenAowUitkeringTotaal": 990, "gemiddeldGestandaardiseerdInkomenVanHuishoudens": -99997.0, "huishoudensTot110PercentVanSociaalMinimum": -99997.0, "huishoudensTot120PercentVanSociaalMinimum": -99997.0, "mediaanVermogenVanParticuliereHuish": -99997.0, "aantalJongerenMetJeugdzorgInNatura": -99997, "percentageJongerenMetJeugdzorgInNatura": -99997.0, "aantalWmoClienten": -99997, "aantalWmoClientenPer1000Inwoners": -99997, "personenautosTotaal": 1810, "personenautosPerHuishouden": 1.1, "personenautosPerKm2": 437, "motortweewielersTotaal": 115, "aantalPersonenautosMetBrandstofBenzine": 1420, "aantalPersonenautosMetOverigeBrandstof": 385, "oppervlakteTotaalInHa": 441, "oppervlakteLandInHa": 414, "oppervlakteWaterInHa": 26, "huisartsenpraktijkGemiddeldeAfstandInKm": 0.6, "huisartsenpraktijkGemiddeldAantalBinnen1Km": 0.9, "huisartsenpraktijkGemiddeldAantalBinnen3Km": 2.1, "huisartsenpraktijkGemiddeldAantalBinnen5Km": 7.0, "huisartsenpostGemiddeldeAfstandInKm": 9.4, "apotheekGemiddeldeAfstandInKm": 4.1, "ziekenhuisInclBuitenpolikliniekGemAfstInKm": 6.3, "ziekenhuisInclBuitenpoliGemAantalBinnen5Km": 0.0, "ziekenhuisInclBuitenpoliGemAantalBinnen10Km": 3.7, "ziekenhuisInclBuitenpoliGemAantalBinnen20Km": 5.0, "ziekenhuisExclBuitenpolikliniekGemAfstInKm": 6.3, "ziekenhuisExclBuitenpoliGemAantalBinnen5Km": 0.0, "ziekenhuisExclBuitenpoliGemAantalBinnen10Km": 2.0, "ziekenhuisExclBuitenpoliGemAantalBinnen20Km": 2.0, "groteSupermarktGemiddeldeAfstandInKm": 0.5, "groteSupermarktGemiddeldAantalBinnen1Km": 0.9, "groteSupermarktGemiddeldAantalBinnen3Km": 1.0, "groteSupermarktGemiddeldAantalBinnen5Km": 8.7, "winkelsOvDagelijkseLevensmGemAfstInKm": 0.5, "winkelsOvDagelLevensmGemAantalBinnen1Km": 3.7, "winkelsOvDagelLevensmGemAantalBinnen3Km": 4.2, "winkelsOvDagelLevensmGemAantalBinnen5Km": 26.0, "warenhuisGemiddeldeAfstandInKm": 4.9, "warenhuisGemiddeldAantalBinnen5Km": 0.9, "warenhuisGemiddeldAantalBinnen10Km": 3.1, "warenhuisGemiddeldAantalBinnen20Km": 14.2, "cafeGemiddeldeAfstandInKm": 3.1, "cafeGemiddeldAantalBinnen1Km": 0.0, "cafeGemiddeldAantalBinnen3Km": 0.4, "cafeGemiddeldAantalBinnen5Km": 18.1, "cafetariaGemiddeldeAfstandInKm": 0.6, "cafetariaGemiddeldAantalBinnen1Km": 1.9, "cafetariaGemiddeldAantalBinnen3Km": 3.1, "cafetariaGemiddeldAantalBinnen5Km": 30.5, "restaurantGemiddeldeAfstandInKm": 0.7, "restaurantGemiddeldAantalBinnen1Km": 1.0, "restaurantGemiddeldAantalBinnen3Km": 5.6, "restaurantGemiddeldAantalBinnen5Km": 65.1, "hotelGemiddeldeAfstandInKm": 0.6, "hotelGemiddeldAantalBinnen5Km": 10.3, "hotelGemiddeldAantalBinnen10Km": 30.9, "hotelGemiddeldAantalBinnen20Km": 43.2, "kinderdagverblijfGemiddeldeAfstandInKm": 0.8, "kinderdagverblijfGemiddeldAantalBinnen1Km": 1.7, "kinderdagverblijfGemiddeldAantalBinnen3Km": 4.1, "kinderdagverblijfGemiddeldAantalBinnen5Km": 14.9, "buitenschoolseOpvangGemAfstandInKm": 0.8, "buitenschoolseOpvangGemiddeldAantalBinnen1Km": 0.8, "buitenschoolseOpvangGemiddeldAantalBinnen3Km": 2.4, "buitenschoolseOpvangGemiddeldAantalBinnen5Km": 14.7, "basisonderwijsGemiddeldeAfstandInKm": 0.6, "basisonderwijsGemiddeldAantalBinnen1Km": 0.9, "basisonderwijsGemiddeldAantalBinnen3Km": 2.2, "basisonderwijsGemiddeldAantalBinnen5Km": 8.2, "voortgezetOnderwijsGemAfstandInKm": 2.7, "voortgezetOnderwijsGemiddeldAantalBinnen3Km": 1.2, "voortgezetOnderwijsGemiddeldAantalBinnen5Km": 5.3, "voortgezetOnderwijsGemiddeldAantalBinnen10Km": 18.1, "vmboGemiddeldeAfstandInKm": 3.3, "vmboGemiddeldAantalBinnen3Km": 0.4, "vmboGemiddeldAantalBinnen5Km": 4.3, "vmboGemiddeldAantalBinnen10Km": 15.1, "havoVwoGemiddeldeAfstandInKm": 2.7, "havoVwoGemiddeldAantalBinnen3Km": 1.2, "havoVwoGemiddeldAantalBinnen5Km": 4.8, "havoVwoGemiddeldAantalBinnen10Km": 12.0, "brandweerkazerneGemiddeldeAfstandInKm": 1.5, "opritHoofdverkeerswegGemiddeldeAfstandInKm": 0.7, "treinstationGemiddeldeAfstandInKm": 5.3, "overstapstationGemiddeldeAfstandInKm": 6.3, "zwembadGemiddeldeAfstandInKm": 3.5, "kunstijsbaanGemiddeldeAfstandInKm": 11.1, "bibliotheekGemiddeldeAfstandInKm": 0.6, "poppodiumGemiddeldeAfstandInKm": 4.9, "bioscoopGemiddeldeAfstandInKm": 5.0, "bioscoopGemiddeldAantalBinnen5Km": 0.7, "bioscoopGemiddeldAantalBinnen10Km": 3.0, "bioscoopGemiddeldAantalBinnen20Km": 7.0, "saunaGemiddeldeAfstandInKm": 5.5, "zonnebankGemiddeldeAfstandInKm": 5.0, "attractieparkGemiddeldeAfstandInKm": 2.0, "attractieparkGemiddeldAantalBinnen10Km": 2.2, "attractieparkGemiddeldAantalBinnen20Km": 6.0, "attractieparkGemiddeldAantalBinnen50Km": 27.3, "theaterGemiddeldeAfstandInKm": 4.4, "theaterGemiddeldAantalBinnen5Km": 2.7, "theaterGemiddeldAantalBinnen10Km": 8.0, "theaterGemiddeldAantalBinnen20Km": 13.0, "gemiddeldeAfstandTotMuseum": 3.0, "gemiddeldAantalMuseaBinnen5Km": 3.9, "gemiddeldAantalMuseaBinnen10Km": 8.0, "gemiddeldAantalMuseaBinnen20Km": 16.1, "afstandTotOpenbaarGroenTotaal": -99997.0, "afstandTotParkOfPlantsoen": -99997.0, "afstandTotDagrcreatiefTerrein": -99997.0, "afstandTotBos": -99997.0, "afstandTotOpenNatuurTerreinTotaal": -99997.0, "afstandTotOpenDroogNatuurTerrein": -99997.0, "afstandTotOpenNatNatuurlijkTerrein": -99997.0, "afstandTotSemiopenbaarGroenTotaal": -99997.0, "afstandTotSportterrein": -99997.0, "afstandTotVolkstuin": -99997.0, "afstandTotVerblijfsrecreatiefTerrein": -99997.0, "afstandTotRecreatiefBinnenwater": -99997.0, "afstandTotBegraafplaats": -99997.0, "jrstatcode": "2024WK194500", "jaar": 2024, "aantalNieuwbouwWoningen": 0.0, "aantalNietWoningvoorraad": 193, "aantalNieuwbouwNietWoningen": 0, "percEengezinswoningTussenwoning": 29.0, "percEengezinswoningHoekwoning": 21.0, "percEengezinswoning2Onder1Kap": 13.0, "percEengezinswoningVrijstaand": 12.0, "percBouwjaarMeerDan10JaarGeleden": 93.0, "percBouwjaarAfgelopen10Jaar": 7.0, "percentageOnbewoond": 10, "gemiddeldAardgasverbruik": 1030, "percentageAardgaswoningen": 87.0, "percentageAardgasvrijeWoningen": 2.0, "gemiddeldeElektriciteitslevering": 2590.0, "gemiddeldeElektriciteitsteruglevering": 790.0, "percentageWoningenMetZonnestroom": 38.0, "aantalLeerlingenPrimairOnderwijs": 250, "aantalLeerlingenVoortgezetOnderwijs": 190, "aantalStudentenMbo": 70, "aantalStudentenHbo": 80, "aantalStudentenWo": 60 }, "geometry": { "type": "MultiPolygon", "coordinates": [ [ [ [ 5.909984174450939, 51.840516798567428 ], [ 5.912693158959923, 51.840118273327619 ], [ 5.916123975771786, 51.840102858835152 ], [ 5.91714924664255, 51.839760111254868 ], [ 5.917457900558568, 51.839590335127646 ], [ 5.917756584531921, 51.839387390715103 ], [ 5.918320649144414, 51.839004112604272 ], [ 5.919196651972489, 51.838559122934171 ], [ 5.920009918355385, 51.838161322584739 ], [ 5.920326002012128, 51.837990983742813 ], [ 5.920596974537522, 51.837849001137897 ], [ 5.921140249551303, 51.837677627085604 ], [ 5.922862591092374, 51.83730381858053 ], [ 5.923587602438773, 51.837131612327688 ], [ 5.924048169673343, 51.837015037250474 ], [ 5.924493688525223, 51.836902259500107 ], [ 5.925674428194259, 51.836840543657928 ], [ 5.926648615962713, 51.836785418604435 ], [ 5.926741167119723, 51.836780184209331 ], [ 5.92679998576942, 51.836776327312386 ], [ 5.926805828449687, 51.836775940902314 ], [ 5.926842755283969, 51.836773541924515 ], [ 5.928135326914722, 51.836688724838986 ], [ 5.92889300616139, 51.836639010413244 ], [ 5.929596775743319, 51.836594852521365 ], [ 5.930772269756813, 51.836432617030106 ], [ 5.932145014676322, 51.836201284849004 ], [ 5.934684747714416, 51.835833605405618 ], [ 5.935167825564462, 51.835742723512098 ], [ 5.935638763251087, 51.83561634675209 ], [ 5.937701471500954, 51.835062782464576 ], [ 5.939272896156228, 51.834637333739522 ], [ 5.939373268365243, 51.834610156507686 ], [ 5.939500419275841, 51.834639408963852 ], [ 5.939559913282721, 51.83455962536619 ], [ 5.940429085515635, 51.834324292384338 ], [ 5.940631686963616, 51.834356468650427 ], [ 5.940755673086724, 51.834343066124703 ], [ 5.940870588719829, 51.834330641077415 ], [ 5.940984216189179, 51.834318355926456 ], [ 5.941355879112314, 51.83424371317242 ], [ 5.941425255777142, 51.834223251180013 ], [ 5.941648979390023, 51.834157279026897 ], [ 5.942278917129986, 51.83388083351096 ], [ 5.942292640495424, 51.833874809190625 ], [ 5.943502546680206, 51.833395257418708 ], [ 5.944049331142366, 51.833210430143424 ], [ 5.944557348518873, 51.833062223980548 ], [ 5.945164020002344, 51.832962147499607 ], [ 5.946143976637646, 51.832783177542616 ], [ 5.94643060951021, 51.832793255013286 ], [ 5.946811716334585, 51.832807716155934 ], [ 5.947268339528383, 51.832824584081187 ], [ 5.949348062894775, 51.832901386560735 ], [ 5.950059478128921, 51.833068874954876 ], [ 5.950745338448647, 51.833293451146126 ], [ 5.951115752526626, 51.833503261621644 ], [ 5.952427152901828, 51.834375868674535 ], [ 5.953037304314698, 51.834631231417013 ], [ 5.953176406394795, 51.83468945341685 ], [ 5.953990724742666, 51.834943961044608 ], [ 5.954828326500507, 51.835205514274797 ], [ 5.956689566900203, 51.835777972987962 ], [ 5.957458479350595, 51.836104450506951 ], [ 5.959137878742546, 51.83695053836523 ], [ 5.95986500637804, 51.837245743974528 ], [ 5.959911284385202, 51.837264528868431 ], [ 5.959920618795389, 51.83726832141452 ], [ 5.960420523025999, 51.837395099599384 ], [ 5.960965856561618, 51.837449862063366 ], [ 5.961405988156639, 51.837433353477174 ], [ 5.961949045903119, 51.837308657314694 ], [ 5.962903067238528, 51.836859965368134 ], [ 5.962804926032258, 51.836788546599728 ], [ 5.962547440573408, 51.836601175885455 ], [ 5.962479792548756, 51.836551944748969 ], [ 5.962464326887019, 51.836540695010093 ], [ 5.960472316522432, 51.835091100636802 ], [ 5.960283738280953, 51.834953858959977 ], [ 5.959585216792388, 51.834445505964055 ], [ 5.956101016560719, 51.831909633545735 ], [ 5.956061306008153, 51.831880730174646 ], [ 5.955397406225788, 51.831397487265711 ], [ 5.954938859346105, 51.831063706324784 ], [ 5.954907100865524, 51.831040588660912 ], [ 5.953850611889814, 51.830271530730926 ], [ 5.953794081128997, 51.830230375551871 ], [ 5.950377788367677, 51.827743290327142 ], [ 5.948262623513771, 51.826203251684547 ], [ 5.948027656402187, 51.82603216365564 ], [ 5.947992230655551, 51.826006365098081 ], [ 5.947945811338982, 51.825972565341679 ], [ 5.947822988225228, 51.825966671599588 ], [ 5.946558628859859, 51.824979391846547 ], [ 5.946192302375449, 51.824737413554153 ], [ 5.946139723778112, 51.82470268066097 ], [ 5.945479039412074, 51.824266241867562 ], [ 5.945803176008566, 51.824091777294363 ], [ 5.945778557484939, 51.824073998324266 ], [ 5.945044709006493, 51.823544020093742 ], [ 5.945070195695339, 51.823530047550051 ], [ 5.946888430537761, 51.822617606686357 ], [ 5.949138093957577, 51.821485692393424 ], [ 5.951676117393762, 51.82020086315395 ], [ 5.954055698892666, 51.819004472387363 ], [ 5.956897116206411, 51.817570641034116 ], [ 5.958150801916101, 51.816931292599904 ], [ 5.957580576948837, 51.816595090146627 ], [ 5.957425821011732, 51.816503844640799 ], [ 5.957364474496302, 51.816468395341481 ], [ 5.957140390340967, 51.816338907525946 ], [ 5.956808987826451, 51.816504378725732 ], [ 5.956424994315139, 51.816661762814775 ], [ 5.955758093528561, 51.816930006859309 ], [ 5.955191979456642, 51.817127873059924 ], [ 5.954558394587122, 51.817353630770739 ], [ 5.954338678421347, 51.817442969892163 ], [ 5.954207991200574, 51.817505335081528 ], [ 5.953919165829554, 51.817651212889814 ], [ 5.953714542037185, 51.817763389744009 ], [ 5.953318241876143, 51.817992273034072 ], [ 5.952890618930121, 51.818234564141854 ], [ 5.952831795532308, 51.818268294213773 ], [ 5.952570682030481, 51.818418025948148 ], [ 5.952494182892499, 51.818464838489199 ], [ 5.952375621914507, 51.818538145164808 ], [ 5.95229503678993, 51.818599188164846 ], [ 5.952227816539843, 51.818651555698551 ], [ 5.952104749817643, 51.818744991194428 ], [ 5.951897763273314, 51.818928617238114 ], [ 5.951727542885861, 51.819086835106866 ], [ 5.95149424154062, 51.819254111038951 ], [ 5.951273493685186, 51.819381587742136 ], [ 5.951244470868435, 51.819397762875525 ], [ 5.951067351350993, 51.819485992112625 ], [ 5.950725934696258, 51.819640653858897 ], [ 5.950581646043746, 51.819693750177002 ], [ 5.950179121087571, 51.819900675589295 ], [ 5.949818150343651, 51.820083499753778 ], [ 5.94969825596195, 51.820154086545536 ], [ 5.949573541065996, 51.820224291837967 ], [ 5.94894977485325, 51.820542958421228 ], [ 5.948441112427368, 51.820808550914315 ], [ 5.948196198969489, 51.820927903853125 ], [ 5.947877086718804, 51.821081623601316 ], [ 5.947468677313032, 51.821262896429396 ], [ 5.947448676588624, 51.821272304087529 ], [ 5.947028774244917, 51.821469764700211 ], [ 5.946665279442946, 51.821646424949229 ], [ 5.946332148772287, 51.821801582551075 ], [ 5.945937685581786, 51.821982118367984 ], [ 5.945797265833924, 51.822040637376332 ], [ 5.945510529493752, 51.822141910073469 ], [ 5.945236971350059, 51.822243919358172 ], [ 5.944776798702411, 51.822433123138595 ], [ 5.944288455582776, 51.822642422435337 ], [ 5.943899959938094, 51.822814132197578 ], [ 5.943728469800087, 51.822881236390209 ], [ 5.943375401020374, 51.823010261413216 ], [ 5.943261701881932, 51.822909795241337 ], [ 5.943000152713027, 51.822986511504602 ], [ 5.942909125283868, 51.82304815472078 ], [ 5.942848401932474, 51.823083012291036 ], [ 5.942837480906896, 51.823075002193661 ], [ 5.942759334541407, 51.823107200732949 ], [ 5.94274623777083, 51.823099191043369 ], [ 5.942678951503025, 51.823128704455655 ], [ 5.942606858061668, 51.823077972898034 ], [ 5.942527848996967, 51.82310727206778 ], [ 5.942207617712557, 51.822895237728623 ], [ 5.942032740527453, 51.82275233814898 ], [ 5.94179430921066, 51.822533282234687 ], [ 5.941628613430988, 51.82238189840718 ], [ 5.94159568352772, 51.822231773679512 ], [ 5.941507215262821, 51.822173839012876 ], [ 5.941358665336644, 51.822068359175596 ], [ 5.941233917891752, 51.82194279419479 ], [ 5.941032670507482, 51.821754445754202 ], [ 5.940919541704625, 51.821677156985643 ], [ 5.940610631434261, 51.821304763183981 ], [ 5.94042175736466, 51.821077075389589 ], [ 5.93969439517879, 51.820195194701675 ], [ 5.939024029720183, 51.819384122808401 ], [ 5.938661413123707, 51.818959474418243 ], [ 5.937531196852844, 51.81881710946903 ], [ 5.936231820269839, 51.818653557519802 ], [ 5.935191844285977, 51.818520563171326 ], [ 5.934922379384784, 51.818486811315594 ], [ 5.934809575776697, 51.818912045723678 ], [ 5.934690255287265, 51.819371683494573 ], [ 5.934200576447797, 51.819276154615672 ], [ 5.934208130531207, 51.819694059608153 ], [ 5.934247035894335, 51.819800841823216 ], [ 5.934319455462117, 51.819961093353875 ], [ 5.934155070749187, 51.820368708260183 ], [ 5.933867894411246, 51.820364456929148 ], [ 5.933751158896086, 51.820407012417228 ], [ 5.933602141940326, 51.820466734361659 ], [ 5.93349400562351, 51.820500810196904 ], [ 5.933399485277013, 51.820566911622009 ], [ 5.933281158751568, 51.820639829243973 ], [ 5.933207829811064, 51.820675037123742 ], [ 5.933047576214006, 51.82071476621438 ], [ 5.932949894443847, 51.820726043802431 ], [ 5.932851964949423, 51.820723937627356 ], [ 5.932764990610788, 51.820725788411075 ], [ 5.932613344675536, 51.820760119704865 ], [ 5.932503047589294, 51.820795543959747 ], [ 5.932430312432574, 51.820864185954989 ], [ 5.932365622801342, 51.820895326284003 ], [ 5.932322891815366, 51.820938382214301 ], [ 5.932293619295629, 51.821004089629284 ], [ 5.932279512345646, 51.821065708692224 ], [ 5.93229016185817, 51.821173989074921 ], [ 5.932397052704261, 51.821311133830733 ], [ 5.932399558557117, 51.821343211266772 ], [ 5.932405528563748, 51.821419433291688 ], [ 5.932411688256758, 51.821519716750856 ], [ 5.932345850218402, 51.821608380056404 ], [ 5.932244346712023, 51.821649102383688 ], [ 5.932109946392502, 51.821675299153412 ], [ 5.931935992444545, 51.821678993276443 ], [ 5.931629154464275, 51.821728767055241 ], [ 5.931186281665583, 51.821673232030811 ], [ 5.9309782009776, 51.821606126570607 ], [ 5.930787586415603, 51.821533178156862 ], [ 5.93029208903413, 51.821367729087051 ], [ 5.930221118855783, 51.821353316430169 ], [ 5.930014053688078, 51.821311264607253 ], [ 5.929386261174028, 51.821118837996643 ], [ 5.92883222665782, 51.820979324585899 ], [ 5.928671773829145, 51.820938924789402 ], [ 5.928826370147503, 51.821255748221184 ], [ 5.928824806900611, 51.821359770779516 ], [ 5.928821406212074, 51.821584823468008 ], [ 5.92880348701328, 51.821677218463641 ], [ 5.928777797268084, 51.821821827779019 ], [ 5.928691625815921, 51.821989735920475 ], [ 5.928189402091788, 51.822126216851778 ], [ 5.927826829955055, 51.822228101519634 ], [ 5.927675554447039, 51.822221498994551 ], [ 5.927511077691429, 51.822269275690061 ], [ 5.927069563530595, 51.822394900753203 ], [ 5.926920731002685, 51.822436187704845 ], [ 5.926672820904931, 51.822470774365158 ], [ 5.926245228986995, 51.822535821479548 ], [ 5.926288934712832, 51.822609972889062 ], [ 5.926459186619889, 51.822770706238146 ], [ 5.926571242961939, 51.822930968968713 ], [ 5.926683962740999, 51.823164852714356 ], [ 5.926701379700874, 51.82320585021175 ], [ 5.92590966942045, 51.823415003228597 ], [ 5.925886909053351, 51.823385742210768 ], [ 5.925813287451895, 51.823307430597907 ], [ 5.92572601466242, 51.823228938916245 ], [ 5.925637823456455, 51.823159745527548 ], [ 5.925515773833299, 51.823080514451732 ], [ 5.925435776940452, 51.823031822105499 ], [ 5.925378547101075, 51.82300084053113 ], [ 5.925221764883116, 51.822933040105433 ], [ 5.925043557259912, 51.82286385459642 ], [ 5.924925516116798, 51.822826212446607 ], [ 5.924824101061501, 51.822797347687498 ], [ 5.924712283230936, 51.822773105669654 ], [ 5.924567464749847, 51.822752340474381 ], [ 5.92387687651104, 51.822642075566705 ], [ 5.923809111296701, 51.822631257761479 ], [ 5.922649928187049, 51.822446168395011 ], [ 5.922583042226806, 51.822440936736314 ], [ 5.922515627172666, 51.822440003971764 ], [ 5.922447882858425, 51.822443099532777 ], [ 5.922421019046863, 51.822445469233777 ], [ 5.922013869752662, 51.822397943145504 ], [ 5.921647204709839, 51.822286880049369 ], [ 5.921462667606231, 51.8221480658353 ], [ 5.921259303941424, 51.821990847636002 ], [ 5.921246778461862, 51.822037896696806 ], [ 5.921150372262479, 51.821965025090208 ], [ 5.921103623212034, 51.82190379227211 ], [ 5.921046329784484, 51.821820558555338 ], [ 5.920990971317552, 51.821839280999015 ], [ 5.920984136511672, 51.821843914227024 ], [ 5.921018840187292, 51.821894946891682 ], [ 5.921060628321033, 51.821951267616747 ], [ 5.921082548023311, 51.821977234598755 ], [ 5.921106741153311, 51.822001654190885 ], [ 5.921125818892185, 51.822019130949535 ], [ 5.921218579097698, 51.822095219090478 ], [ 5.921554647792886, 51.822330743259393 ], [ 5.921586245998209, 51.822353322327274 ], [ 5.921616186294465, 51.822376753861583 ], [ 5.921642696205054, 51.822399571819403 ], [ 5.921667108281135, 51.822422839766944 ], [ 5.921678236389045, 51.822435310089247 ], [ 5.92170474077058, 51.822470981656743 ], [ 5.921746988034921, 51.822540207575578 ], [ 5.921760475026542, 51.822565663657215 ], [ 5.921772240010017, 51.822598795699506 ], [ 5.921847951862771, 51.822945704547614 ], [ 5.92186510835174, 51.82296977853489 ], [ 5.921884145947403, 51.823047361652939 ], [ 5.92190001582239, 51.823100025024182 ], [ 5.921916291081984, 51.823146511425236 ], [ 5.921935142697918, 51.823192527665178 ], [ 5.921952924849762, 51.823233982603981 ], [ 5.921966707435272, 51.823267205200708 ], [ 5.921977281493787, 51.823285519665404 ], [ 5.922032394433156, 51.82336084486959 ], [ 5.922055660918293, 51.82339263009635 ], [ 5.922180665524125, 51.823563444392157 ], [ 5.922235009373815, 51.823647112565894 ], [ 5.922308041929193, 51.823744818246205 ], [ 5.922349304294804, 51.823800556654255 ], [ 5.922361664674346, 51.823815367296085 ], [ 5.922263345618609, 51.823861458625856 ], [ 5.921341148798581, 51.824293803648999 ], [ 5.921355374424156, 51.824308128611818 ], [ 5.921331527724719, 51.824355858411565 ], [ 5.921285635585606, 51.824401387510413 ], [ 5.92122972583044, 51.82443161877562 ], [ 5.921164549822574, 51.82444361042387 ], [ 5.92111061019282, 51.82444168968879 ], [ 5.92108236947267, 51.824436793626326 ], [ 5.920756852076478, 51.824584975438185 ], [ 5.919758645454917, 51.825039404905979 ], [ 5.920183334563105, 51.825361288786873 ], [ 5.920401474475109, 51.825476658501096 ], [ 5.920402555078555, 51.825477387053496 ], [ 5.920515591051229, 51.825553669416323 ], [ 5.920482489649332, 51.825760816660647 ], [ 5.920808655283937, 51.825890773669776 ], [ 5.920828768452171, 51.825898789834156 ], [ 5.920797505854449, 51.825933986385863 ], [ 5.921410457806908, 51.826312283391744 ], [ 5.921384106451766, 51.826316475184264 ], [ 5.921301729414163, 51.826335078978069 ], [ 5.921185724366588, 51.826363111940786 ], [ 5.921112065924367, 51.826381765801813 ], [ 5.921041473528827, 51.82640454038637 ], [ 5.92037036956232, 51.826640404070638 ], [ 5.920338441804541, 51.826650238798095 ], [ 5.920307660985378, 51.826661380629794 ], [ 5.920280917773039, 51.826669259249279 ], [ 5.920146116320672, 51.826708881898213 ], [ 5.920070065130764, 51.826731241153503 ], [ 5.920131473823357, 51.826754987639099 ], [ 5.920021684491237, 51.826857470123329 ], [ 5.919957373506585, 51.826909805744464 ], [ 5.919875769460448, 51.82695956823477 ], [ 5.919769990524311, 51.826998905862538 ], [ 5.91960750163227, 51.827067308986976 ], [ 5.919476621786848, 51.827144323299216 ], [ 5.919375402774574, 51.827208699884004 ], [ 5.919312906040437, 51.827253854074108 ], [ 5.919255650097987, 51.827320233332607 ], [ 5.919220534825895, 51.827367303684959 ], [ 5.919205774193749, 51.827388890045391 ], [ 5.919187262219866, 51.827385054994252 ], [ 5.919153993193867, 51.827379650942483 ], [ 5.919109284140971, 51.827372258354863 ], [ 5.918934860683088, 51.827344141952132 ], [ 5.918448816882661, 51.827301769810688 ], [ 5.917801035929373, 51.827202205227252 ], [ 5.917324535332467, 51.827128504317045 ], [ 5.917146666175507, 51.827416428290405 ], [ 5.917202285991094, 51.827437569716039 ], [ 5.917198828636726, 51.827465638512855 ], [ 5.916552438085613, 51.827794040229044 ], [ 5.916340199350365, 51.828135543077785 ], [ 5.916288077070955, 51.828219410045065 ], [ 5.916123733306537, 51.828182687831422 ], [ 5.915918962418338, 51.82844995778111 ], [ 5.915849795724667, 51.828542788308447 ], [ 5.915746055297256, 51.828684753003401 ], [ 5.915685663974435, 51.82877753490606 ], [ 5.915591160085678, 51.828957551195401 ], [ 5.915528367460323, 51.829172174218108 ], [ 5.915511748940061, 51.829447288751311 ], [ 5.915482097627695, 51.829764015879007 ], [ 5.91545468985758, 51.830089002320996 ], [ 5.915485613668662, 51.830233344521851 ], [ 5.915274367080317, 51.830288451357411 ], [ 5.915274680808764, 51.830347378668527 ], [ 5.915269787517512, 51.830385368192552 ], [ 5.915262592007887, 51.830410127991549 ], [ 5.915262348005591, 51.830410970415059 ], [ 5.915227629911904, 51.830463398498658 ], [ 5.915006328046233, 51.830637450208798 ], [ 5.914851522103466, 51.830749172697651 ], [ 5.914162489275869, 51.831165867114798 ], [ 5.913939805163291, 51.831305487979066 ], [ 5.913823720151991, 51.831387840541943 ], [ 5.913372825989719, 51.831266730772178 ], [ 5.913278374952494, 51.831238758703101 ], [ 5.913051459535926, 51.831428768483576 ], [ 5.912629269189074, 51.831616561343019 ], [ 5.911617653562574, 51.831631280359737 ], [ 5.911597995782042, 51.831633795122436 ], [ 5.911536604855711, 51.831641663894501 ], [ 5.911358583710359, 51.831688120999544 ], [ 5.911069848605827, 51.831782837194645 ], [ 5.910333098756425, 51.831970299165256 ], [ 5.909482668051996, 51.832188607814246 ], [ 5.909007898339867, 51.832310475148773 ], [ 5.909030694504233, 51.832333366374407 ], [ 5.909120266280476, 51.832433459516849 ], [ 5.90921757890279, 51.832572887831461 ], [ 5.909290871109244, 51.832692801034106 ], [ 5.909297274496507, 51.832703270222389 ], [ 5.909378729162106, 51.832921509226722 ], [ 5.9094613967198, 51.833074124842483 ], [ 5.909493429610413, 51.833116669589337 ], [ 5.909543661956363, 51.833183374421203 ], [ 5.909611562714517, 51.833237326762351 ], [ 5.909659930344465, 51.833277083302164 ], [ 5.909706146644787, 51.833307726063886 ], [ 5.909990556197824, 51.833366718121717 ], [ 5.9104314389808, 51.833458161429824 ], [ 5.910518074088134, 51.833483616118059 ], [ 5.910404533799264, 51.833513658731228 ], [ 5.910141450522996, 51.833583271025105 ], [ 5.910220981637887, 51.83364813716112 ], [ 5.910301371350398, 51.833722949697318 ], [ 5.91040543584879, 51.833834940053528 ], [ 5.910237773705818, 51.833863498038873 ], [ 5.91018302145672, 51.833874860891264 ], [ 5.910106625592389, 51.833894113218641 ], [ 5.91003590709763, 51.833916261463195 ], [ 5.909929087895637, 51.83395436331984 ], [ 5.909525312710201, 51.834120489474287 ], [ 5.909505156739605, 51.834127689113686 ], [ 5.909463674533186, 51.834142515152166 ], [ 5.909522395373418, 51.834205579608863 ], [ 5.909652497073891, 51.834404680110076 ], [ 5.910498702264336, 51.834157571197863 ], [ 5.910527010214889, 51.834195170617811 ], [ 5.910554935043684, 51.834232258496101 ], [ 5.910586484952888, 51.834274157027174 ], [ 5.910624884989506, 51.834271289173067 ], [ 5.910700920038891, 51.834379468236577 ], [ 5.910779615056501, 51.834469316796081 ], [ 5.910853275847272, 51.834541696129328 ], [ 5.910992125337367, 51.83465779216516 ], [ 5.911127891145531, 51.834786872227745 ], [ 5.911158103350792, 51.834818466757049 ], [ 5.911173158938384, 51.834840520247624 ], [ 5.911199572714867, 51.834879214675226 ], [ 5.91122598798782, 51.83491790909018 ], [ 5.911228623664391, 51.834922472470495 ], [ 5.911293541268084, 51.835035105171713 ], [ 5.911393956126992, 51.835194553208098 ], [ 5.911525605710588, 51.835418470094076 ], [ 5.911646949815911, 51.835581007214792 ], [ 5.911726977448473, 51.835665339225336 ], [ 5.911805437302655, 51.835754558951763 ], [ 5.911904606560198, 51.835854130665403 ], [ 5.912107115669878, 51.836118439855937 ], [ 5.91214561400698, 51.836168684172996 ], [ 5.91233449964718, 51.83637894489042 ], [ 5.909973793907228, 51.837029331698169 ], [ 5.909844101767914, 51.837065063505911 ], [ 5.909617801601513, 51.837049235816885 ], [ 5.909539291606368, 51.837070590586308 ], [ 5.908344883502833, 51.837395478970215 ], [ 5.90797099988831, 51.837493522715391 ], [ 5.907814727730062, 51.837528273638604 ], [ 5.907659991179046, 51.837554299590245 ], [ 5.907492578596368, 51.837580686256508 ], [ 5.90581043433188, 51.837825798202914 ], [ 5.903505660415862, 51.838176473765081 ], [ 5.903377775864379, 51.838193413462626 ], [ 5.903296875305029, 51.838204115090242 ], [ 5.902597991189296, 51.838296595612633 ], [ 5.901911868841127, 51.838410291765463 ], [ 5.901204536980564, 51.838525918550538 ], [ 5.90038152053993, 51.838673903210278 ], [ 5.900347651783972, 51.838687704862707 ], [ 5.900313884030403, 51.838707824978584 ], [ 5.900294956905157, 51.838722576975869 ], [ 5.900283919911365, 51.838745950394092 ], [ 5.900277117860827, 51.838767876121928 ], [ 5.900284827259095, 51.838838438085546 ], [ 5.900243667818719, 51.838868100334274 ], [ 5.900202521414583, 51.838899038878154 ], [ 5.900164871473384, 51.838932487890304 ], [ 5.90009466460682, 51.839003345520489 ], [ 5.900069421215828, 51.839008688063885 ], [ 5.900201764739492, 51.839265639019132 ], [ 5.900210280572283, 51.839282175680815 ], [ 5.900229689248875, 51.839319852406163 ], [ 5.900296111691015, 51.839304091869522 ], [ 5.900354323137636, 51.839298678810344 ], [ 5.900437446733742, 51.839288005451039 ], [ 5.900529016282309, 51.839287604892412 ], [ 5.900612433745787, 51.839302709138614 ], [ 5.900712567037346, 51.839322899571727 ], [ 5.90084629385858, 51.839368721885727 ], [ 5.901068926261472, 51.839461658951507 ], [ 5.901164146765341, 51.839501411512501 ], [ 5.901456986064327, 51.839629050511775 ], [ 5.901967240845599, 51.839843400022183 ], [ 5.902368829276272, 51.840016976236853 ], [ 5.903004451370026, 51.840272027992135 ], [ 5.903163332032434, 51.840333206310994 ], [ 5.903338797007546, 51.840389170047033 ], [ 5.903497545811038, 51.840440038686324 ], [ 5.903656191229834, 51.840480597757605 ], [ 5.903806567339834, 51.840526343432188 ], [ 5.904031858585466, 51.840571767962665 ], [ 5.904332138745872, 51.840622012015046 ], [ 5.904732379901704, 51.840676973867353 ], [ 5.90496742110133, 51.84070069131873 ], [ 5.905092353069485, 51.840705290403896 ], [ 5.905258914253309, 51.840709714560887 ], [ 5.905425520236356, 51.84071928869453 ], [ 5.905641965407256, 51.840718332591898 ], [ 5.905966625888306, 51.840716897721741 ], [ 5.906606102400773, 51.84071601037963 ], [ 5.907664917005391, 51.840714536714934 ], [ 5.907982965021627, 51.840717251318985 ], [ 5.908232710471268, 51.840716142642009 ], [ 5.908415840680561, 51.840715329347532 ], [ 5.908524130206796, 51.840720007691829 ], [ 5.908632584385432, 51.840740154417247 ], [ 5.908741112931255, 51.840765460112557 ], [ 5.908833103575907, 51.840801149038938 ], [ 5.908933767083603, 51.840867737757421 ], [ 5.908934296322904, 51.840859438117654 ], [ 5.908936134226502, 51.840830208324462 ], [ 5.908946066510411, 51.840673027160562 ], [ 5.908947144772426, 51.840656007130626 ], [ 5.908947169115935, 51.840655603438634 ], [ 5.908947194889279, 51.840655197942596 ], [ 5.908955042882627, 51.840531032723106 ], [ 5.909984174450939, 51.840516798567428 ] ] ] ] } },
{ "type": "Feature", "properties": { "wijkcode": "WK194510", "wijknaam": "Ooij", "gemeentecode": "GM1945", "gemeentenaam": "Berg en Dal", "indelingswijzigingWijkenEnBuurten": 1, "water": "NEE", "omgevingsadressendichtheid": 286, "stedelijkheidAdressenPerKm2": 5, "bevolkingsdichtheidInwonersPerKm2": 256, "aantalInwoners": 2555, "mannen": 1235, "vrouwen": 1320, "percentagePersonen0Tot15Jaar": 15, "percentagePersonen15Tot25Jaar": 11, "percentagePersonen25Tot45Jaar": 19, "percentagePersonen45Tot65Jaar": 29, "percentagePersonen65JaarEnOuder": 27, "percentageOngehuwd": 45, "percentageGehuwd": 41, "percentageGescheid": 8, "percentageVerweduwd": 6, "geboorteTotaal": 25, "geboortesPer1000Inwoners": 9, "sterfteTotaal": 15, "sterfteRelatief": 5, "aantalHuishoudens": 1175, "percentageEenpersoonshuishoudens": 34, "percentageHuishoudensZonderKinderen": 33, "percentageHuishoudensMetKinderen": 33, "gemiddeldeHuishoudsgrootte": 2.2, "percentageMetHerkomstlandNederland": 86, "percentageMetHerkomstlandUitEuropaExclNl": 7, "percentageMetHerkomstlandBuitenEuropa": 7, "percentageGebInNlMetHerkomstlandNederland": 86, "percGebInNlMetHerkomstlandInEuropaExNl": 5, "percGebInNlMetHerkomstlandBuitenEuropa": 4, "percGebBuitenNlMetHerkomstlndInEuropaExNl": 2, "percGebBuitenNlMetHerkomstlndBuitenEuropa": 3, "aantalBedrijvenLandbouwBosbouwVisserij": 10, "aantalBedrijvenNijverheidEnergie": 55, "aantalBedrijvenHandelEnHoreca": 45, "aantalBedrijvenVervoerInformatieCommunicatie": 25, "aantalBedrijvenFinancieelOnroerendGoed": 15, "aantalBedrijvenZakelijkeDienstverlening": 100, "aantalBedrijvenOverheidOnderwijsEnZorg": 80, "aantalBedrijvenCultuurRecreatieOverige": 55, "aantalBedrijfsvestigingen": 380, "woningvoorraad": 1159, "gemiddeldeWoningwaarde": 350, "percentageEengezinswoning": 88, "percentageMeergezinswoning": 12, "percentageBewoond": -99997, "percentageKoopwoningen": 63, "percentageHuurwoningen": 37, "percHuurwoningenInBezitWoningcorporaties": 31, "percHuurwoningenInBezitOverigeVerhuurders": 6, "percentageWoningenMetEigendomOnbekend": -99997, "percentageBouwjaarklasseTot2000": -99997, "percentageBouwjaarklasseVanaf2000": -99997, "percentageLeegstandWoningen": -99997, "gemiddeldGasverbruikTotaal": -99997, "gemiddeldGasverbruikAppartement": -99997, "gemiddeldGasverbruikTussenwoning": -99997, "gemiddeldGasverbruikHoekwoning": -99997, "gemiddeldGasverbruik2Onder1KapWoning": -99997, "gemiddeldGasverbruikVrijstaandeWoning": -99997, "gemiddeldGasverbruikHuurwoning": -99997, "gemiddeldGasverbruikkoopwoning": -99997, "gemiddeldElektriciteitsverbruikTotaal": -99997, "gemiddeldElektriciteitsverbruikAppartement": -99997, "gemiddeldElektriciteitsverbruikTussenwoning": -99997, "gemiddeldElektriciteitsverbruikHoekwoning": -99997, "gemElektriciteitsverbruik2Onder1KapWoning": -99997, "gemElektriciteitsverbruikVrijstaandeWoning": -99997, "gemiddeldElektriciteitsverbruikHuurwoning": -99997, "gemiddeldElektriciteitsverbruikkoopwoning": -99997, "percentageWoningenMetStadsverwarming": -99997, "opleidingsniveauLaag": -99997, "opleidingsniveauMiddelbaar": -99997, "opleidingsniveauHoog": -99997, "nettoArbeidsparticipatie": -99997, "percentageWerknemers": -99997, "percentageZelfstandigen": -99997, "aantalInkomensontvangers": -99997, "gemiddeldInkomenPerInkomensontvanger": -99997, "gemiddeldInkomenPerInwoner": -99997, "percentagePersonenMetHoogInkomen": -99997, "percentagePersonenMetLaagInkomen": -99997, "percentageHuishoudensMetHoogInkomen": -99997, "percentageHuishoudensMetLaagInkomen": -99997, "percentageHuishoudensMetLaagsteInkomen": -99997, "percentageHuishoudensOnderOfRondSociaalMinimum": -99997, "aantalPersonenMetEenAoUitkeringTotaal": 110, "aantalPersonenMetEenWwUitkeringTotaal": 20, "aantalPersonenMetEenAlgBijstandsuitkeringTot": 50, "aantalPersonenMetEenAowUitkeringTotaal": 610, "gemiddeldGestandaardiseerdInkomenVanHuishoudens": -99997.0, "huishoudensTot110PercentVanSociaalMinimum": -99997.0, "huishoudensTot120PercentVanSociaalMinimum": -99997.0, "mediaanVermogenVanParticuliereHuish": -99997.0, "aantalJongerenMetJeugdzorgInNatura": -99997, "percentageJongerenMetJeugdzorgInNatura": -99997.0, "aantalWmoClienten": -99997, "aantalWmoClientenPer1000Inwoners": -99997, "personenautosTotaal": 1320, "personenautosPerHuishouden": 1.1, "personenautosPerKm2": 132, "motortweewielersTotaal": 105, "aantalPersonenautosMetBrandstofBenzine": 1055, "aantalPersonenautosMetOverigeBrandstof": 265, "oppervlakteTotaalInHa": 1234, "oppervlakteLandInHa": 999, "oppervlakteWaterInHa": 235, "huisartsenpraktijkGemiddeldeAfstandInKm": 0.8, "huisartsenpraktijkGemiddeldAantalBinnen1Km": 0.8, "huisartsenpraktijkGemiddeldAantalBinnen3Km": 1.0, "huisartsenpraktijkGemiddeldAantalBinnen5Km": 3.0, "huisartsenpostGemiddeldeAfstandInKm": 11.6, "apotheekGemiddeldeAfstandInKm": 6.6, "ziekenhuisInclBuitenpolikliniekGemAfstInKm": 9.1, "ziekenhuisInclBuitenpoliGemAantalBinnen5Km": 0.0, "ziekenhuisInclBuitenpoliGemAantalBinnen10Km": 1.2, "ziekenhuisInclBuitenpoliGemAantalBinnen20Km": 5.0, "ziekenhuisExclBuitenpolikliniekGemAfstInKm": 9.1, "ziekenhuisExclBuitenpoliGemAantalBinnen5Km": 0.0, "ziekenhuisExclBuitenpoliGemAantalBinnen10Km": 1.0, "ziekenhuisExclBuitenpoliGemAantalBinnen20Km": 2.0, "groteSupermarktGemiddeldeAfstandInKm": 0.8, "groteSupermarktGemiddeldAantalBinnen1Km": 0.8, "groteSupermarktGemiddeldAantalBinnen3Km": 1.0, "groteSupermarktGemiddeldAantalBinnen5Km": 2.9, "winkelsOvDagelijkseLevensmGemAfstInKm": 0.7, "winkelsOvDagelLevensmGemAantalBinnen1Km": 0.8, "winkelsOvDagelLevensmGemAantalBinnen3Km": 1.2, "winkelsOvDagelLevensmGemAantalBinnen5Km": 8.2, "warenhuisGemiddeldeAfstandInKm": 6.0, "warenhuisGemiddeldAantalBinnen5Km": 0.2, "warenhuisGemiddeldAantalBinnen10Km": 2.6, "warenhuisGemiddeldAantalBinnen20Km": 10.4, "cafeGemiddeldeAfstandInKm": 5.9, "cafeGemiddeldAantalBinnen1Km": 0.0, "cafeGemiddeldAantalBinnen3Km": 0.3, "cafeGemiddeldAantalBinnen5Km": 4.2, "cafetariaGemiddeldeAfstandInKm": 4.0, "cafetariaGemiddeldAantalBinnen1Km": 0.0, "cafetariaGemiddeldAantalBinnen3Km": 0.4, "cafetariaGemiddeldAantalBinnen5Km": 8.3, "restaurantGemiddeldeAfstandInKm": 0.7, "restaurantGemiddeldAantalBinnen1Km": 0.8, "restaurantGemiddeldAantalBinnen3Km": 2.1, "restaurantGemiddeldAantalBinnen5Km": 14.6, "hotelGemiddeldeAfstandInKm": 0.7, "hotelGemiddeldAantalBinnen5Km": 5.5, "hotelGemiddeldAantalBinnen10Km": 27.3, "hotelGemiddeldAantalBinnen20Km": 38.4, "kinderdagverblijfGemiddeldeAfstandInKm": 0.8, "kinderdagverblijfGemiddeldAantalBinnen1Km": 1.7, "kinderdagverblijfGemiddeldAantalBinnen3Km": 1.9, "kinderdagverblijfGemiddeldAantalBinnen5Km": 5.2, "buitenschoolseOpvangGemAfstandInKm": 0.8, "buitenschoolseOpvangGemiddeldAantalBinnen1Km": 0.8, "buitenschoolseOpvangGemiddeldAantalBinnen3Km": 1.0, "buitenschoolseOpvangGemiddeldAantalBinnen5Km": 3.0, "basisonderwijsGemiddeldeAfstandInKm": 0.9, "basisonderwijsGemiddeldAantalBinnen1Km": 0.8, "basisonderwijsGemiddeldAantalBinnen3Km": 0.9, "basisonderwijsGemiddeldAantalBinnen5Km": 2.7, "voortgezetOnderwijsGemAfstandInKm": 5.6, "voortgezetOnderwijsGemiddeldAantalBinnen3Km": 0.0, "voortgezetOnderwijsGemiddeldAantalBinnen5Km": 0.2, "voortgezetOnderwijsGemiddeldAantalBinnen10Km": 13.7, "vmboGemiddeldeAfstandInKm": 6.3, "vmboGemiddeldAantalBinnen3Km": 0.0, "vmboGemiddeldAantalBinnen5Km": 0.1, "vmboGemiddeldAantalBinnen10Km": 11.6, "havoVwoGemiddeldeAfstandInKm": 5.6, "havoVwoGemiddeldAantalBinnen3Km": 0.0, "havoVwoGemiddeldAantalBinnen5Km": 0.2, "havoVwoGemiddeldAantalBinnen10Km": 9.1, "brandweerkazerneGemiddeldeAfstandInKm": 4.7, "opritHoofdverkeerswegGemiddeldeAfstandInKm": 2.5, "treinstationGemiddeldeAfstandInKm": 7.4, "overstapstationGemiddeldeAfstandInKm": 7.4, "zwembadGemiddeldeAfstandInKm": 6.6, "kunstijsbaanGemiddeldeAfstandInKm": 12.6, "bibliotheekGemiddeldeAfstandInKm": 0.8, "poppodiumGemiddeldeAfstandInKm": 6.0, "bioscoopGemiddeldeAfstandInKm": 6.2, "bioscoopGemiddeldAantalBinnen5Km": 0.1, "bioscoopGemiddeldAantalBinnen10Km": 2.1, "bioscoopGemiddeldAantalBinnen20Km": 7.0, "saunaGemiddeldeAfstandInKm": 8.8, "zonnebankGemiddeldeAfstandInKm": 6.0, "attractieparkGemiddeldeAfstandInKm": 5.3, "attractieparkGemiddeldAantalBinnen10Km": 2.0, "attractieparkGemiddeldAantalBinnen20Km": 6.0, "attractieparkGemiddeldAantalBinnen50Km": 26.2, "theaterGemiddeldeAfstandInKm": 6.0, "theaterGemiddeldAantalBinnen5Km": 0.5, "theaterGemiddeldAantalBinnen10Km": 8.0, "theaterGemiddeldAantalBinnen20Km": 12.1, "gemiddeldeAfstandTotMuseum": 5.8, "gemiddeldAantalMuseaBinnen5Km": 0.3, "gemiddeldAantalMuseaBinnen10Km": 7.9, "gemiddeldAantalMuseaBinnen20Km": 12.4, "afstandTotOpenbaarGroenTotaal": -99997.0, "afstandTotParkOfPlantsoen": -99997.0, "afstandTotDagrcreatiefTerrein": -99997.0, "afstandTotBos": -99997.0, "afstandTotOpenNatuurTerreinTotaal": -99997.0, "afstandTotOpenDroogNatuurTerrein": -99997.0, "afstandTotOpenNatNatuurlijkTerrein": -99997.0, "afstandTotSemiopenbaarGroenTotaal": -99997.0, "afstandTotSportterrein": -99997.0, "afstandTotVolkstuin": -99997.0, "afstandTotVerblijfsrecreatiefTerrein": -99997.0, "afstandTotRecreatiefBinnenwater": -99997.0, "afstandTotBegraafplaats": -99997.0, "jrstatcode": "2024WK194510", "jaar": 2024, "aantalNieuwbouwWoningen": 0.0, "aantalNietWoningvoorraad": 73, "aantalNieuwbouwNietWoningen": 1, "percEengezinswoningTussenwoning": 31.0, "percEengezinswoningHoekwoning": 22.0, "percEengezinswoning2Onder1Kap": 20.0, "percEengezinswoningVrijstaand": 15.0, "percBouwjaarMeerDan10JaarGeleden": 93.0, "percBouwjaarAfgelopen10Jaar": 7.0, "percentageOnbewoond": 3, "gemiddeldAardgasverbruik": 870, "percentageAardgaswoningen": 88.0, "percentageAardgasvrijeWoningen": 4.0, "gemiddeldeElektriciteitslevering": 2680.0, "gemiddeldeElektriciteitsteruglevering": 940.0, "percentageWoningenMetZonnestroom": 45.0, "aantalLeerlingenPrimairOnderwijs": 200, "aantalLeerlingenVoortgezetOnderwijs": 130, "aantalStudentenMbo": 60, "aantalStudentenHbo": 60, "aantalStudentenWo": 30 }, "geometry": { "type": "MultiPolygon", "coordinates": [ [ [ [ 5.952079818133345, 51.858955705650878 ], [ 5.952932690600449, 51.858360324871597 ], [ 5.954202763961725, 51.857572321744136 ], [ 5.955288135233281, 51.856928017258497 ], [ 5.954071066762872, 51.856053019063452 ], [ 5.95396277175087, 51.855975162196529 ], [ 5.953924481160684, 51.855947635495923 ], [ 5.953823686558617, 51.855875171348544 ], [ 5.953737994551782, 51.855813564251847 ], [ 5.953578175934361, 51.855698665067166 ], [ 5.953570846468836, 51.855702081914544 ], [ 5.953555620373813, 51.855692798342453 ], [ 5.95356498377404, 51.855689174833039 ], [ 5.953542617653336, 51.85567309983454 ], [ 5.95352228600562, 51.855658474750108 ], [ 5.953505763021979, 51.855646599748347 ], [ 5.953302920694409, 51.855759548189667 ], [ 5.953189751188857, 51.85582256414343 ], [ 5.953090842321358, 51.85588610447396 ], [ 5.952964507809681, 51.855967700018311 ], [ 5.952904162575399, 51.85600667744599 ], [ 5.952883626130562, 51.856019638987874 ], [ 5.952764537774945, 51.856107293601887 ], [ 5.952611959906834, 51.856217958225585 ], [ 5.952518592590494, 51.856279044471478 ], [ 5.952441335808369, 51.856329590429027 ], [ 5.952200487654286, 51.856262347467833 ], [ 5.952174820920615, 51.856255181333488 ], [ 5.952167697530649, 51.856253175229426 ], [ 5.952141602198085, 51.856241930365897 ], [ 5.952123504804779, 51.85623413454546 ], [ 5.952099662418108, 51.856218501423371 ], [ 5.95203431172648, 51.856175644101427 ], [ 5.951992803568073, 51.856148428879635 ], [ 5.951968112418127, 51.856132242527309 ], [ 5.95193333687798, 51.856109435214293 ], [ 5.951894242574556, 51.856086019473267 ], [ 5.951861826192938, 51.856068441091857 ], [ 5.951828073959641, 51.856048514137541 ], [ 5.951819648137526, 51.856043350321194 ], [ 5.951775887683823, 51.856022869265651 ], [ 5.951659777496949, 51.855968534863926 ], [ 5.951482210572983, 51.855885435963103 ], [ 5.950701783130448, 51.855517240724595 ], [ 5.950669946299067, 51.855501825465105 ], [ 5.950369760522277, 51.85535642985208 ], [ 5.950360102308764, 51.855364116429676 ], [ 5.950182649072306, 51.855258390940662 ], [ 5.949906881977387, 51.855124651972318 ], [ 5.949890452566901, 51.855116686019301 ], [ 5.949854944146615, 51.855146572269454 ], [ 5.949828568398797, 51.855136369108486 ], [ 5.949632202687427, 51.855060406327567 ], [ 5.94954858099701, 51.855029149466269 ], [ 5.949475802239212, 51.855004851641752 ], [ 5.949405377505918, 51.854984236775188 ], [ 5.949329796191454, 51.854962163458914 ], [ 5.949253067788605, 51.854942378669449 ], [ 5.949004313721135, 51.854886177967153 ], [ 5.948951579286014, 51.854879176644758 ], [ 5.948930091580555, 51.854876330355296 ], [ 5.948947086933271, 51.854859998683061 ], [ 5.94889148224498, 51.854850970678633 ], [ 5.948838146541342, 51.854842309308076 ], [ 5.948812142244475, 51.854838227116858 ], [ 5.948418500857634, 51.854776453376374 ], [ 5.9482161403688, 51.854736621956938 ], [ 5.948113068188372, 51.854711056890103 ], [ 5.948032320369557, 51.854685474946926 ], [ 5.947965286215628, 51.854664285730351 ], [ 5.947902093283028, 51.854642664653909 ], [ 5.947849475906593, 51.854624049120901 ], [ 5.947789175915506, 51.854599277174245 ], [ 5.947741024276644, 51.854578857841119 ], [ 5.947717761282668, 51.854568994388138 ], [ 5.947670693511809, 51.854548419742066 ], [ 5.947622283267811, 51.854526107715998 ], [ 5.94758763614714, 51.854508673639543 ], [ 5.947580597029312, 51.854505119933044 ], [ 5.947574814090559, 51.854502198412689 ], [ 5.947574513181621, 51.854502046145846 ], [ 5.947574149447101, 51.85450186092141 ], [ 5.947573481912476, 51.854501524342801 ], [ 5.947495524492199, 51.854462175387127 ], [ 5.947336013700289, 51.854380251427813 ], [ 5.946649675996122, 51.854034330230313 ], [ 5.946239493005294, 51.853827283821502 ], [ 5.946146624602522, 51.853780401614571 ], [ 5.945441872717679, 51.853424053514196 ], [ 5.945145237305335, 51.853273360452249 ], [ 5.945005918056024, 51.853202581981733 ], [ 5.944912624974108, 51.853155188476606 ], [ 5.944908953331651, 51.853157578890951 ], [ 5.944723378084631, 51.853062214283391 ], [ 5.944621723179051, 51.853009975911633 ], [ 5.944621233792597, 51.853009722063369 ], [ 5.944620742977165, 51.8530094700196 ], [ 5.944153095361168, 51.852769143241716 ], [ 5.944110669388146, 51.852748050779823 ], [ 5.944095583029427, 51.852740554038022 ], [ 5.944079036582296, 51.852724147618474 ], [ 5.944070656616425, 51.852700160189059 ], [ 5.94407162748902, 51.852695337740165 ], [ 5.94407345611808, 51.852690628072196 ], [ 5.944081268557388, 51.852679890180518 ], [ 5.944081499126305, 51.852679638307023 ], [ 5.944081735422436, 51.852679380114381 ], [ 5.94410325354418, 51.852660042597357 ], [ 5.944067264844468, 51.852641994544534 ], [ 5.944021039332351, 51.85261880777793 ], [ 5.944007850935002, 51.852612200871462 ], [ 5.94364476750478, 51.852430116781143 ], [ 5.942237810529519, 51.851724520306398 ], [ 5.942176121456932, 51.851768981575646 ], [ 5.942157056907511, 51.851782518537206 ], [ 5.942099477967867, 51.851753029824245 ], [ 5.94202105569597, 51.851712871382176 ], [ 5.941840800482014, 51.851621986626888 ], [ 5.941636961187847, 51.851519384131308 ], [ 5.941446420084504, 51.85142168014189 ], [ 5.941257534637468, 51.851325172489332 ], [ 5.941214241356077, 51.851304145999876 ], [ 5.941206137573569, 51.851300211331555 ], [ 5.941186178966415, 51.851290525144059 ], [ 5.941239915740318, 51.85125912628736 ], [ 5.941250593864945, 51.851252882793986 ], [ 5.941237493904794, 51.851246437852467 ], [ 5.941235910983631, 51.851245658830088 ], [ 5.941234325160195, 51.85124487982165 ], [ 5.94122248253137, 51.85123905723988 ], [ 5.940923871883447, 51.851089468475699 ], [ 5.940781649976164, 51.851030590512451 ], [ 5.940446732049425, 51.850891949015853 ], [ 5.940432887791324, 51.850886216687101 ], [ 5.940386715989803, 51.850867100038919 ], [ 5.940367746432636, 51.850893103328204 ], [ 5.940284981317445, 51.850887875578955 ], [ 5.940269387410662, 51.850885036788526 ], [ 5.939877097971878, 51.850813736292174 ], [ 5.939479356695646, 51.850736860301311 ], [ 5.939083160440144, 51.850652119742861 ], [ 5.938976949846992, 51.850623900848539 ], [ 5.93895036065902, 51.850615639574322 ], [ 5.93892811287744, 51.850607519678022 ], [ 5.938907557165788, 51.850597602210591 ], [ 5.938892159921879, 51.850581307411758 ], [ 5.938872941297283, 51.850566917262206 ], [ 5.938837569119443, 51.850544270687905 ], [ 5.938722781462114, 51.850492380188385 ], [ 5.938390373142846, 51.850342116889017 ], [ 5.938075886947683, 51.850158268351322 ], [ 5.936592059642047, 51.849225061645711 ], [ 5.936586654819545, 51.849228034279697 ], [ 5.936557225836455, 51.849242661519419 ], [ 5.93603024611081, 51.848913442998118 ], [ 5.935535698258392, 51.848604482603534 ], [ 5.935526660261532, 51.848598835104532 ], [ 5.935518938459484, 51.848594008398173 ], [ 5.935491504246956, 51.848576868745035 ], [ 5.935429369976122, 51.848610349093029 ], [ 5.9354288184187, 51.848609868087777 ], [ 5.935423443327021, 51.848605748594707 ], [ 5.935223885843573, 51.848685864916369 ], [ 5.935219812911527, 51.84868749287881 ], [ 5.935169234710678, 51.848641168566154 ], [ 5.934814278886059, 51.848779081318732 ], [ 5.934720161583011, 51.848818593501775 ], [ 5.934613481495898, 51.848863368554859 ], [ 5.934521457559197, 51.848901998927204 ], [ 5.934410702381637, 51.848950648869796 ], [ 5.934357828567636, 51.848975595818168 ], [ 5.934269351118666, 51.849020663205785 ], [ 5.934179132674944, 51.849069378986464 ], [ 5.934052545170585, 51.849142137650468 ], [ 5.933986341785325, 51.849183334844788 ], [ 5.933904379657558, 51.849234339967992 ], [ 5.933803583748499, 51.849298897539484 ], [ 5.933716895415488, 51.84935514686552 ], [ 5.933541579743845, 51.849461002852649 ], [ 5.933444352206344, 51.849520698692771 ], [ 5.933294541423408, 51.849612674184833 ], [ 5.933175539509155, 51.849686457235414 ], [ 5.933124135736701, 51.849719054990658 ], [ 5.932920407139822, 51.849848286482072 ], [ 5.932909487593939, 51.849853838223751 ], [ 5.93280386949918, 51.849907550239749 ], [ 5.932672475576773, 51.849972105253734 ], [ 5.932482857784983, 51.850059887301818 ], [ 5.932370797119924, 51.850106617821758 ], [ 5.932275632030357, 51.850146303671295 ], [ 5.932065057271872, 51.85024388096803 ], [ 5.931955439576751, 51.850301862344232 ], [ 5.931925197675734, 51.850317858439965 ], [ 5.931797142429398, 51.850393452829437 ], [ 5.931612598754468, 51.850509847290482 ], [ 5.931431670025483, 51.850598791773713 ], [ 5.931322655909511, 51.850640806166055 ], [ 5.931115067913215, 51.850703654283016 ], [ 5.930933978556025, 51.850753013358464 ], [ 5.930814629935645, 51.850784235017379 ], [ 5.9307130999605, 51.850815095392271 ], [ 5.930617320782472, 51.850847439119725 ], [ 5.930604195547053, 51.850851868305902 ], [ 5.930590998068648, 51.850856324790627 ], [ 5.930423347839387, 51.850947803902081 ], [ 5.930270818393726, 51.851029478252926 ], [ 5.930036147517141, 51.851156411963061 ], [ 5.929872206751731, 51.851245158591176 ], [ 5.9296718824816, 51.851353515298285 ], [ 5.929613122028221, 51.851385562144998 ], [ 5.929504930374974, 51.851444216842481 ], [ 5.92949975375009, 51.851447036186904 ], [ 5.929393494562417, 51.851501188498034 ], [ 5.929340964857421, 51.851555182413719 ], [ 5.929245342238823, 51.851640511514425 ], [ 5.929137432926766, 51.8517288544884 ], [ 5.929091082799494, 51.851763314702403 ], [ 5.929013012131679, 51.851817714024577 ], [ 5.928840268038987, 51.851920665710999 ], [ 5.928808448522513, 51.851939625491674 ], [ 5.928533678611759, 51.852097814449458 ], [ 5.928473072908685, 51.852132142420182 ], [ 5.92828214378324, 51.85224025564343 ], [ 5.928168399113319, 51.852302261336213 ], [ 5.928100078470171, 51.852334782029146 ], [ 5.928050952269177, 51.852358171796936 ], [ 5.927988122423341, 51.852383817882313 ], [ 5.92790028406574, 51.852407171131617 ], [ 5.927647163229367, 51.852435967644297 ], [ 5.927444516457675, 51.852456918021673 ], [ 5.927135582255546, 51.852485341137253 ], [ 5.927037079331395, 51.852494405242396 ], [ 5.927007662144887, 51.852497138224606 ], [ 5.926927413625591, 51.85250459023149 ], [ 5.926847150565617, 51.852512042250346 ], [ 5.926792390190431, 51.852517129841296 ], [ 5.926445494526905, 51.852551181682294 ], [ 5.926250720620014, 51.852570296122195 ], [ 5.926202091099528, 51.852572236268827 ], [ 5.926187699597289, 51.852572814706051 ], [ 5.926155405663946, 51.852574104548445 ], [ 5.925888158184314, 51.852602737419623 ], [ 5.925646524792622, 51.852628627529768 ], [ 5.925409051415935, 51.852654066616743 ], [ 5.925090603128954, 51.852688190725537 ], [ 5.924684428985077, 51.852733322180292 ], [ 5.924399906555856, 51.852758246610215 ], [ 5.924384957620418, 51.852759555445957 ], [ 5.92433863701033, 51.852761610090745 ], [ 5.924306454784389, 51.852767411139183 ], [ 5.924234040662378, 51.852599351973048 ], [ 5.924140444300786, 51.852405349989091 ], [ 5.924033886094613, 51.852184468685437 ], [ 5.923931614948567, 51.851972466291087 ], [ 5.923917797615893, 51.851943280902979 ], [ 5.923813720788479, 51.851723385769425 ], [ 5.92368987827046, 51.851459788924345 ], [ 5.923584279676823, 51.851235019782216 ], [ 5.923552336627206, 51.851158493862279 ], [ 5.923428817856128, 51.85088891790096 ], [ 5.923376276612022, 51.850779210615123 ], [ 5.923312768953486, 51.850650497779675 ], [ 5.923247257172592, 51.850489965781925 ], [ 5.923212265904554, 51.850423071384526 ], [ 5.923115555274159, 51.850217865133907 ], [ 5.923099235984878, 51.850183244039791 ], [ 5.923007767172809, 51.849989123548966 ], [ 5.922946138699919, 51.8498583705288 ], [ 5.922921203027056, 51.849814368793353 ], [ 5.922895459180822, 51.849790261396031 ], [ 5.922873796471507, 51.849754191444767 ], [ 5.922849905201779, 51.849713789316048 ], [ 5.922675641266865, 51.849313706384734 ], [ 5.922667389930637, 51.849294760317783 ], [ 5.922587236253463, 51.849112084155557 ], [ 5.922482573731989, 51.848873566301933 ], [ 5.922370961056794, 51.848615566007361 ], [ 5.922258482840144, 51.848355457250598 ], [ 5.922235217469517, 51.848301668260056 ], [ 5.922109458979036, 51.848010825289975 ], [ 5.922100198136037, 51.847992378150387 ], [ 5.922086064895823, 51.847951059501028 ], [ 5.922069353864434, 51.847912646896539 ], [ 5.922041378033832, 51.847848353797851 ], [ 5.92201199958726, 51.847780822234569 ], [ 5.921985426613806, 51.847719767578468 ], [ 5.921967566605089, 51.847678690609449 ], [ 5.921949410850659, 51.847639592455693 ], [ 5.921915703073585, 51.847559442759319 ], [ 5.921632331204309, 51.846907287354902 ], [ 5.921471895419341, 51.846533296138446 ], [ 5.921325176707846, 51.846189893061805 ], [ 5.921255222575093, 51.846201914466214 ], [ 5.921121472200836, 51.846224885567601 ], [ 5.918570604436328, 51.846740691572457 ], [ 5.917192590738156, 51.847017378057359 ], [ 5.91573055395156, 51.847310857726548 ], [ 5.914964292367189, 51.847461907286089 ], [ 5.914156992001076, 51.847618923801754 ], [ 5.914147657696675, 51.847598750582691 ], [ 5.914092010008263, 51.847609596979623 ], [ 5.914036933316308, 51.847620748193286 ], [ 5.914034702927069, 51.847616057221465 ], [ 5.91399676181612, 51.847536319793754 ], [ 5.913945575134756, 51.847433406538784 ], [ 5.913879087284982, 51.847291623757513 ], [ 5.913802374703104, 51.847129294169385 ], [ 5.913744561629422, 51.847011921099039 ], [ 5.913715584392617, 51.846950282148377 ], [ 5.91367128414586, 51.846857818463178 ], [ 5.913577535629244, 51.846659530257526 ], [ 5.913379276730592, 51.846281913671177 ], [ 5.913319238834905, 51.846172666976393 ], [ 5.91324448775072, 51.846035037604352 ], [ 5.913214037919458, 51.845988846470725 ], [ 5.91317834096602, 51.845922079004104 ], [ 5.913125617606026, 51.845841346898553 ], [ 5.912942778703209, 51.845556979056603 ], [ 5.912866250901202, 51.845441000808528 ], [ 5.912715544762198, 51.845203840983771 ], [ 5.91264942465985, 51.845092949317561 ], [ 5.912547995600115, 51.844942144056063 ], [ 5.912478517148726, 51.844828176181551 ], [ 5.912400519946011, 51.844696744882718 ], [ 5.912345919154264, 51.844610331105216 ], [ 5.912284443399642, 51.844513018048083 ], [ 5.912255400187949, 51.844456610331633 ], [ 5.912218174280294, 51.844399124643438 ], [ 5.912175689960726, 51.844320036135159 ], [ 5.91205856020932, 51.844110534765967 ], [ 5.91203577212172, 51.844069064870851 ], [ 5.912022236057232, 51.84404956643175 ], [ 5.911998602832666, 51.844017753958937 ], [ 5.911973252892595, 51.843981832424937 ], [ 5.911951358011329, 51.843957220946372 ], [ 5.911926077647712, 51.843928507868867 ], [ 5.911897368767149, 51.84388950929371 ], [ 5.911850340195758, 51.843847509562529 ], [ 5.911759510288363, 51.843755253162229 ], [ 5.911630288769707, 51.843626126658819 ], [ 5.911528272055971, 51.843522720401417 ], [ 5.911320442653014, 51.843302594628092 ], [ 5.911202548983896, 51.843182738134871 ], [ 5.911018719802673, 51.842990881352918 ], [ 5.910910024061827, 51.842876924906868 ], [ 5.910738793300256, 51.842700049223097 ], [ 5.910516626403464, 51.842469244734851 ], [ 5.910404655979153, 51.842349244175153 ], [ 5.910243265541969, 51.842184665106892 ], [ 5.910166455164026, 51.842096983052251 ], [ 5.910069755026024, 51.842000958360138 ], [ 5.909956276941291, 51.84188213259619 ], [ 5.90981403011763, 51.84173507612963 ], [ 5.909757780469511, 51.841677144061286 ], [ 5.909727333780546, 51.841638161682219 ], [ 5.909675970571543, 51.841566005083266 ], [ 5.909671227688344, 51.841558692482245 ], [ 5.909651738363552, 51.841528586878006 ], [ 5.909634152501261, 51.841510076952282 ], [ 5.909619104533458, 51.841495061240842 ], [ 5.909616579472252, 51.841492546713503 ], [ 5.909599683506257, 51.841477089801813 ], [ 5.909591043472711, 51.841469192317348 ], [ 5.909590678300036, 51.841468860469682 ], [ 5.909590313126766, 51.84146852862186 ], [ 5.90948573529783, 51.841373806796554 ], [ 5.909412291963001, 51.84130468849618 ], [ 5.909298916362348, 51.841195650120405 ], [ 5.909190365405539, 51.841093430423477 ], [ 5.909158837907353, 51.84106503217216 ], [ 5.909115330077535, 51.841025847064955 ], [ 5.909072802472421, 51.840984841904906 ], [ 5.909046666726465, 51.840959646516147 ], [ 5.909005141792475, 51.840918753723066 ], [ 5.908959680224315, 51.84088625570363 ], [ 5.908933767083603, 51.840867737757421 ], [ 5.908833103575907, 51.840801149038938 ], [ 5.908741112931255, 51.840765460112557 ], [ 5.908632584385432, 51.840740154417247 ], [ 5.908524130206796, 51.840720007691829 ], [ 5.908415840680561, 51.840715329347532 ], [ 5.908232710471268, 51.840716142642009 ], [ 5.907982965021627, 51.840717251318985 ], [ 5.907664917005391, 51.840714536714934 ], [ 5.906606102400773, 51.84071601037963 ], [ 5.905966625888306, 51.840716897721741 ], [ 5.905641965407256, 51.840718332591898 ], [ 5.905425520236356, 51.84071928869453 ], [ 5.905258914253309, 51.840709714560887 ], [ 5.905092353069485, 51.840705290403896 ], [ 5.90496742110133, 51.84070069131873 ], [ 5.904732379901704, 51.840676973867353 ], [ 5.904332138745872, 51.840622012015046 ], [ 5.904031858585466, 51.840571767962665 ], [ 5.903806567339834, 51.840526343432188 ], [ 5.903656191229834, 51.840480597757605 ], [ 5.903497545811038, 51.840440038686324 ], [ 5.903338797007546, 51.840389170047033 ], [ 5.903163332032434, 51.840333206310994 ], [ 5.903004451370026, 51.840272027992135 ], [ 5.902368829276272, 51.840016976236853 ], [ 5.901967240845599, 51.839843400022183 ], [ 5.901456986064327, 51.839629050511775 ], [ 5.901164146765341, 51.839501411512501 ], [ 5.901068926261472, 51.839461658951507 ], [ 5.90084629385858, 51.839368721885727 ], [ 5.900712567037346, 51.839322899571727 ], [ 5.900612433745787, 51.839302709138614 ], [ 5.900529016282309, 51.839287604892412 ], [ 5.900437446733742, 51.839288005451039 ], [ 5.900354323137636, 51.839298678810344 ], [ 5.900296111691015, 51.839304091869522 ], [ 5.900229689248875, 51.839319852406163 ], [ 5.900210280572283, 51.839282175680815 ], [ 5.900201764739492, 51.839265639019132 ], [ 5.900069421215828, 51.839008688063885 ], [ 5.89918001384657, 51.83919698829046 ], [ 5.898712696245121, 51.839296452721591 ], [ 5.898258743772924, 51.839394922271012 ], [ 5.898196377583806, 51.839408766515682 ], [ 5.897954636083369, 51.839475255280639 ], [ 5.897156285190212, 51.839694829070829 ], [ 5.896098681516021, 51.840049064137737 ], [ 5.895127500854986, 51.840386574462713 ], [ 5.895067383913554, 51.840405908258489 ], [ 5.894569371572295, 51.840566090286536 ], [ 5.894530377880543, 51.840556757147588 ], [ 5.893914274711483, 51.840740213849841 ], [ 5.893457347702268, 51.840875755115903 ], [ 5.893328785346073, 51.840913441179019 ], [ 5.893196596101997, 51.840952508991229 ], [ 5.892954024351997, 51.841020105550825 ], [ 5.892792689426459, 51.841064979249957 ], [ 5.89271856914903, 51.841085738421967 ], [ 5.892625434877774, 51.841111244474895 ], [ 5.892557632571005, 51.841129944931872 ], [ 5.892419937938574, 51.841168613115286 ], [ 5.892322176214011, 51.84119557700857 ], [ 5.892238310235617, 51.841218166537423 ], [ 5.892136060728545, 51.841246093381756 ], [ 5.892039882591806, 51.841273256959596 ], [ 5.891954095138621, 51.841296627561476 ], [ 5.89190146398392, 51.84131214337016 ], [ 5.891648142216617, 51.841381608116677 ], [ 5.891252745043025, 51.841486234455225 ], [ 5.890773411695387, 51.841597089180034 ], [ 5.889869262741928, 51.841829803804316 ], [ 5.889347760789943, 51.841959556337635 ], [ 5.888812854807943, 51.842105588065102 ], [ 5.888445329198909, 51.842213582273949 ], [ 5.888064570216184, 51.842334853877162 ], [ 5.887563999341522, 51.842503986539938 ], [ 5.887193994820025, 51.842645433538856 ], [ 5.886690081317742, 51.842843492653174 ], [ 5.886257602740638, 51.843032347200072 ], [ 5.885407713941734, 51.843429879012454 ], [ 5.88499427809179, 51.843633164411941 ], [ 5.884567391366507, 51.8438420413584 ], [ 5.884472647358357, 51.843888410897293 ], [ 5.884158918923387, 51.844014625948638 ], [ 5.884020811439567, 51.844063353068634 ], [ 5.883739248084932, 51.844131212395347 ], [ 5.881798868918157, 51.844596686903351 ], [ 5.881215177693324, 51.844773270475336 ], [ 5.880389295583872, 51.84505497384054 ], [ 5.880575195062269, 51.845273439418037 ], [ 5.88061050804047, 51.845314934574787 ], [ 5.880628533156259, 51.845316350871713 ], [ 5.880808276375391, 51.845330506837271 ], [ 5.880834304253768, 51.845320608896834 ], [ 5.880864855589001, 51.845308993098399 ], [ 5.880877895128389, 51.84531895141015 ], [ 5.880905803440591, 51.845340253547846 ], [ 5.881181317899356, 51.845550620005149 ], [ 5.881290428691007, 51.845601574761339 ], [ 5.881425094755741, 51.845652430779907 ], [ 5.881668322522621, 51.845702829254542 ], [ 5.881962805534743, 51.84576882187563 ], [ 5.88218696611616, 51.845827209530135 ], [ 5.88243045670952, 51.845901334910899 ], [ 5.882629194026551, 51.84597169380497 ], [ 5.882847319662747, 51.846061745133873 ], [ 5.883078870062135, 51.846211072295048 ], [ 5.883201277961717, 51.846309437260793 ], [ 5.883381182306269, 51.846407559007382 ], [ 5.883605987534012, 51.846525265211113 ], [ 5.884377718285855, 51.847012463640439 ], [ 5.885420524250826, 51.847640111009426 ], [ 5.885490982343307, 51.847659586517629 ], [ 5.885684324875231, 51.847816980650066 ], [ 5.885845770907212, 51.847978464931685 ], [ 5.886020821758239, 51.848215043849919 ], [ 5.886247769364386, 51.848532406011955 ], [ 5.88641557499216, 51.848773554330151 ], [ 5.886444984318754, 51.848809374154598 ], [ 5.886490147050698, 51.84885754902912 ], [ 5.88656920463936, 51.848942908819922 ], [ 5.886711230230875, 51.849072214891187 ], [ 5.886847432770447, 51.84921162166907 ], [ 5.886962576557965, 51.849331370279423 ], [ 5.886967430949555, 51.84936728554905 ], [ 5.886976847400901, 51.849411477757137 ], [ 5.886999720476341, 51.849461131582387 ], [ 5.887040413746775, 51.849507950042089 ], [ 5.887101178369768, 51.849554682992043 ], [ 5.887189672095862, 51.849619130919756 ], [ 5.887265975234832, 51.849657501216349 ], [ 5.887336661144451, 51.849690592199579 ], [ 5.887395048260363, 51.849717929002566 ], [ 5.887361210586763, 51.849730405413396 ], [ 5.887286670543634, 51.84975277181028 ], [ 5.887189157792185, 51.849781887509742 ], [ 5.887091556375314, 51.849803030724217 ], [ 5.886970795473695, 51.849825872434444 ], [ 5.886796026809785, 51.849853725817269 ], [ 5.886621328633825, 51.849887951470755 ], [ 5.886474871072543, 51.849914083941684 ], [ 5.886333604056084, 51.849944985012506 ], [ 5.886191244633048, 51.8499925731739 ], [ 5.886065630986152, 51.850042534845514 ], [ 5.885922147710974, 51.850105326972432 ], [ 5.885864678760769, 51.850139871211034 ], [ 5.885738833389166, 51.850193878329513 ], [ 5.88560395437356, 51.850267024192718 ], [ 5.885493387798139, 51.850307600290833 ], [ 5.885364189981789, 51.850336795062589 ], [ 5.8852160440533, 51.850325963513292 ], [ 5.884965118730721, 51.850223903258858 ], [ 5.884770065675216, 51.850154062990271 ], [ 5.884674383812234, 51.850146828414786 ], [ 5.88466098982222, 51.850152278277221 ], [ 5.88462219482803, 51.850168055702149 ], [ 5.885463424031631, 51.850664875681453 ], [ 5.88562155613569, 51.85074250282922 ], [ 5.885785638859311, 51.850799107401258 ], [ 5.885930800920327, 51.850819496679648 ], [ 5.885924386826409, 51.850852340868322 ], [ 5.885905116955248, 51.850951008375773 ], [ 5.885842855193134, 51.851176641023052 ], [ 5.885761333919656, 51.851423361518059 ], [ 5.885754775459675, 51.851443190993329 ], [ 5.885765067225972, 51.851474750756843 ], [ 5.885772609851748, 51.851497908984214 ], [ 5.885804615858731, 51.851588520671456 ], [ 5.885876551599413, 51.851704112448132 ], [ 5.885925220420888, 51.851798662158814 ], [ 5.885975727581567, 51.851887505341821 ], [ 5.885973248647187, 51.851938858054019 ], [ 5.885965164017796, 51.851983376381803 ], [ 5.885952457658846, 51.852027339087428 ], [ 5.885932341069043, 51.852071899555774 ], [ 5.885741170428044, 51.852311499639633 ], [ 5.885704596432488, 51.852390340112997 ], [ 5.885702048791503, 51.852430277743082 ], [ 5.885704197546129, 51.852482752325074 ], [ 5.885743773388484, 51.852604153348203 ], [ 5.886073359304971, 51.853094341541357 ], [ 5.886102488450796, 51.853170125390911 ], [ 5.886158387422348, 51.853229301575062 ], [ 5.886173764030215, 51.853232418122197 ], [ 5.886180543114992, 51.853233791502625 ], [ 5.886276905339198, 51.85325333618546 ], [ 5.886530795934765, 51.853283338412417 ], [ 5.886780457976355, 51.853305034762791 ], [ 5.887185246208178, 51.854103456068053 ], [ 5.887396957867503, 51.854521012398003 ], [ 5.887408207059582, 51.854543210928732 ], [ 5.887459415422543, 51.855356665274705 ], [ 5.887487477868233, 51.855802311008105 ], [ 5.887497888419772, 51.855870471164259 ], [ 5.887550362739167, 51.856213894760543 ], [ 5.887557204441408, 51.856258718071238 ], [ 5.887558002666394, 51.856263927982269 ], [ 5.887557721533549, 51.856276504053703 ], [ 5.887538858255979, 51.857124502977975 ], [ 5.887501717876028, 51.857499786155003 ], [ 5.887394954612616, 51.858578776733452 ], [ 5.887371750585038, 51.858813258949539 ], [ 5.887354080350786, 51.858879543312959 ], [ 5.887323086884813, 51.858995734493725 ], [ 5.887319533070814, 51.859009043582184 ], [ 5.886818180704585, 51.858860603894108 ], [ 5.886787493534511, 51.858851521333797 ], [ 5.886579154861624, 51.858785039343346 ], [ 5.88643472679785, 51.858742868627928 ], [ 5.886284677270249, 51.85870951236128 ], [ 5.886221529980029, 51.858692442097052 ], [ 5.886175287093881, 51.858679946974988 ], [ 5.88616109094619, 51.858676106329064 ], [ 5.886119358249798, 51.858680229667641 ], [ 5.886072115323914, 51.858684897742762 ], [ 5.886050987933031, 51.858686982978803 ], [ 5.885014245364294, 51.858787588257535 ], [ 5.885012838820631, 51.858787729050093 ], [ 5.884527680205589, 51.858834799984166 ], [ 5.884410802270692, 51.858846135245827 ], [ 5.883980350174615, 51.858884855571134 ], [ 5.883556698932803, 51.858922970294337 ], [ 5.881584195290995, 51.859100368210449 ], [ 5.882328383507952, 51.860205598979121 ], [ 5.883029618512619, 51.861169357229819 ], [ 5.88360243531627, 51.861937337386721 ], [ 5.883707574661853, 51.862067899558141 ], [ 5.884169625445414, 51.862571347533482 ], [ 5.885031995191992, 51.863440185388455 ], [ 5.885814752567767, 51.86422924993586 ], [ 5.886765709096413, 51.865203007561398 ], [ 5.887477770403672, 51.86581255668586 ], [ 5.888421874643591, 51.866463437619352 ], [ 5.890288150745424, 51.867633778594907 ], [ 5.891060821819995, 51.868105127351029 ], [ 5.891610971326628, 51.86841895183256 ], [ 5.892356473168201, 51.868860459283418 ], [ 5.892502564072299, 51.868937400961073 ], [ 5.892535739934317, 51.868954039611445 ], [ 5.893316985912244, 51.869345842720008 ], [ 5.893998449481888, 51.869695133584145 ], [ 5.895028338828268, 51.870168275867954 ], [ 5.895967774166152, 51.870533616079484 ], [ 5.899247975818345, 51.871438550720931 ], [ 5.899326488475753, 51.871460212004777 ], [ 5.90361355729609, 51.872541952747767 ], [ 5.903642433022886, 51.872547713170491 ], [ 5.909119405477256, 51.873640048491836 ], [ 5.909399233844662, 51.873679036535272 ], [ 5.909777515630721, 51.873730367320306 ], [ 5.911394959427156, 51.873903339475987 ], [ 5.914002331380432, 51.874179355513299 ], [ 5.914125815616351, 51.87419242608091 ], [ 5.914468570018169, 51.874222436767198 ], [ 5.914632242582998, 51.874233629284142 ], [ 5.917449473891448, 51.874378812645915 ], [ 5.918312729969546, 51.874428580776019 ], [ 5.919609571784021, 51.874530910180418 ], [ 5.921035895888761, 51.87465046972882 ], [ 5.921993755841146, 51.874640411767707 ], [ 5.923633016752929, 51.874623180785967 ], [ 5.925469718569871, 51.874392839930465 ], [ 5.932185623170108, 51.873554242246783 ], [ 5.933326436472714, 51.873178878087835 ], [ 5.934960507223789, 51.872641185850178 ], [ 5.937315412574559, 51.871411120624948 ], [ 5.940236669708409, 51.869261092523317 ], [ 5.941585635135667, 51.868268171075513 ], [ 5.945323433463419, 51.865168637134474 ], [ 5.94684224028928, 51.863719956316075 ], [ 5.94810386356317, 51.862499003744567 ], [ 5.949645093846701, 51.861020039977234 ], [ 5.950489719103762, 51.860239104175534 ], [ 5.951262895762443, 51.85959624540066 ], [ 5.952079818133345, 51.858955705650878 ] ] ] ] } },
{ "type": "Feature", "properties": { "wijkcode": "WK194502", "wijknaam": "Breedeweg", "gemeentecode": "GM1945", "gemeentenaam": "Berg en Dal", "indelingswijzigingWijkenEnBuurten": 1, "water": "NEE", "omgevingsadressendichtheid": 425, "stedelijkheidAdressenPerKm2": 5, "bevolkingsdichtheidInwonersPerKm2": 469, "aantalInwoners": 2550, "mannen": 1270, "vrouwen": 1285, "percentagePersonen0Tot15Jaar": 13, "percentagePersonen15Tot25Jaar": 12, "percentagePersonen25Tot45Jaar": 21, "percentagePersonen45Tot65Jaar": 32, "percentagePersonen65JaarEnOuder": 22, "percentageOngehuwd": 43, "percentageGehuwd": 45, "percentageGescheid": 7, "percentageVerweduwd": 5, "geboorteTotaal": 25, "geboortesPer1000Inwoners": 10, "sterfteTotaal": 25, "sterfteRelatief": 10, "aantalHuishoudens": 1135, "percentageEenpersoonshuishoudens": 30, "percentageHuishoudensZonderKinderen": 33, "percentageHuishoudensMetKinderen": 36, "gemiddeldeHuishoudsgrootte": 2.2, "percentageMetHerkomstlandNederland": 87, "percentageMetHerkomstlandUitEuropaExclNl": 6, "percentageMetHerkomstlandBuitenEuropa": 7, "percentageGebInNlMetHerkomstlandNederland": 87, "percGebInNlMetHerkomstlandInEuropaExNl": 4, "percGebInNlMetHerkomstlandBuitenEuropa": 3, "percGebBuitenNlMetHerkomstlndInEuropaExNl": 2, "percGebBuitenNlMetHerkomstlndBuitenEuropa": 4, "aantalBedrijvenLandbouwBosbouwVisserij": 20, "aantalBedrijvenNijverheidEnergie": 65, "aantalBedrijvenHandelEnHoreca": 30, "aantalBedrijvenVervoerInformatieCommunicatie": 15, "aantalBedrijvenFinancieelOnroerendGoed": 15, "aantalBedrijvenZakelijkeDienstverlening": 45, "aantalBedrijvenOverheidOnderwijsEnZorg": 35, "aantalBedrijvenCultuurRecreatieOverige": 30, "aantalBedrijfsvestigingen": 250, "woningvoorraad": 1122, "gemiddeldeWoningwaarde": 360, "percentageEengezinswoning": 90, "percentageMeergezinswoning": 10, "percentageBewoond": -99997, "percentageKoopwoningen": 69, "percentageHuurwoningen": 31, "percHuurwoningenInBezitWoningcorporaties": 26, "percHuurwoningenInBezitOverigeVerhuurders": 5, "percentageWoningenMetEigendomOnbekend": -99997, "percentageBouwjaarklasseTot2000": -99997, "percentageBouwjaarklasseVanaf2000": -99997, "percentageLeegstandWoningen": -99997, "gemiddeldGasverbruikTotaal": -99997, "gemiddeldGasverbruikAppartement": -99997, "gemiddeldGasverbruikTussenwoning": -99997, "gemiddeldGasverbruikHoekwoning": -99997, "gemiddeldGasverbruik2Onder1KapWoning": -99997, "gemiddeldGasverbruikVrijstaandeWoning": -99997, "gemiddeldGasverbruikHuurwoning": -99997, "gemiddeldGasverbruikkoopwoning": -99997, "gemiddeldElektriciteitsverbruikTotaal": -99997, "gemiddeldElektriciteitsverbruikAppartement": -99997, "gemiddeldElektriciteitsverbruikTussenwoning": -99997, "gemiddeldElektriciteitsverbruikHoekwoning": -99997, "gemElektriciteitsverbruik2Onder1KapWoning": -99997, "gemElektriciteitsverbruikVrijstaandeWoning": -99997, "gemiddeldElektriciteitsverbruikHuurwoning": -99997, "gemiddeldElektriciteitsverbruikkoopwoning": -99997, "percentageWoningenMetStadsverwarming": -99997, "opleidingsniveauLaag": -99997, "opleidingsniveauMiddelbaar": -99997, "opleidingsniveauHoog": -99997, "nettoArbeidsparticipatie": -99997, "percentageWerknemers": -99997, "percentageZelfstandigen": -99997, "aantalInkomensontvangers": -99997, "gemiddeldInkomenPerInkomensontvanger": -99997, "gemiddeldInkomenPerInwoner": -99997, "percentagePersonenMetHoogInkomen": -99997, "percentagePersonenMetLaagInkomen": -99997, "percentageHuishoudensMetHoogInkomen": -99997, "percentageHuishoudensMetLaagInkomen": -99997, "percentageHuishoudensMetLaagsteInkomen": -99997, "percentageHuishoudensOnderOfRondSociaalMinimum": -99997, "aantalPersonenMetEenAoUitkeringTotaal": 100, "aantalPersonenMetEenWwUitkeringTotaal": 20, "aantalPersonenMetEenAlgBijstandsuitkeringTot": 40, "aantalPersonenMetEenAowUitkeringTotaal": 470, "gemiddeldGestandaardiseerdInkomenVanHuishoudens": -99997.0, "huishoudensTot110PercentVanSociaalMinimum": -99997.0, "huishoudensTot120PercentVanSociaalMinimum": -99997.0, "mediaanVermogenVanParticuliereHuish": -99997.0, "aantalJongerenMetJeugdzorgInNatura": -99997, "percentageJongerenMetJeugdzorgInNatura": -99997.0, "aantalWmoClienten": -99997, "aantalWmoClientenPer1000Inwoners": -99997, "personenautosTotaal": 1450, "personenautosPerHuishouden": 1.3, "personenautosPerKm2": 266, "motortweewielersTotaal": 95, "aantalPersonenautosMetBrandstofBenzine": 1190, "aantalPersonenautosMetOverigeBrandstof": 260, "oppervlakteTotaalInHa": 545, "oppervlakteLandInHa": 545, "oppervlakteWaterInHa": 0, "huisartsenpraktijkGemiddeldeAfstandInKm": 0.6, "huisartsenpraktijkGemiddeldAantalBinnen1Km": 0.9, "huisartsenpraktijkGemiddeldAantalBinnen3Km": 3.4, "huisartsenpraktijkGemiddeldAantalBinnen5Km": 4.4, "huisartsenpostGemiddeldeAfstandInKm": 12.9, "apotheekGemiddeldeAfstandInKm": 2.7, "ziekenhuisInclBuitenpolikliniekGemAfstInKm": 11.4, "ziekenhuisInclBuitenpoliGemAantalBinnen5Km": 0.0, "ziekenhuisInclBuitenpoliGemAantalBinnen10Km": 0.0, "ziekenhuisInclBuitenpoliGemAantalBinnen20Km": 5.0, "ziekenhuisExclBuitenpolikliniekGemAfstInKm": 11.4, "ziekenhuisExclBuitenpoliGemAantalBinnen5Km": 0.0, "ziekenhuisExclBuitenpoliGemAantalBinnen10Km": 0.0, "ziekenhuisExclBuitenpoliGemAantalBinnen20Km": 3.0, "groteSupermarktGemiddeldeAfstandInKm": 0.5, "groteSupermarktGemiddeldAantalBinnen1Km": 0.9, "groteSupermarktGemiddeldAantalBinnen3Km": 6.3, "groteSupermarktGemiddeldAantalBinnen5Km": 7.5, "winkelsOvDagelijkseLevensmGemAfstInKm": 1.4, "winkelsOvDagelLevensmGemAantalBinnen1Km": 0.1, "winkelsOvDagelLevensmGemAantalBinnen3Km": 11.7, "winkelsOvDagelLevensmGemAantalBinnen5Km": 13.5, "warenhuisGemiddeldeAfstandInKm": 2.6, "warenhuisGemiddeldAantalBinnen5Km": 1.0, "warenhuisGemiddeldAantalBinnen10Km": 4.0, "warenhuisGemiddeldAantalBinnen20Km": 12.8, "cafeGemiddeldeAfstandInKm": 1.7, "cafeGemiddeldAantalBinnen1Km": 0.0, "cafeGemiddeldAantalBinnen3Km": 3.6, "cafeGemiddeldAantalBinnen5Km": 6.4, "cafetariaGemiddeldeAfstandInKm": 0.5, "cafetariaGemiddeldAantalBinnen1Km": 0.9, "cafetariaGemiddeldAantalBinnen3Km": 7.9, "cafetariaGemiddeldAantalBinnen5Km": 16.2, "restaurantGemiddeldeAfstandInKm": 2.1, "restaurantGemiddeldAantalBinnen1Km": 0.0, "restaurantGemiddeldAantalBinnen3Km": 9.7, "restaurantGemiddeldAantalBinnen5Km": 21.7, "hotelGemiddeldeAfstandInKm": 2.4, "hotelGemiddeldAantalBinnen5Km": 5.0, "hotelGemiddeldAantalBinnen10Km": 16.9, "hotelGemiddeldAantalBinnen20Km": 46.0, "kinderdagverblijfGemiddeldeAfstandInKm": 0.5, "kinderdagverblijfGemiddeldAantalBinnen1Km": 0.9, "kinderdagverblijfGemiddeldAantalBinnen3Km": 5.2, "kinderdagverblijfGemiddeldAantalBinnen5Km": 11.3, "buitenschoolseOpvangGemAfstandInKm": 0.5, "buitenschoolseOpvangGemiddeldAantalBinnen1Km": 0.9, "buitenschoolseOpvangGemiddeldAantalBinnen3Km": 4.2, "buitenschoolseOpvangGemiddeldAantalBinnen5Km": 7.7, "basisonderwijsGemiddeldeAfstandInKm": 0.6, "basisonderwijsGemiddeldAantalBinnen1Km": 0.9, "basisonderwijsGemiddeldAantalBinnen3Km": 3.2, "basisonderwijsGemiddeldAantalBinnen5Km": 6.3, "voortgezetOnderwijsGemAfstandInKm": 2.7, "voortgezetOnderwijsGemiddeldAantalBinnen3Km": 0.9, "voortgezetOnderwijsGemiddeldAantalBinnen5Km": 1.0, "voortgezetOnderwijsGemiddeldAantalBinnen10Km": 5.2, "vmboGemiddeldeAfstandInKm": 2.7, "vmboGemiddeldAantalBinnen3Km": 0.9, "vmboGemiddeldAantalBinnen5Km": 1.0, "vmboGemiddeldAantalBinnen10Km": 5.2, "havoVwoGemiddeldeAfstandInKm": 2.7, "havoVwoGemiddeldAantalBinnen3Km": 0.9, "havoVwoGemiddeldAantalBinnen5Km": 1.0, "havoVwoGemiddeldAantalBinnen10Km": 4.0, "brandweerkazerneGemiddeldeAfstandInKm": 2.7, "opritHoofdverkeerswegGemiddeldeAfstandInKm": 0.3, "treinstationGemiddeldeAfstandInKm": 6.0, "overstapstationGemiddeldeAfstandInKm": 12.3, "zwembadGemiddeldeAfstandInKm": 3.4, "kunstijsbaanGemiddeldeAfstandInKm": 15.8, "bibliotheekGemiddeldeAfstandInKm": 2.5, "poppodiumGemiddeldeAfstandInKm": 12.0, "bioscoopGemiddeldeAfstandInKm": 7.7, "bioscoopGemiddeldAantalBinnen5Km": 0.0, "bioscoopGemiddeldAantalBinnen10Km": 2.0, "bioscoopGemiddeldAantalBinnen20Km": 6.9, "saunaGemiddeldeAfstandInKm": 8.8, "zonnebankGemiddeldeAfstandInKm": 2.8, "attractieparkGemiddeldeAfstandInKm": 7.5, "attractieparkGemiddeldAantalBinnen10Km": 2.0, "attractieparkGemiddeldAantalBinnen20Km": 5.3, "attractieparkGemiddeldAantalBinnen50Km": 27.7, "theaterGemiddeldeAfstandInKm": 7.7, "theaterGemiddeldAantalBinnen5Km": 0.0, "theaterGemiddeldAantalBinnen10Km": 1.0, "theaterGemiddeldAantalBinnen20Km": 12.9, "gemiddeldeAfstandTotMuseum": 3.5, "gemiddeldAantalMuseaBinnen5Km": 1.0, "gemiddeldAantalMuseaBinnen10Km": 5.9, "gemiddeldAantalMuseaBinnen20Km": 14.9, "afstandTotOpenbaarGroenTotaal": -99997.0, "afstandTotParkOfPlantsoen": -99997.0, "afstandTotDagrcreatiefTerrein": -99997.0, "afstandTotBos": -99997.0, "afstandTotOpenNatuurTerreinTotaal": -99997.0, "afstandTotOpenDroogNatuurTerrein": -99997.0, "afstandTotOpenNatNatuurlijkTerrein": -99997.0, "afstandTotSemiopenbaarGroenTotaal": -99997.0, "afstandTotSportterrein": -99997.0, "afstandTotVolkstuin": -99997.0, "afstandTotVerblijfsrecreatiefTerrein": -99997.0, "afstandTotRecreatiefBinnenwater": -99997.0, "afstandTotBegraafplaats": -99997.0, "jrstatcode": "2024WK194502", "jaar": 2024, "aantalNieuwbouwWoningen": 3.0, "aantalNietWoningvoorraad": 58, "aantalNieuwbouwNietWoningen": 0, "percEengezinswoningTussenwoning": 31.0, "percEengezinswoningHoekwoning": 20.0, "percEengezinswoning2Onder1Kap": 14.0, "percEengezinswoningVrijstaand": 25.0, "percBouwjaarMeerDan10JaarGeleden": 98.0, "percBouwjaarAfgelopen10Jaar": 2.0, "percentageOnbewoond": 2, "gemiddeldAardgasverbruik": 990, "percentageAardgaswoningen": 95.0, "percentageAardgasvrijeWoningen": 1.0, "gemiddeldeElektriciteitslevering": 2910.0, "gemiddeldeElektriciteitsteruglevering": 1160.0, "percentageWoningenMetZonnestroom": 48.0, "aantalLeerlingenPrimairOnderwijs": 180, "aantalLeerlingenVoortgezetOnderwijs": 120, "aantalStudentenMbo": 90, "aantalStudentenHbo": 60, "aantalStudentenWo": 20 }, "geometry": { "type": "MultiPolygon", "coordinates": [ [ [ [ 5.94806218676748, 51.767516065411257 ], [ 5.946790634340017, 51.765782861483075 ], [ 5.946700563782072, 51.765660082864642 ], [ 5.946780620152533, 51.765596921564288 ], [ 5.946868010959739, 51.765578153167127 ], [ 5.956104603739512, 51.763773803030922 ], [ 5.956289570682463, 51.763741359527025 ], [ 5.956572233392969, 51.763726219750978 ], [ 5.957302358455148, 51.763727841729789 ], [ 5.958326760267556, 51.763741083311842 ], [ 5.959077598438005, 51.763751784160661 ], [ 5.959490430542729, 51.763776654950846 ], [ 5.959495480615093, 51.76376193929832 ], [ 5.959526632638808, 51.76374262435295 ], [ 5.959557384876534, 51.763720458364745 ], [ 5.959615991079473, 51.76370985232284 ], [ 5.959677006925427, 51.76371437041233 ], [ 5.960005034457229, 51.763798767214794 ], [ 5.960129448656711, 51.763820863456502 ], [ 5.960243756009712, 51.763832688252506 ], [ 5.960343456988556, 51.763828760804415 ], [ 5.96041034085043, 51.763817044241286 ], [ 5.962845566882324, 51.763060195299708 ], [ 5.962900017591359, 51.763039079650163 ], [ 5.962955107354049, 51.763026615078076 ], [ 5.966030252815884, 51.762067352940264 ], [ 5.966083542746, 51.76205081134875 ], [ 5.968332867267761, 51.761365618523897 ], [ 5.968365943366996, 51.761355418714629 ], [ 5.970379531280789, 51.760737214720969 ], [ 5.971526532242263, 51.760422976062806 ], [ 5.971559009686976, 51.760411956771051 ], [ 5.972630378127776, 51.760159624972019 ], [ 5.972319266698401, 51.759844930809024 ], [ 5.972126879678387, 51.759693024246857 ], [ 5.971882068495012, 51.759532872080911 ], [ 5.973547517592957, 51.758986674658672 ], [ 5.973544293162384, 51.75898509980329 ], [ 5.973538666428817, 51.758982350467434 ], [ 5.973448949252425, 51.758937730298683 ], [ 5.97324065006085, 51.7588341534153 ], [ 5.973009509459723, 51.758719382643172 ], [ 5.972541902356713, 51.758489902294357 ], [ 5.97215100168211, 51.758294526628902 ], [ 5.972067704390066, 51.758256659781431 ], [ 5.971600850837723, 51.758023109079119 ], [ 5.971493124729975, 51.757969966116242 ], [ 5.970816665559586, 51.757634654184571 ], [ 5.970484859778425, 51.757471760225506 ], [ 5.969698655051226, 51.757083577604583 ], [ 5.968821253732417, 51.756649973406077 ], [ 5.967643836192964, 51.756068413070658 ], [ 5.966915096199122, 51.755710938022538 ], [ 5.966856317268563, 51.755678959596082 ], [ 5.96685354608501, 51.755677454224774 ], [ 5.96574965145685, 51.755133065777521 ], [ 5.964438675808855, 51.754487899974045 ], [ 5.9642180724019, 51.754379316147073 ], [ 5.964207272575765, 51.754374003112453 ], [ 5.964074730299578, 51.754308760011497 ], [ 5.963483658023821, 51.754020059089434 ], [ 5.963273271579477, 51.753917301813608 ], [ 5.963264964561828, 51.753913243834837 ], [ 5.962398088465472, 51.753470758201487 ], [ 5.962394313739975, 51.753468898105986 ], [ 5.961508452134693, 51.753033123735847 ], [ 5.961177131702982, 51.752868906838231 ], [ 5.960645396567641, 51.752605959066031 ], [ 5.96052336880827, 51.75254562224103 ], [ 5.960034061118699, 51.752303299766893 ], [ 5.95983528840832, 51.752203769420433 ], [ 5.959586335691023, 51.752079126936628 ], [ 5.959176465193499, 51.751875054972572 ], [ 5.95861304675252, 51.751594518113883 ], [ 5.958336078182207, 51.751460733335335 ], [ 5.958199815823443, 51.751506484338989 ], [ 5.957801895418992, 51.751633957785337 ], [ 5.957164560837775, 51.751834260914649 ], [ 5.95682476277903, 51.751938500344359 ], [ 5.956470788772925, 51.751720331719469 ], [ 5.95614553013771, 51.751518921232709 ], [ 5.956128467499394, 51.751508361541262 ], [ 5.956125271084109, 51.751506390573702 ], [ 5.956097306394156, 51.751489169303824 ], [ 5.955750785244216, 51.751275762261336 ], [ 5.955743268264403, 51.751271097681148 ], [ 5.955262918126032, 51.750973297052298 ], [ 5.955251007964223, 51.750965912206823 ], [ 5.955150131720441, 51.750905278518829 ], [ 5.955134838935409, 51.750896076376762 ], [ 5.954093106809993, 51.750250865512776 ], [ 5.952271535428872, 51.74912561388318 ], [ 5.952237822945109, 51.749104788010889 ], [ 5.952233794960432, 51.749102299607408 ], [ 5.952153992170188, 51.749052833474039 ], [ 5.95198819098542, 51.748949418617649 ], [ 5.952329187988448, 51.748737108118213 ], [ 5.952536924654783, 51.748607910265342 ], [ 5.952682605804664, 51.748517797450631 ], [ 5.952780645032616, 51.748460165608158 ], [ 5.95290021594731, 51.748388551295413 ], [ 5.952976668209331, 51.748342861522261 ], [ 5.953163516496865, 51.748174141529475 ], [ 5.953234922106868, 51.748092116963484 ], [ 5.953287895804215, 51.748024158715417 ], [ 5.953098325689207, 51.747660252978569 ], [ 5.952974727123887, 51.747423001761682 ], [ 5.952762398179245, 51.747009363422052 ], [ 5.952556263135732, 51.746619397819451 ], [ 5.95253494232295, 51.746577326046491 ], [ 5.952396460717556, 51.746303966789711 ], [ 5.952293562048466, 51.746122254603691 ], [ 5.952284688846718, 51.746013759708475 ], [ 5.952276567410787, 51.74591442059841 ], [ 5.952272672038387, 51.745838045029785 ], [ 5.952269217804986, 51.745688158327063 ], [ 5.952267423709371, 51.745593399865605 ], [ 5.952270137238549, 51.745546421193374 ], [ 5.952332357521401, 51.745032690613776 ], [ 5.952351105716982, 51.744958381072863 ], [ 5.952353713001154, 51.744948040561688 ], [ 5.952425752300218, 51.744756145370211 ], [ 5.95245905865307, 51.744680012797026 ], [ 5.952485089728943, 51.744601065917337 ], [ 5.952478132665626, 51.744570457241863 ], [ 5.95246607922982, 51.744553769574608 ], [ 5.952435603269669, 51.744536748313585 ], [ 5.95236162902335, 51.744515029072524 ], [ 5.952354226044972, 51.74451241313426 ], [ 5.951952505425471, 51.744370648874401 ], [ 5.951715689519104, 51.744325561557403 ], [ 5.951550796722123, 51.744295668705028 ], [ 5.951339923295724, 51.74427211827215 ], [ 5.951009898287782, 51.744191910267361 ], [ 5.950737134408879, 51.744330388953429 ], [ 5.950316128829978, 51.744144128256181 ], [ 5.950238116199825, 51.744109618291667 ], [ 5.949854752259004, 51.74394001974882 ], [ 5.949500510836041, 51.743783304723614 ], [ 5.948543167899922, 51.743363209463027 ], [ 5.948199134292107, 51.743211574126079 ], [ 5.948083377122292, 51.743163077371939 ], [ 5.947350693714687, 51.742815495642049 ], [ 5.947094535564067, 51.742692470199664 ], [ 5.946745916432392, 51.742597633695333 ], [ 5.946504435136072, 51.742504361144952 ], [ 5.946134344202307, 51.742361410324712 ], [ 5.945053302564427, 51.742102368681266 ], [ 5.944556748260607, 51.741983106741507 ], [ 5.944467234316705, 51.741961609266639 ], [ 5.944248510839271, 51.741886201097955 ], [ 5.944104617047789, 51.741849672224099 ], [ 5.943962071845109, 51.741816813114411 ], [ 5.943347129104005, 51.741756300955295 ], [ 5.942965233444759, 51.741718724928489 ], [ 5.942886764149867, 51.741711016344262 ], [ 5.942880603223808, 51.741710416360419 ], [ 5.941015034951373, 51.741527234430784 ], [ 5.940875143094694, 51.741549908738349 ], [ 5.940826391892388, 51.741556925521692 ], [ 5.940708264536925, 51.741573932825965 ], [ 5.940693330210901, 51.741535594982892 ], [ 5.940358364328378, 51.741590182839097 ], [ 5.94020737094284, 51.741621483908247 ], [ 5.940042580237597, 51.741654072339145 ], [ 5.939978976182682, 51.741673140688526 ], [ 5.939826208265459, 51.741720386467833 ], [ 5.93957703722764, 51.741797056920866 ], [ 5.939523943415526, 51.741814853017082 ], [ 5.938366422198195, 51.741595300754106 ], [ 5.938298605795113, 51.741593147887848 ], [ 5.937820662653857, 51.741578100886841 ], [ 5.937471064019152, 51.741564525596381 ], [ 5.937286382427632, 51.741528575428042 ], [ 5.937072655446727, 51.741485399607079 ], [ 5.936700131059639, 51.741313028740556 ], [ 5.936133812564898, 51.741057359408458 ], [ 5.935890640838086, 51.741028611302305 ], [ 5.935222578705911, 51.741129974690303 ], [ 5.934958688367644, 51.741466484316469 ], [ 5.934783222586203, 51.741711516370444 ], [ 5.934622604094549, 51.741876012645321 ], [ 5.934601766115827, 51.741894896222014 ], [ 5.934486683407049, 51.741957895769197 ], [ 5.934449274265742, 51.741966636661047 ], [ 5.934367182212894, 51.741981293996794 ], [ 5.934249644588617, 51.74200304700517 ], [ 5.933677449404878, 51.741919363562829 ], [ 5.933144161222384, 51.74184285772543 ], [ 5.9327668796634, 51.741938447324827 ], [ 5.932770975625906, 51.741951497705273 ], [ 5.93275056650303, 51.742007142407218 ], [ 5.932560944914791, 51.74245033716371 ], [ 5.932320994955119, 51.742753651161756 ], [ 5.932197517011883, 51.743056045414562 ], [ 5.932252944529399, 51.743069288484953 ], [ 5.932258747404168, 51.743170967704813 ], [ 5.932307772955554, 51.743203215504352 ], [ 5.932114622364687, 51.743172393131843 ], [ 5.931987732070255, 51.743123770519126 ], [ 5.931807091305603, 51.743055658618097 ], [ 5.931773073417312, 51.743085182548853 ], [ 5.931526574713126, 51.743405693568548 ], [ 5.93151432879665, 51.743421615369137 ], [ 5.93185071429923, 51.74354154231402 ], [ 5.931153576399378, 51.743830547000044 ], [ 5.930713219917337, 51.744106950081786 ], [ 5.930323534668497, 51.744269985893936 ], [ 5.929948271667962, 51.744428468273483 ], [ 5.930014564373032, 51.744823875972756 ], [ 5.930064947804127, 51.745124401605786 ], [ 5.930195718360349, 51.745899926564512 ], [ 5.930242096934029, 51.745926272981976 ], [ 5.930249475025271, 51.745935335264669 ], [ 5.930287541723081, 51.745982124340969 ], [ 5.930656057721085, 51.746435059796923 ], [ 5.93073817978687, 51.746535189558529 ], [ 5.931845126461452, 51.747206397709988 ], [ 5.932527862017611, 51.747620060227973 ], [ 5.933142980813238, 51.747991535683731 ], [ 5.933282434712623, 51.748074354125727 ], [ 5.933286927102004, 51.748077020785033 ], [ 5.933323245547424, 51.748098585988373 ], [ 5.933267084178914, 51.748115000268037 ], [ 5.933184616967367, 51.748139105510013 ], [ 5.93020090047653, 51.748830298169779 ], [ 5.927727926892, 51.749403106578981 ], [ 5.926993524905894, 51.749573203732844 ], [ 5.926985885393713, 51.749574973726496 ], [ 5.926978072542918, 51.749576780472445 ], [ 5.926948828676558, 51.749583557762406 ], [ 5.926932697543375, 51.749587290428892 ], [ 5.926867407766164, 51.749602413358161 ], [ 5.926839810147341, 51.749608805517312 ], [ 5.924778024541015, 51.750086301343821 ], [ 5.924036220438361, 51.750258085724241 ], [ 5.923278240797156, 51.750432824733181 ], [ 5.923210189328486, 51.750448515544001 ], [ 5.922485749845992, 51.750615518583658 ], [ 5.928945653210796, 51.753753111566979 ], [ 5.928771939756232, 51.753869610450764 ], [ 5.931950320214336, 51.755434405891897 ], [ 5.931530242384652, 51.756738477761651 ], [ 5.931261040243792, 51.757574146234937 ], [ 5.930380478204294, 51.760451467017951 ], [ 5.933824195983044, 51.761408878088893 ], [ 5.933367819991068, 51.763066101877932 ], [ 5.933331329739122, 51.763160850858689 ], [ 5.933274272717193, 51.763254192759973 ], [ 5.932974918622517, 51.763580202291358 ], [ 5.932651750867659, 51.763906322759837 ], [ 5.932559117408152, 51.76398019067306 ], [ 5.932408829185301, 51.764083564834181 ], [ 5.933165609450977, 51.764385839506311 ], [ 5.933801369009074, 51.764686367299348 ], [ 5.934230032656726, 51.764913414847008 ], [ 5.936361094211776, 51.765781365710154 ], [ 5.937389505291142, 51.766200196047294 ], [ 5.937755886240677, 51.765783706613085 ], [ 5.938026869328075, 51.765475655203026 ], [ 5.939684959383865, 51.76646309501546 ], [ 5.94030010276546, 51.766000228239008 ], [ 5.942602143608446, 51.767264451954617 ], [ 5.942799020438111, 51.767137130163988 ], [ 5.943040546422889, 51.767263928788466 ], [ 5.943672522691404, 51.767600496098773 ], [ 5.941830453042539, 51.768784885561686 ], [ 5.943991837691942, 51.77006442784797 ], [ 5.944272416297296, 51.769885421568375 ], [ 5.944357676266696, 51.769823102859668 ], [ 5.944504744043579, 51.769730495277763 ], [ 5.944702710062875, 51.769624638930367 ], [ 5.945320673901613, 51.769434488031493 ], [ 5.945260050728554, 51.769346844789474 ], [ 5.945159858718643, 51.769180934672654 ], [ 5.944993605951984, 51.768952049218022 ], [ 5.944902386837515, 51.768825663102533 ], [ 5.947972152051424, 51.767638143475153 ], [ 5.948036461442062, 51.767614290134127 ], [ 5.948114658960994, 51.767589097510381 ], [ 5.94806218676748, 51.767516065411257 ] ] ] ] } },
{ "type": "Feature", "properties": { "wijkcode": "WK194501", "wijknaam": "Berg en Dal", "gemeentecode": "GM1945", "gemeentenaam": "Berg en Dal", "indelingswijzigingWijkenEnBuurten": 1, "water": "NEE", "omgevingsadressendichtheid": 475, "stedelijkheidAdressenPerKm2": 5, "bevolkingsdichtheidInwonersPerKm2": 318, "aantalInwoners": 2500, "mannen": 1205, "vrouwen": 1295, "percentagePersonen0Tot15Jaar": 12, "percentagePersonen15Tot25Jaar": 8, "percentagePersonen25Tot45Jaar": 20, "percentagePersonen45Tot65Jaar": 28, "percentagePersonen65JaarEnOuder": 32, "percentageOngehuwd": 46, "percentageGehuwd": 36, "percentageGescheid": 9, "percentageVerweduwd": 8, "geboorteTotaal": 10, "geboortesPer1000Inwoners": 4, "sterfteTotaal": 50, "sterfteRelatief": 21, "aantalHuishoudens": 1290, "percentageEenpersoonshuishoudens": 48, "percentageHuishoudensZonderKinderen": 30, "percentageHuishoudensMetKinderen": 22, "gemiddeldeHuishoudsgrootte": 1.9, "percentageMetHerkomstlandNederland": 82, "percentageMetHerkomstlandUitEuropaExclNl": 9, "percentageMetHerkomstlandBuitenEuropa": 9, "percentageGebInNlMetHerkomstlandNederland": 82, "percGebInNlMetHerkomstlandInEuropaExNl": 6, "percGebInNlMetHerkomstlandBuitenEuropa": 5, "percGebBuitenNlMetHerkomstlndInEuropaExNl": 4, "percGebBuitenNlMetHerkomstlndBuitenEuropa": 4, "aantalBedrijvenLandbouwBosbouwVisserij": 5, "aantalBedrijvenNijverheidEnergie": 30, "aantalBedrijvenHandelEnHoreca": 50, "aantalBedrijvenVervoerInformatieCommunicatie": 15, "aantalBedrijvenFinancieelOnroerendGoed": 20, "aantalBedrijvenZakelijkeDienstverlening": 115, "aantalBedrijvenOverheidOnderwijsEnZorg": 115, "aantalBedrijvenCultuurRecreatieOverige": 40, "aantalBedrijfsvestigingen": 390, "woningvoorraad": 1308, "gemiddeldeWoningwaarde": 435, "percentageEengezinswoning": 57, "percentageMeergezinswoning": 43, "percentageBewoond": -99997, "percentageKoopwoningen": 58, "percentageHuurwoningen": 41, "percHuurwoningenInBezitWoningcorporaties": 22, "percHuurwoningenInBezitOverigeVerhuurders": 20, "percentageWoningenMetEigendomOnbekend": -99997, "percentageBouwjaarklasseTot2000": -99997, "percentageBouwjaarklasseVanaf2000": -99997, "percentageLeegstandWoningen": -99997, "gemiddeldGasverbruikTotaal": -99997, "gemiddeldGasverbruikAppartement": -99997, "gemiddeldGasverbruikTussenwoning": -99997, "gemiddeldGasverbruikHoekwoning": -99997, "gemiddeldGasverbruik2Onder1KapWoning": -99997, "gemiddeldGasverbruikVrijstaandeWoning": -99997, "gemiddeldGasverbruikHuurwoning": -99997, "gemiddeldGasverbruikkoopwoning": -99997, "gemiddeldElektriciteitsverbruikTotaal": -99997, "gemiddeldElektriciteitsverbruikAppartement": -99997, "gemiddeldElektriciteitsverbruikTussenwoning": -99997, "gemiddeldElektriciteitsverbruikHoekwoning": -99997, "gemElektriciteitsverbruik2Onder1KapWoning": -99997, "gemElektriciteitsverbruikVrijstaandeWoning": -99997, "gemiddeldElektriciteitsverbruikHuurwoning": -99997, "gemiddeldElektriciteitsverbruikkoopwoning": -99997, "percentageWoningenMetStadsverwarming": -99997, "opleidingsniveauLaag": -99997, "opleidingsniveauMiddelbaar": -99997, "opleidingsniveauHoog": -99997, "nettoArbeidsparticipatie": -99997, "percentageWerknemers": -99997, "percentageZelfstandigen": -99997, "aantalInkomensontvangers": -99997, "gemiddeldInkomenPerInkomensontvanger": -99997, "gemiddeldInkomenPerInwoner": -99997, "percentagePersonenMetHoogInkomen": -99997, "percentagePersonenMetLaagInkomen": -99997, "percentageHuishoudensMetHoogInkomen": -99997, "percentageHuishoudensMetLaagInkomen": -99997, "percentageHuishoudensMetLaagsteInkomen": -99997, "percentageHuishoudensOnderOfRondSociaalMinimum": -99997, "aantalPersonenMetEenAoUitkeringTotaal": 90, "aantalPersonenMetEenWwUitkeringTotaal": 20, "aantalPersonenMetEenAlgBijstandsuitkeringTot": 40, "aantalPersonenMetEenAowUitkeringTotaal": 750, "gemiddeldGestandaardiseerdInkomenVanHuishoudens": -99997.0, "huishoudensTot110PercentVanSociaalMinimum": -99997.0, "huishoudensTot120PercentVanSociaalMinimum": -99997.0, "mediaanVermogenVanParticuliereHuish": -99997.0, "aantalJongerenMetJeugdzorgInNatura": -99997, "percentageJongerenMetJeugdzorgInNatura": -99997.0, "aantalWmoClienten": -99997, "aantalWmoClientenPer1000Inwoners": -99997, "personenautosTotaal": 1310, "personenautosPerHuishouden": 1.0, "personenautosPerKm2": 167, "motortweewielersTotaal": 115, "aantalPersonenautosMetBrandstofBenzine": 980, "aantalPersonenautosMetOverigeBrandstof": 330, "oppervlakteTotaalInHa": 785, "oppervlakteLandInHa": 785, "oppervlakteWaterInHa": 0, "huisartsenpraktijkGemiddeldeAfstandInKm": 1.1, "huisartsenpraktijkGemiddeldAantalBinnen1Km": 0.4, "huisartsenpraktijkGemiddeldAantalBinnen3Km": 3.4, "huisartsenpraktijkGemiddeldAantalBinnen5Km": 13.3, "huisartsenpostGemiddeldeAfstandInKm": 7.9, "apotheekGemiddeldeAfstandInKm": 3.0, "ziekenhuisInclBuitenpolikliniekGemAfstInKm": 5.1, "ziekenhuisInclBuitenpoliGemAantalBinnen5Km": 0.6, "ziekenhuisInclBuitenpoliGemAantalBinnen10Km": 3.9, "ziekenhuisInclBuitenpoliGemAantalBinnen20Km": 5.0, "ziekenhuisExclBuitenpolikliniekGemAfstInKm": 5.1, "ziekenhuisExclBuitenpoliGemAantalBinnen5Km": 0.6, "ziekenhuisExclBuitenpoliGemAantalBinnen10Km": 2.0, "ziekenhuisExclBuitenpoliGemAantalBinnen20Km": 2.0, "groteSupermarktGemiddeldeAfstandInKm": 2.0, "groteSupermarktGemiddeldAantalBinnen1Km": 0.0, "groteSupermarktGemiddeldAantalBinnen3Km": 3.5, "groteSupermarktGemiddeldAantalBinnen5Km": 16.9, "winkelsOvDagelijkseLevensmGemAfstInKm": 1.6, "winkelsOvDagelLevensmGemAantalBinnen1Km": 0.0, "winkelsOvDagelLevensmGemAantalBinnen3Km": 9.6, "winkelsOvDagelLevensmGemAantalBinnen5Km": 62.9, "warenhuisGemiddeldeAfstandInKm": 4.3, "warenhuisGemiddeldAantalBinnen5Km": 1.4, "warenhuisGemiddeldAantalBinnen10Km": 4.6, "warenhuisGemiddeldAantalBinnen20Km": 15.1, "cafeGemiddeldeAfstandInKm": 1.8, "cafeGemiddeldAantalBinnen1Km": 0.0, "cafeGemiddeldAantalBinnen3Km": 3.6, "cafeGemiddeldAantalBinnen5Km": 57.3, "cafetariaGemiddeldeAfstandInKm": 1.2, "cafetariaGemiddeldAantalBinnen1Km": 0.4, "cafetariaGemiddeldAantalBinnen3Km": 7.3, "cafetariaGemiddeldAantalBinnen5Km": 79.4, "restaurantGemiddeldeAfstandInKm": 0.9, "restaurantGemiddeldAantalBinnen1Km": 1.6, "restaurantGemiddeldAantalBinnen3Km": 15.9, "restaurantGemiddeldAantalBinnen5Km": 133.7, "hotelGemiddeldeAfstandInKm": 1.1, "hotelGemiddeldAantalBinnen5Km": 15.4, "hotelGemiddeldAantalBinnen10Km": 31.4, "hotelGemiddeldAantalBinnen20Km": 44.7, "kinderdagverblijfGemiddeldeAfstandInKm": 1.1, "kinderdagverblijfGemiddeldAantalBinnen1Km": 0.7, "kinderdagverblijfGemiddeldAantalBinnen3Km": 6.5, "kinderdagverblijfGemiddeldAantalBinnen5Km": 25.0, "buitenschoolseOpvangGemAfstandInKm": 1.0, "buitenschoolseOpvangGemiddeldAantalBinnen1Km": 0.4, "buitenschoolseOpvangGemiddeldAantalBinnen3Km": 7.5, "buitenschoolseOpvangGemiddeldAantalBinnen5Km": 22.9, "basisonderwijsGemiddeldeAfstandInKm": 1.1, "basisonderwijsGemiddeldAantalBinnen1Km": 0.4, "basisonderwijsGemiddeldAantalBinnen3Km": 4.2, "basisonderwijsGemiddeldAantalBinnen5Km": 12.9, "voortgezetOnderwijsGemAfstandInKm": 2.0, "voortgezetOnderwijsGemiddeldAantalBinnen3Km": 3.5, "voortgezetOnderwijsGemiddeldAantalBinnen5Km": 7.6, "voortgezetOnderwijsGemiddeldAantalBinnen10Km": 19.4, "vmboGemiddeldeAfstandInKm": 2.0, "vmboGemiddeldAantalBinnen3Km": 2.8, "vmboGemiddeldAantalBinnen5Km": 6.3, "vmboGemiddeldAantalBinnen10Km": 16.4, "havoVwoGemiddeldeAfstandInKm": 2.0, "havoVwoGemiddeldAantalBinnen3Km": 3.4, "havoVwoGemiddeldAantalBinnen5Km": 6.2, "havoVwoGemiddeldAantalBinnen10Km": 12.0, "brandweerkazerneGemiddeldeAfstandInKm": 3.1, "opritHoofdverkeerswegGemiddeldeAfstandInKm": 1.1, "treinstationGemiddeldeAfstandInKm": 4.0, "overstapstationGemiddeldeAfstandInKm": 5.4, "zwembadGemiddeldeAfstandInKm": 2.2, "kunstijsbaanGemiddeldeAfstandInKm": 9.8, "bibliotheekGemiddeldeAfstandInKm": 2.4, "poppodiumGemiddeldeAfstandInKm": 4.4, "bioscoopGemiddeldeAfstandInKm": 4.3, "bioscoopGemiddeldAantalBinnen5Km": 1.4, "bioscoopGemiddeldAantalBinnen10Km": 3.9, "bioscoopGemiddeldAantalBinnen20Km": 7.0, "saunaGemiddeldeAfstandInKm": 3.9, "zonnebankGemiddeldeAfstandInKm": 4.2, "attractieparkGemiddeldeAfstandInKm": 1.3, "attractieparkGemiddeldAantalBinnen10Km": 2.7, "attractieparkGemiddeldAantalBinnen20Km": 6.0, "attractieparkGemiddeldAantalBinnen50Km": 28.7, "theaterGemiddeldeAfstandInKm": 3.3, "theaterGemiddeldAantalBinnen5Km": 5.6, "theaterGemiddeldAantalBinnen10Km": 8.0, "theaterGemiddeldAantalBinnen20Km": 13.1, "gemiddeldeAfstandTotMuseum": 1.8, "gemiddeldAantalMuseaBinnen5Km": 5.6, "gemiddeldAantalMuseaBinnen10Km": 8.8, "gemiddeldAantalMuseaBinnen20Km": 17.7, "afstandTotOpenbaarGroenTotaal": -99997.0, "afstandTotParkOfPlantsoen": -99997.0, "afstandTotDagrcreatiefTerrein": -99997.0, "afstandTotBos": -99997.0, "afstandTotOpenNatuurTerreinTotaal": -99997.0, "afstandTotOpenDroogNatuurTerrein": -99997.0, "afstandTotOpenNatNatuurlijkTerrein": -99997.0, "afstandTotSemiopenbaarGroenTotaal": -99997.0, "afstandTotSportterrein": -99997.0, "afstandTotVolkstuin": -99997.0, "afstandTotVerblijfsrecreatiefTerrein": -99997.0, "afstandTotRecreatiefBinnenwater": -99997.0, "afstandTotBegraafplaats": -99997.0, "jrstatcode": "2024WK194501", "jaar": 2024, "aantalNieuwbouwWoningen": 9.0, "aantalNietWoningvoorraad": 186, "aantalNieuwbouwNietWoningen": 0, "percEengezinswoningTussenwoning": 12.0, "percEengezinswoningHoekwoning": 11.0, "percEengezinswoning2Onder1Kap": 14.0, "percEengezinswoningVrijstaand": 20.0, "percBouwjaarMeerDan10JaarGeleden": 97.0, "percBouwjaarAfgelopen10Jaar": 3.0, "percentageOnbewoond": 4, "gemiddeldAardgasverbruik": 1000, "percentageAardgaswoningen": 86.0, "percentageAardgasvrijeWoningen": 6.0, "gemiddeldeElektriciteitslevering": 2670.0, "gemiddeldeElektriciteitsteruglevering": 680.0, "percentageWoningenMetZonnestroom": 34.0, "aantalLeerlingenPrimairOnderwijs": 160, "aantalLeerlingenVoortgezetOnderwijs": 140, "aantalStudentenMbo": 30, "aantalStudentenHbo": 50, "aantalStudentenWo": 40 }, "geometry": { "type": "MultiPolygon", "coordinates": [ [ [ [ 5.913051459535926, 51.831428768483576 ], [ 5.913278374952494, 51.831238758703101 ], [ 5.913372825989719, 51.831266730772178 ], [ 5.913823720151991, 51.831387840541943 ], [ 5.913939805163291, 51.831305487979066 ], [ 5.914162489275869, 51.831165867114798 ], [ 5.914851522103466, 51.830749172697651 ], [ 5.915006328046233, 51.830637450208798 ], [ 5.915227629911904, 51.830463398498658 ], [ 5.915262348005591, 51.830410970415059 ], [ 5.915262592007887, 51.830410127991549 ], [ 5.915269787517512, 51.830385368192552 ], [ 5.915274680808764, 51.830347378668527 ], [ 5.915274367080317, 51.830288451357411 ], [ 5.915485613668662, 51.830233344521851 ], [ 5.91545468985758, 51.830089002320996 ], [ 5.915482097627695, 51.829764015879007 ], [ 5.915511748940061, 51.829447288751311 ], [ 5.915528367460323, 51.829172174218108 ], [ 5.915591160085678, 51.828957551195401 ], [ 5.915685663974435, 51.82877753490606 ], [ 5.915746055297256, 51.828684753003401 ], [ 5.915849795724667, 51.828542788308447 ], [ 5.915918962418338, 51.82844995778111 ], [ 5.916123733306537, 51.828182687831422 ], [ 5.916288077070955, 51.828219410045065 ], [ 5.916340199350365, 51.828135543077785 ], [ 5.916552438085613, 51.827794040229044 ], [ 5.917198828636726, 51.827465638512855 ], [ 5.917202285991094, 51.827437569716039 ], [ 5.917146666175507, 51.827416428290405 ], [ 5.917324535332467, 51.827128504317045 ], [ 5.917801035929373, 51.827202205227252 ], [ 5.918448816882661, 51.827301769810688 ], [ 5.918934860683088, 51.827344141952132 ], [ 5.919109284140971, 51.827372258354863 ], [ 5.919153993193867, 51.827379650942483 ], [ 5.919187262219866, 51.827385054994252 ], [ 5.919205774193749, 51.827388890045391 ], [ 5.919220534825895, 51.827367303684959 ], [ 5.919255650097987, 51.827320233332607 ], [ 5.919312906040437, 51.827253854074108 ], [ 5.919375402774574, 51.827208699884004 ], [ 5.919476621786848, 51.827144323299216 ], [ 5.91960750163227, 51.827067308986976 ], [ 5.919769990524311, 51.826998905862538 ], [ 5.919875769460448, 51.82695956823477 ], [ 5.919957373506585, 51.826909805744464 ], [ 5.920021684491237, 51.826857470123329 ], [ 5.920131473823357, 51.826754987639099 ], [ 5.920070065130764, 51.826731241153503 ], [ 5.920146116320672, 51.826708881898213 ], [ 5.920280917773039, 51.826669259249279 ], [ 5.920307660985378, 51.826661380629794 ], [ 5.920338441804541, 51.826650238798095 ], [ 5.92037036956232, 51.826640404070638 ], [ 5.921041473528827, 51.82640454038637 ], [ 5.921112065924367, 51.826381765801813 ], [ 5.921185724366588, 51.826363111940786 ], [ 5.921301729414163, 51.826335078978069 ], [ 5.921384106451766, 51.826316475184264 ], [ 5.921410457806908, 51.826312283391744 ], [ 5.920797505854449, 51.825933986385863 ], [ 5.920828768452171, 51.825898789834156 ], [ 5.920808655283937, 51.825890773669776 ], [ 5.920482489649332, 51.825760816660647 ], [ 5.920515591051229, 51.825553669416323 ], [ 5.920402555078555, 51.825477387053496 ], [ 5.920401474475109, 51.825476658501096 ], [ 5.920183334563105, 51.825361288786873 ], [ 5.919758645454917, 51.825039404905979 ], [ 5.920756852076478, 51.824584975438185 ], [ 5.92108236947267, 51.824436793626326 ], [ 5.92111061019282, 51.82444168968879 ], [ 5.921164549822574, 51.82444361042387 ], [ 5.92122972583044, 51.82443161877562 ], [ 5.921285635585606, 51.824401387510413 ], [ 5.921331527724719, 51.824355858411565 ], [ 5.921355374424156, 51.824308128611818 ], [ 5.921341148798581, 51.824293803648999 ], [ 5.922263345618609, 51.823861458625856 ], [ 5.922361664674346, 51.823815367296085 ], [ 5.922349304294804, 51.823800556654255 ], [ 5.922308041929193, 51.823744818246205 ], [ 5.922235009373815, 51.823647112565894 ], [ 5.922180665524125, 51.823563444392157 ], [ 5.922055660918293, 51.82339263009635 ], [ 5.922032394433156, 51.82336084486959 ], [ 5.921977281493787, 51.823285519665404 ], [ 5.921966707435272, 51.823267205200708 ], [ 5.921952924849762, 51.823233982603981 ], [ 5.921935142697918, 51.823192527665178 ], [ 5.921916291081984, 51.823146511425236 ], [ 5.92190001582239, 51.823100025024182 ], [ 5.921884145947403, 51.823047361652939 ], [ 5.92186510835174, 51.82296977853489 ], [ 5.921847951862771, 51.822945704547614 ], [ 5.921772240010017, 51.822598795699506 ], [ 5.921760475026542, 51.822565663657215 ], [ 5.921746988034921, 51.822540207575578 ], [ 5.92170474077058, 51.822470981656743 ], [ 5.921678236389045, 51.822435310089247 ], [ 5.921667108281135, 51.822422839766944 ], [ 5.921642696205054, 51.822399571819403 ], [ 5.921616186294465, 51.822376753861583 ], [ 5.921586245998209, 51.822353322327274 ], [ 5.921554647792886, 51.822330743259393 ], [ 5.921218579097698, 51.822095219090478 ], [ 5.921125818892185, 51.822019130949535 ], [ 5.921106741153311, 51.822001654190885 ], [ 5.921082548023311, 51.821977234598755 ], [ 5.921060628321033, 51.821951267616747 ], [ 5.921018840187292, 51.821894946891682 ], [ 5.920984136511672, 51.821843914227024 ], [ 5.920990971317552, 51.821839280999015 ], [ 5.921046329784484, 51.821820558555338 ], [ 5.921103623212034, 51.82190379227211 ], [ 5.921150372262479, 51.821965025090208 ], [ 5.921246778461862, 51.822037896696806 ], [ 5.921259303941424, 51.821990847636002 ], [ 5.921462667606231, 51.8221480658353 ], [ 5.921647204709839, 51.822286880049369 ], [ 5.922013869752662, 51.822397943145504 ], [ 5.922421019046863, 51.822445469233777 ], [ 5.922447882858425, 51.822443099532777 ], [ 5.922515627172666, 51.822440003971764 ], [ 5.922583042226806, 51.822440936736314 ], [ 5.922649928187049, 51.822446168395011 ], [ 5.923809111296701, 51.822631257761479 ], [ 5.92387687651104, 51.822642075566705 ], [ 5.924567464749847, 51.822752340474381 ], [ 5.924712283230936, 51.822773105669654 ], [ 5.924824101061501, 51.822797347687498 ], [ 5.924925516116798, 51.822826212446607 ], [ 5.925043557259912, 51.82286385459642 ], [ 5.925221764883116, 51.822933040105433 ], [ 5.925378547101075, 51.82300084053113 ], [ 5.925435776940452, 51.823031822105499 ], [ 5.925515773833299, 51.823080514451732 ], [ 5.925637823456455, 51.823159745527548 ], [ 5.92572601466242, 51.823228938916245 ], [ 5.925813287451895, 51.823307430597907 ], [ 5.925886909053351, 51.823385742210768 ], [ 5.92590966942045, 51.823415003228597 ], [ 5.926701379700874, 51.82320585021175 ], [ 5.926683962740999, 51.823164852714356 ], [ 5.926571242961939, 51.822930968968713 ], [ 5.926459186619889, 51.822770706238146 ], [ 5.926288934712832, 51.822609972889062 ], [ 5.926245228986995, 51.822535821479548 ], [ 5.926672820904931, 51.822470774365158 ], [ 5.926920731002685, 51.822436187704845 ], [ 5.927069563530595, 51.822394900753203 ], [ 5.927511077691429, 51.822269275690061 ], [ 5.927675554447039, 51.822221498994551 ], [ 5.927826829955055, 51.822228101519634 ], [ 5.928189402091788, 51.822126216851778 ], [ 5.928691625815921, 51.821989735920475 ], [ 5.928777797268084, 51.821821827779019 ], [ 5.92880348701328, 51.821677218463641 ], [ 5.928821406212074, 51.821584823468008 ], [ 5.928824806900611, 51.821359770779516 ], [ 5.928826370147503, 51.821255748221184 ], [ 5.928671773829145, 51.820938924789402 ], [ 5.92883222665782, 51.820979324585899 ], [ 5.929386261174028, 51.821118837996643 ], [ 5.930014053688078, 51.821311264607253 ], [ 5.930221118855783, 51.821353316430169 ], [ 5.93029208903413, 51.821367729087051 ], [ 5.930787586415603, 51.821533178156862 ], [ 5.9309782009776, 51.821606126570607 ], [ 5.931186281665583, 51.821673232030811 ], [ 5.931629154464275, 51.821728767055241 ], [ 5.931935992444545, 51.821678993276443 ], [ 5.932109946392502, 51.821675299153412 ], [ 5.932244346712023, 51.821649102383688 ], [ 5.932345850218402, 51.821608380056404 ], [ 5.932411688256758, 51.821519716750856 ], [ 5.932405528563748, 51.821419433291688 ], [ 5.932399558557117, 51.821343211266772 ], [ 5.932397052704261, 51.821311133830733 ], [ 5.93229016185817, 51.821173989074921 ], [ 5.932279512345646, 51.821065708692224 ], [ 5.932293619295629, 51.821004089629284 ], [ 5.932322891815366, 51.820938382214301 ], [ 5.932365622801342, 51.820895326284003 ], [ 5.932430312432574, 51.820864185954989 ], [ 5.932503047589294, 51.820795543959747 ], [ 5.932613344675536, 51.820760119704865 ], [ 5.932764990610788, 51.820725788411075 ], [ 5.932851964949423, 51.820723937627356 ], [ 5.932949894443847, 51.820726043802431 ], [ 5.933047576214006, 51.82071476621438 ], [ 5.933207829811064, 51.820675037123742 ], [ 5.933281158751568, 51.820639829243973 ], [ 5.933399485277013, 51.820566911622009 ], [ 5.93349400562351, 51.820500810196904 ], [ 5.933602141940326, 51.820466734361659 ], [ 5.933751158896086, 51.820407012417228 ], [ 5.933867894411246, 51.820364456929148 ], [ 5.934155070749187, 51.820368708260183 ], [ 5.934319455462117, 51.819961093353875 ], [ 5.934247035894335, 51.819800841823216 ], [ 5.934208130531207, 51.819694059608153 ], [ 5.934200576447797, 51.819276154615672 ], [ 5.934690255287265, 51.819371683494573 ], [ 5.934809575776697, 51.818912045723678 ], [ 5.934922379384784, 51.818486811315594 ], [ 5.935191844285977, 51.818520563171326 ], [ 5.936231820269839, 51.818653557519802 ], [ 5.937531196852844, 51.81881710946903 ], [ 5.938661413123707, 51.818959474418243 ], [ 5.939024029720183, 51.819384122808401 ], [ 5.93969439517879, 51.820195194701675 ], [ 5.94042175736466, 51.821077075389589 ], [ 5.940610631434261, 51.821304763183981 ], [ 5.940919541704625, 51.821677156985643 ], [ 5.941032670507482, 51.821754445754202 ], [ 5.941233917891752, 51.82194279419479 ], [ 5.941358665336644, 51.822068359175596 ], [ 5.941507215262821, 51.822173839012876 ], [ 5.94159568352772, 51.822231773679512 ], [ 5.941628613430988, 51.82238189840718 ], [ 5.94179430921066, 51.822533282234687 ], [ 5.942032740527453, 51.82275233814898 ], [ 5.942207617712557, 51.822895237728623 ], [ 5.942527848996967, 51.82310727206778 ], [ 5.942606858061668, 51.823077972898034 ], [ 5.942678951503025, 51.823128704455655 ], [ 5.94274623777083, 51.823099191043369 ], [ 5.942759334541407, 51.823107200732949 ], [ 5.942837480906896, 51.823075002193661 ], [ 5.942848401932474, 51.823083012291036 ], [ 5.942909125283868, 51.82304815472078 ], [ 5.943000152713027, 51.822986511504602 ], [ 5.943261701881932, 51.822909795241337 ], [ 5.943375401020374, 51.823010261413216 ], [ 5.943728469800087, 51.822881236390209 ], [ 5.943899959938094, 51.822814132197578 ], [ 5.944288455582776, 51.822642422435337 ], [ 5.944776798702411, 51.822433123138595 ], [ 5.945236971350059, 51.822243919358172 ], [ 5.945510529493752, 51.822141910073469 ], [ 5.945797265833924, 51.822040637376332 ], [ 5.945937685581786, 51.821982118367984 ], [ 5.946332148772287, 51.821801582551075 ], [ 5.946665279442946, 51.821646424949229 ], [ 5.947028774244917, 51.821469764700211 ], [ 5.947448676588624, 51.821272304087529 ], [ 5.947468677313032, 51.821262896429396 ], [ 5.947877086718804, 51.821081623601316 ], [ 5.948196198969489, 51.820927903853125 ], [ 5.948441112427368, 51.820808550914315 ], [ 5.94894977485325, 51.820542958421228 ], [ 5.949573541065996, 51.820224291837967 ], [ 5.94969825596195, 51.820154086545536 ], [ 5.949818150343651, 51.820083499753778 ], [ 5.950179121087571, 51.819900675589295 ], [ 5.950581646043746, 51.819693750177002 ], [ 5.950725934696258, 51.819640653858897 ], [ 5.951067351350993, 51.819485992112625 ], [ 5.951244470868435, 51.819397762875525 ], [ 5.951273493685186, 51.819381587742136 ], [ 5.95149424154062, 51.819254111038951 ], [ 5.951727542885861, 51.819086835106866 ], [ 5.951897763273314, 51.818928617238114 ], [ 5.952104749817643, 51.818744991194428 ], [ 5.952227816539843, 51.818651555698551 ], [ 5.95229503678993, 51.818599188164846 ], [ 5.952375621914507, 51.818538145164808 ], [ 5.952494182892499, 51.818464838489199 ], [ 5.952570682030481, 51.818418025948148 ], [ 5.952831795532308, 51.818268294213773 ], [ 5.952890618930121, 51.818234564141854 ], [ 5.953318241876143, 51.817992273034072 ], [ 5.953714542037185, 51.817763389744009 ], [ 5.953919165829554, 51.817651212889814 ], [ 5.954207991200574, 51.817505335081528 ], [ 5.954338678421347, 51.817442969892163 ], [ 5.954558394587122, 51.817353630770739 ], [ 5.955191979456642, 51.817127873059924 ], [ 5.955758093528561, 51.816930006859309 ], [ 5.956424994315139, 51.816661762814775 ], [ 5.956808987826451, 51.816504378725732 ], [ 5.957140390340967, 51.816338907525946 ], [ 5.956641779386286, 51.81605079190431 ], [ 5.955676243700299, 51.815469430105921 ], [ 5.954788787493938, 51.815907165030687 ], [ 5.95390144308678, 51.8153784697896 ], [ 5.95343812413237, 51.815125369311367 ], [ 5.952846876422636, 51.814789605000676 ], [ 5.952261883934283, 51.81517745845391 ], [ 5.951578500291348, 51.815634014523361 ], [ 5.951138032260929, 51.815912692903375 ], [ 5.950672204390696, 51.816237485866537 ], [ 5.949719576148787, 51.815512007648636 ], [ 5.949627852272705, 51.81544504230542 ], [ 5.949312594909729, 51.815658980030207 ], [ 5.948816349618335, 51.815990023577555 ], [ 5.948177119325941, 51.816422915066312 ], [ 5.948077947921032, 51.816446184275947 ], [ 5.948061168170551, 51.816438039981492 ], [ 5.947945130888822, 51.816365841392724 ], [ 5.947046875540737, 51.815809974339857 ], [ 5.946066446666931, 51.815198358473651 ], [ 5.946022891154476, 51.815169937442384 ], [ 5.945926677411543, 51.815111134243551 ], [ 5.945945644624401, 51.81509459484127 ], [ 5.946067309152289, 51.81499545573471 ], [ 5.946508801213592, 51.814614052370715 ], [ 5.946836553354342, 51.814487880743506 ], [ 5.947027603277842, 51.814386054552763 ], [ 5.947016077857231, 51.814374694095036 ], [ 5.946856607735606, 51.814201625412352 ], [ 5.94659148733691, 51.813872920216532 ], [ 5.946569887808583, 51.813479917722972 ], [ 5.947011977175313, 51.813235674860557 ], [ 5.947634287483462, 51.812889753685575 ], [ 5.948315157216387, 51.812513284561824 ], [ 5.948764024763238, 51.812792361400362 ], [ 5.94942188958967, 51.812443069491977 ], [ 5.949342934296732, 51.812320340618491 ], [ 5.949241952672855, 51.81216398317676 ], [ 5.94918713599308, 51.812091825013212 ], [ 5.949123713035418, 51.812033056065935 ], [ 5.949005675612479, 51.811936904603797 ], [ 5.948817672232425, 51.811779327665064 ], [ 5.948682152990949, 51.81166849138139 ], [ 5.948612128290752, 51.811597691114912 ], [ 5.948570404107945, 51.811532202427294 ], [ 5.94853512381983, 51.811451995579269 ], [ 5.948482557466615, 51.811389201384934 ], [ 5.948432392795138, 51.81136786888905 ], [ 5.948325671863036, 51.811345269910056 ], [ 5.947977864185166, 51.811371373218996 ], [ 5.948327182190751, 51.811220834054716 ], [ 5.948376947043287, 51.811193774103081 ], [ 5.948640769723696, 51.811105439365427 ], [ 5.948724685818018, 51.81108080449134 ], [ 5.94923061439039, 51.810958392985128 ], [ 5.949434060223512, 51.810887046495644 ], [ 5.95080801069012, 51.81060844050819 ], [ 5.950938275771743, 51.810580785870734 ], [ 5.950993899895177, 51.810577156784426 ], [ 5.951144549753416, 51.810560232449618 ], [ 5.951032848760224, 51.810398128628755 ], [ 5.950913359442234, 51.810224725758751 ], [ 5.95069538812742, 51.809896368423694 ], [ 5.950531441257771, 51.809615594638373 ], [ 5.950447685159713, 51.809457236397407 ], [ 5.950332930385232, 51.809221954500735 ], [ 5.950154920103308, 51.808856344432847 ], [ 5.948636272153032, 51.809301116055089 ], [ 5.948485782906043, 51.809044024599196 ], [ 5.946621232835477, 51.80585842642067 ], [ 5.94709518564294, 51.805721245486467 ], [ 5.94707598752206, 51.805691999360455 ], [ 5.947069499483947, 51.805682115946183 ], [ 5.947125539077423, 51.805644698674868 ], [ 5.947040515654866, 51.805542086626886 ], [ 5.946831282391854, 51.805236655161288 ], [ 5.946707030257905, 51.805033990477327 ], [ 5.946684181486483, 51.805019088576756 ], [ 5.946652668400379, 51.805009243622401 ], [ 5.946598873099702, 51.805004322814533 ], [ 5.94658403867361, 51.805006522962024 ], [ 5.946486574235962, 51.805024012137821 ], [ 5.945997335038999, 51.805118315218138 ], [ 5.945543084174915, 51.805205879042958 ], [ 5.944550072021995, 51.805395901598864 ], [ 5.944005553440238, 51.805484482538091 ], [ 5.943788163521319, 51.805514978939655 ], [ 5.943622287619619, 51.805538255421403 ], [ 5.943448519921726, 51.805550639006327 ], [ 5.942920385592636, 51.805550041658279 ], [ 5.942450670019936, 51.805510649381965 ], [ 5.942242546536705, 51.80547658813709 ], [ 5.941854650224083, 51.80539460493258 ], [ 5.940541212244177, 51.805077068274812 ], [ 5.938628990128096, 51.804624278607989 ], [ 5.938626683143095, 51.804599139463598 ], [ 5.938570056971599, 51.804586821714949 ], [ 5.938503619233988, 51.804572365841892 ], [ 5.938384714091739, 51.803338139177171 ], [ 5.932540101341352, 51.803514654783974 ], [ 5.929269295903564, 51.803625375988567 ], [ 5.929842384807762, 51.801823306534182 ], [ 5.928361931090262, 51.801481706137167 ], [ 5.928668416774749, 51.800574820093345 ], [ 5.928670754642313, 51.800567888108922 ], [ 5.928679675630091, 51.800548979934483 ], [ 5.92868352110323, 51.800540827533219 ], [ 5.928473967258204, 51.800511746192164 ], [ 5.928316020461918, 51.800489831133476 ], [ 5.92807397417367, 51.800456235739965 ], [ 5.927799076630591, 51.800418313193596 ], [ 5.927432722777255, 51.800370294744319 ], [ 5.927168455721509, 51.800348321382423 ], [ 5.926890958280588, 51.800335306986462 ], [ 5.926683751972278, 51.800332485201864 ], [ 5.926420773894788, 51.800369738817324 ], [ 5.926234901728352, 51.800380930174342 ], [ 5.926019171124172, 51.800392707858904 ], [ 5.925899585214697, 51.800382291220764 ], [ 5.925239857220844, 51.800278356129994 ], [ 5.925022300081464, 51.800234231543648 ], [ 5.924832991928752, 51.800188269222247 ], [ 5.924849752043749, 51.800122575923382 ], [ 5.924567309138307, 51.79998652537887 ], [ 5.924315598952565, 51.799862198292963 ], [ 5.924177292582116, 51.799789215411501 ], [ 5.924140678062221, 51.799750795194235 ], [ 5.923604526961546, 51.799767585608564 ], [ 5.923372783134928, 51.799774847516879 ], [ 5.921730145267246, 51.799826731942858 ], [ 5.920650883313278, 51.799873542095199 ], [ 5.921661695655875, 51.800101175956684 ], [ 5.921050101219453, 51.801408874935397 ], [ 5.920880995384648, 51.801763964361989 ], [ 5.920735215298334, 51.802070112602848 ], [ 5.920611139540886, 51.802360521847213 ], [ 5.919420881599691, 51.803026084713025 ], [ 5.919237925080325, 51.803126903499923 ], [ 5.918689641423572, 51.803429049860064 ], [ 5.917447153031655, 51.804113741036844 ], [ 5.916837045819705, 51.804408077433976 ], [ 5.915922539012475, 51.804884354242908 ], [ 5.915222323322915, 51.80523031406927 ], [ 5.914844736804484, 51.805418912279706 ], [ 5.913082217096309, 51.805070424939018 ], [ 5.912896380408501, 51.805018216705236 ], [ 5.910711203738416, 51.80460782650799 ], [ 5.909738467824805, 51.805681157523082 ], [ 5.908800660550575, 51.805543457094664 ], [ 5.908213259053257, 51.806683388018094 ], [ 5.911936973042387, 51.808655105417991 ], [ 5.911389043512037, 51.809451432305728 ], [ 5.911163062564844, 51.809769216116358 ], [ 5.910869449492584, 51.809740470667371 ], [ 5.910394650982886, 51.80970354792548 ], [ 5.9096725554773, 51.809647635780948 ], [ 5.906385761415233, 51.809396476424737 ], [ 5.906374135955676, 51.809534150443291 ], [ 5.905295594688864, 51.809645470735646 ], [ 5.904129113504384, 51.80965672995076 ], [ 5.902619724061201, 51.80965827630807 ], [ 5.902020617064569, 51.809668654822651 ], [ 5.901186126413601, 51.809922573522115 ], [ 5.901113348461866, 51.809944321096019 ], [ 5.901110343201174, 51.810738866439266 ], [ 5.899400965599782, 51.811271907656185 ], [ 5.898917814234308, 51.8114334686002 ], [ 5.898792779670715, 51.811492457457859 ], [ 5.898761245249823, 51.81151149787609 ], [ 5.898576805094691, 51.811756367673361 ], [ 5.898392362939538, 51.812001237176283 ], [ 5.898043574435631, 51.812386948922828 ], [ 5.89778724649302, 51.812673158635306 ], [ 5.898171581945792, 51.812722836370156 ], [ 5.897980703267843, 51.813653530754884 ], [ 5.898141349350939, 51.813835810474735 ], [ 5.898001775978595, 51.814162800717618 ], [ 5.897880154609172, 51.814364412587651 ], [ 5.897458519674746, 51.814902359090325 ], [ 5.897632107646739, 51.815732839968675 ], [ 5.897710357435644, 51.816223780609278 ], [ 5.897893254028098, 51.817035785927828 ], [ 5.898313807320336, 51.817407350838231 ], [ 5.898727029425251, 51.817747409989536 ], [ 5.898990236949935, 51.818300394324588 ], [ 5.898722865327134, 51.818976158019396 ], [ 5.898455485718999, 51.819651921060959 ], [ 5.898613773279397, 51.820553381727031 ], [ 5.895486023410167, 51.82104396159864 ], [ 5.893740034420079, 51.821312464068832 ], [ 5.893594585687233, 51.82133701407556 ], [ 5.893245748762897, 51.822059667902082 ], [ 5.892402491618945, 51.82359763257837 ], [ 5.892603048756666, 51.823646359209938 ], [ 5.892339192252884, 51.823893959751466 ], [ 5.893523133071832, 51.824280341344299 ], [ 5.893711177152784, 51.82392781811749 ], [ 5.893936693978326, 51.823986123422458 ], [ 5.89415826123475, 51.824045299272022 ], [ 5.894375557814187, 51.824034310867447 ], [ 5.894827507803425, 51.824087770235757 ], [ 5.896313797709722, 51.824268766809531 ], [ 5.897821798178785, 51.824449614138999 ], [ 5.898369346333614, 51.82451318726735 ], [ 5.898821260885834, 51.824563952857105 ], [ 5.899095307755583, 51.824615807573849 ], [ 5.89925635795171, 51.824654968775818 ], [ 5.899443625161016, 51.824707345250559 ], [ 5.899635652898084, 51.824791798617355 ], [ 5.899714561707372, 51.824852863436789 ], [ 5.899815562634119, 51.824943233100548 ], [ 5.899916866948725, 51.825057672592528 ], [ 5.900123482832579, 51.825359349745419 ], [ 5.900512815628692, 51.825438129996613 ], [ 5.900443914139863, 51.825538788217663 ], [ 5.900362997098287, 51.825654338992301 ], [ 5.900333417018118, 51.825724395421084 ], [ 5.900323659631029, 51.825747506221063 ], [ 5.900561184206682, 51.826111993959991 ], [ 5.900630078936667, 51.826215581699479 ], [ 5.900739411715392, 51.826384878192485 ], [ 5.90078855824444, 51.826396321148543 ], [ 5.901040344603808, 51.826784529079951 ], [ 5.901431824201911, 51.82738811819538 ], [ 5.902724168094198, 51.827316884187226 ], [ 5.902799336294213, 51.827312742723741 ], [ 5.903933888415774, 51.827250197522041 ], [ 5.903975806766438, 51.82718780337413 ], [ 5.903981349285446, 51.827189163190717 ], [ 5.90414423611957, 51.827229181508962 ], [ 5.904179486409858, 51.827238014691851 ], [ 5.904409008045561, 51.827296300268635 ], [ 5.904456224402311, 51.827308765904959 ], [ 5.904481256133141, 51.827314534025021 ], [ 5.904503855466818, 51.827318182587362 ], [ 5.904524899705664, 51.82732157733583 ], [ 5.904799709158025, 51.827364534769877 ], [ 5.904942392492191, 51.827385846134632 ], [ 5.905195788271324, 51.827426020818827 ], [ 5.905218575189337, 51.827428311149873 ], [ 5.905252263088881, 51.827436225093166 ], [ 5.905303620635755, 51.827450514748264 ], [ 5.905349825025599, 51.827470813491537 ], [ 5.905379202157047, 51.827484822673505 ], [ 5.905410858300487, 51.827501482381919 ], [ 5.905433087228155, 51.827517051172492 ], [ 5.905456658633103, 51.827534564536229 ], [ 5.905492224995315, 51.827564518939553 ], [ 5.905556939936471, 51.82762768294733 ], [ 5.905610864225627, 51.827684719492652 ], [ 5.90570079603729, 51.827781011516677 ], [ 5.905778143132331, 51.827866536928468 ], [ 5.90586204970727, 51.827956033179291 ], [ 5.905942917308005, 51.828037327305125 ], [ 5.905985511043069, 51.828077829968215 ], [ 5.906043134059848, 51.828124656983782 ], [ 5.906102185638875, 51.828168295718328 ], [ 5.906121955754383, 51.828184450519245 ], [ 5.906144953896285, 51.828196222620093 ], [ 5.906222849749762, 51.828233557885554 ], [ 5.906278703557682, 51.828258999948147 ], [ 5.906362916672029, 51.828293134224566 ], [ 5.906418504552177, 51.828316887557044 ], [ 5.906492976591034, 51.828347873928259 ], [ 5.906597849594391, 51.828388469214886 ], [ 5.906648989525877, 51.828406399596133 ], [ 5.906755138374255, 51.828443133020848 ], [ 5.906828816295524, 51.828469376760985 ], [ 5.906944441667953, 51.828511425196453 ], [ 5.906966347748703, 51.828520298684715 ], [ 5.907110182703487, 51.828578131647014 ], [ 5.907229229751365, 51.828624991472033 ], [ 5.907337405215458, 51.828675081310536 ], [ 5.907453890631403, 51.82872493645246 ], [ 5.907573739567233, 51.82877961238129 ], [ 5.907649463875091, 51.828813378906872 ], [ 5.907695949691561, 51.828831455319083 ], [ 5.907759409755092, 51.828858417947494 ], [ 5.907822675561495, 51.828883628643283 ], [ 5.907842261738748, 51.828892575183183 ], [ 5.907883977306426, 51.828912110852855 ], [ 5.907945704549756, 51.828946020204882 ], [ 5.908017837538146, 51.828990327985309 ], [ 5.908037976864287, 51.82900695721721 ], [ 5.908042508231739, 51.829011170690926 ], [ 5.908089554335922, 51.829062609827531 ], [ 5.908131483332457, 51.829129424049796 ], [ 5.908153728928451, 51.829161333373278 ], [ 5.908206024077043, 51.82921754902187 ], [ 5.908230470220619, 51.829232756886455 ], [ 5.908279494049699, 51.829260745117487 ], [ 5.908346896634459, 51.829302377152104 ], [ 5.908275153479291, 51.829339485807445 ], [ 5.908249444098484, 51.829353028832024 ], [ 5.908248723022919, 51.829498861693821 ], [ 5.908248472366483, 51.82954992655727 ], [ 5.908248352236634, 51.829636099977684 ], [ 5.908245321220076, 51.829705154216832 ], [ 5.908231122796552, 51.829765700985142 ], [ 5.908216788235999, 51.829811974595465 ], [ 5.908179587558942, 51.829880587328624 ], [ 5.908144069425431, 51.829930370629867 ], [ 5.908113059968011, 51.829969860030182 ], [ 5.908082069005653, 51.830012207687162 ], [ 5.908048359936512, 51.830059124578916 ], [ 5.908039553499139, 51.83010424107038 ], [ 5.908056019309312, 51.830185783674864 ], [ 5.908055564487011, 51.830190360847311 ], [ 5.908046750308423, 51.830279970514752 ], [ 5.908032656626952, 51.830442446529702 ], [ 5.908028432678347, 51.830491174034179 ], [ 5.908024092704961, 51.830521714695735 ], [ 5.908018049008074, 51.830564251798918 ], [ 5.908022529471564, 51.830604194838727 ], [ 5.90803540285448, 51.830633629900682 ], [ 5.908070821844991, 51.8306793320533 ], [ 5.908126777932337, 51.830739603275333 ], [ 5.908194885815329, 51.830816943626587 ], [ 5.908299322501327, 51.830929537329183 ], [ 5.908376788367035, 51.831020543493004 ], [ 5.908420007175198, 51.831100833744074 ], [ 5.908457744019979, 51.831186290662764 ], [ 5.908474255883863, 51.831272965437478 ], [ 5.908476386826561, 51.831401923148007 ], [ 5.908464041478065, 51.831561173541111 ], [ 5.908496916279861, 51.831719118329531 ], [ 5.908603787728874, 51.831893900544387 ], [ 5.908781159428277, 51.832104352079625 ], [ 5.908928207597731, 51.832230472248639 ], [ 5.909007898339867, 51.832310475148773 ], [ 5.909482668051996, 51.832188607814246 ], [ 5.910333098756425, 51.831970299165256 ], [ 5.911069848605827, 51.831782837194645 ], [ 5.911358583710359, 51.831688120999544 ], [ 5.911536604855711, 51.831641663894501 ], [ 5.911597995782042, 51.831633795122436 ], [ 5.911617653562574, 51.831631280359737 ], [ 5.912629269189074, 51.831616561343019 ], [ 5.913051459535926, 51.831428768483576 ] ] ] ] } },
{ "type": "Feature", "properties": { "wijkcode": "WK194508", "wijknaam": "Leuth", "gemeentecode": "GM1945", "gemeentenaam": "Berg en Dal", "indelingswijzigingWijkenEnBuurten": 1, "water": "NEE", "omgevingsadressendichtheid": 247, "stedelijkheidAdressenPerKm2": 5, "bevolkingsdichtheidInwonersPerKm2": 306, "aantalInwoners": 1735, "mannen": 875, "vrouwen": 860, "percentagePersonen0Tot15Jaar": 14, "percentagePersonen15Tot25Jaar": 11, "percentagePersonen25Tot45Jaar": 21, "percentagePersonen45Tot65Jaar": 32, "percentagePersonen65JaarEnOuder": 23, "percentageOngehuwd": 45, "percentageGehuwd": 43, "percentageGescheid": 7, "percentageVerweduwd": 6, "geboorteTotaal": 15, "geboortesPer1000Inwoners": 10, "sterfteTotaal": 10, "sterfteRelatief": 6, "aantalHuishoudens": 810, "percentageEenpersoonshuishoudens": 35, "percentageHuishoudensZonderKinderen": 32, "percentageHuishoudensMetKinderen": 34, "gemiddeldeHuishoudsgrootte": 2.1, "percentageMetHerkomstlandNederland": 85, "percentageMetHerkomstlandUitEuropaExclNl": 9, "percentageMetHerkomstlandBuitenEuropa": 6, "percentageGebInNlMetHerkomstlandNederland": 85, "percGebInNlMetHerkomstlandInEuropaExNl": 5, "percGebInNlMetHerkomstlandBuitenEuropa": 3, "percGebBuitenNlMetHerkomstlndInEuropaExNl": 4, "percGebBuitenNlMetHerkomstlndBuitenEuropa": 3, "aantalBedrijvenLandbouwBosbouwVisserij": 10, "aantalBedrijvenNijverheidEnergie": 30, "aantalBedrijvenHandelEnHoreca": 30, "aantalBedrijvenVervoerInformatieCommunicatie": 15, "aantalBedrijvenFinancieelOnroerendGoed": 10, "aantalBedrijvenZakelijkeDienstverlening": 40, "aantalBedrijvenOverheidOnderwijsEnZorg": 30, "aantalBedrijvenCultuurRecreatieOverige": 30, "aantalBedrijfsvestigingen": 190, "woningvoorraad": 799, "gemiddeldeWoningwaarde": 315, "percentageEengezinswoning": 91, "percentageMeergezinswoning": 9, "percentageBewoond": -99997, "percentageKoopwoningen": 65, "percentageHuurwoningen": 35, "percHuurwoningenInBezitWoningcorporaties": 28, "percHuurwoningenInBezitOverigeVerhuurders": 7, "percentageWoningenMetEigendomOnbekend": -99997, "percentageBouwjaarklasseTot2000": -99997, "percentageBouwjaarklasseVanaf2000": -99997, "percentageLeegstandWoningen": -99997, "gemiddeldGasverbruikTotaal": -99997, "gemiddeldGasverbruikAppartement": -99997, "gemiddeldGasverbruikTussenwoning": -99997, "gemiddeldGasverbruikHoekwoning": -99997, "gemiddeldGasverbruik2Onder1KapWoning": -99997, "gemiddeldGasverbruikVrijstaandeWoning": -99997, "gemiddeldGasverbruikHuurwoning": -99997, "gemiddeldGasverbruikkoopwoning": -99997, "gemiddeldElektriciteitsverbruikTotaal": -99997, "gemiddeldElektriciteitsverbruikAppartement": -99997, "gemiddeldElektriciteitsverbruikTussenwoning": -99997, "gemiddeldElektriciteitsverbruikHoekwoning": -99997, "gemElektriciteitsverbruik2Onder1KapWoning": -99997, "gemElektriciteitsverbruikVrijstaandeWoning": -99997, "gemiddeldElektriciteitsverbruikHuurwoning": -99997, "gemiddeldElektriciteitsverbruikkoopwoning": -99997, "percentageWoningenMetStadsverwarming": -99997, "opleidingsniveauLaag": -99997, "opleidingsniveauMiddelbaar": -99997, "opleidingsniveauHoog": -99997, "nettoArbeidsparticipatie": -99997, "percentageWerknemers": -99997, "percentageZelfstandigen": -99997, "aantalInkomensontvangers": -99997, "gemiddeldInkomenPerInkomensontvanger": -99997, "gemiddeldInkomenPerInwoner": -99997, "percentagePersonenMetHoogInkomen": -99997, "percentagePersonenMetLaagInkomen": -99997, "percentageHuishoudensMetHoogInkomen": -99997, "percentageHuishoudensMetLaagInkomen": -99997, "percentageHuishoudensMetLaagsteInkomen": -99997, "percentageHuishoudensOnderOfRondSociaalMinimum": -99997, "aantalPersonenMetEenAoUitkeringTotaal": 70, "aantalPersonenMetEenWwUitkeringTotaal": 20, "aantalPersonenMetEenAlgBijstandsuitkeringTot": 40, "aantalPersonenMetEenAowUitkeringTotaal": 350, "gemiddeldGestandaardiseerdInkomenVanHuishoudens": -99997.0, "huishoudensTot110PercentVanSociaalMinimum": -99997.0, "huishoudensTot120PercentVanSociaalMinimum": -99997.0, "mediaanVermogenVanParticuliereHuish": -99997.0, "aantalJongerenMetJeugdzorgInNatura": -99997, "percentageJongerenMetJeugdzorgInNatura": -99997.0, "aantalWmoClienten": -99997, "aantalWmoClientenPer1000Inwoners": -99997, "personenautosTotaal": 960, "personenautosPerHuishouden": 1.2, "personenautosPerKm2": 170, "motortweewielersTotaal": 80, "aantalPersonenautosMetBrandstofBenzine": 805, "aantalPersonenautosMetOverigeBrandstof": 155, "oppervlakteTotaalInHa": 656, "oppervlakteLandInHa": 566, "oppervlakteWaterInHa": 89, "huisartsenpraktijkGemiddeldeAfstandInKm": 0.5, "huisartsenpraktijkGemiddeldAantalBinnen1Km": 1.0, "huisartsenpraktijkGemiddeldAantalBinnen3Km": 1.0, "huisartsenpraktijkGemiddeldAantalBinnen5Km": 1.2, "huisartsenpostGemiddeldeAfstandInKm": 15.5, "apotheekGemiddeldeAfstandInKm": 5.8, "ziekenhuisInclBuitenpolikliniekGemAfstInKm": 12.4, "ziekenhuisInclBuitenpoliGemAantalBinnen5Km": 0.0, "ziekenhuisInclBuitenpoliGemAantalBinnen10Km": 0.0, "ziekenhuisInclBuitenpoliGemAantalBinnen20Km": 4.0, "ziekenhuisExclBuitenpolikliniekGemAfstInKm": 12.4, "ziekenhuisExclBuitenpoliGemAantalBinnen5Km": 0.0, "ziekenhuisExclBuitenpoliGemAantalBinnen10Km": 0.0, "ziekenhuisExclBuitenpoliGemAantalBinnen20Km": 2.0, "groteSupermarktGemiddeldeAfstandInKm": 0.5, "groteSupermarktGemiddeldAantalBinnen1Km": 1.0, "groteSupermarktGemiddeldAantalBinnen3Km": 1.0, "groteSupermarktGemiddeldAantalBinnen5Km": 1.2, "winkelsOvDagelijkseLevensmGemAfstInKm": 5.2, "winkelsOvDagelLevensmGemAantalBinnen1Km": 0.0, "winkelsOvDagelLevensmGemAantalBinnen3Km": 0.0, "winkelsOvDagelLevensmGemAantalBinnen5Km": 0.2, "warenhuisGemiddeldeAfstandInKm": 10.2, "warenhuisGemiddeldAantalBinnen5Km": 0.0, "warenhuisGemiddeldAantalBinnen10Km": 0.5, "warenhuisGemiddeldAantalBinnen20Km": 8.0, "cafeGemiddeldeAfstandInKm": 5.9, "cafeGemiddeldAantalBinnen1Km": 0.0, "cafeGemiddeldAantalBinnen3Km": 0.0, "cafeGemiddeldAantalBinnen5Km": 0.0, "cafetariaGemiddeldeAfstandInKm": 0.5, "cafetariaGemiddeldAantalBinnen1Km": 1.0, "cafetariaGemiddeldAantalBinnen3Km": 1.0, "cafetariaGemiddeldAantalBinnen5Km": 1.1, "restaurantGemiddeldeAfstandInKm": 3.1, "restaurantGemiddeldAantalBinnen1Km": 0.0, "restaurantGemiddeldAantalBinnen3Km": 0.5, "restaurantGemiddeldAantalBinnen5Km": 2.2, "hotelGemiddeldeAfstandInKm": 5.3, "hotelGemiddeldAantalBinnen5Km": 0.1, "hotelGemiddeldAantalBinnen10Km": 9.4, "hotelGemiddeldAantalBinnen20Km": 36.0, "kinderdagverblijfGemiddeldeAfstandInKm": 0.5, "kinderdagverblijfGemiddeldAantalBinnen1Km": 1.0, "kinderdagverblijfGemiddeldAantalBinnen3Km": 1.0, "kinderdagverblijfGemiddeldAantalBinnen5Km": 1.3, "buitenschoolseOpvangGemAfstandInKm": 0.5, "buitenschoolseOpvangGemiddeldAantalBinnen1Km": 1.0, "buitenschoolseOpvangGemiddeldAantalBinnen3Km": 1.0, "buitenschoolseOpvangGemiddeldAantalBinnen5Km": 2.2, "basisonderwijsGemiddeldeAfstandInKm": 0.5, "basisonderwijsGemiddeldAantalBinnen1Km": 1.0, "basisonderwijsGemiddeldAantalBinnen3Km": 1.0, "basisonderwijsGemiddeldAantalBinnen5Km": 2.2, "voortgezetOnderwijsGemAfstandInKm": 8.5, "voortgezetOnderwijsGemiddeldAantalBinnen3Km": 0.0, "voortgezetOnderwijsGemiddeldAantalBinnen5Km": 0.0, "voortgezetOnderwijsGemiddeldAantalBinnen10Km": 3.7, "vmboGemiddeldeAfstandInKm": 9.3, "vmboGemiddeldAantalBinnen3Km": 0.0, "vmboGemiddeldAantalBinnen5Km": 0.0, "vmboGemiddeldAantalBinnen10Km": 2.7, "havoVwoGemiddeldeAfstandInKm": 8.5, "havoVwoGemiddeldAantalBinnen3Km": 0.0, "havoVwoGemiddeldAantalBinnen5Km": 0.0, "havoVwoGemiddeldAantalBinnen10Km": 3.7, "brandweerkazerneGemiddeldeAfstandInKm": 5.8, "opritHoofdverkeerswegGemiddeldeAfstandInKm": 0.2, "treinstationGemiddeldeAfstandInKm": 11.4, "overstapstationGemiddeldeAfstandInKm": 11.5, "zwembadGemiddeldeAfstandInKm": 9.5, "kunstijsbaanGemiddeldeAfstandInKm": 16.6, "bibliotheekGemiddeldeAfstandInKm": 0.5, "poppodiumGemiddeldeAfstandInKm": 10.1, "bioscoopGemiddeldeAfstandInKm": 10.3, "bioscoopGemiddeldAantalBinnen5Km": 0.0, "bioscoopGemiddeldAantalBinnen10Km": 0.2, "bioscoopGemiddeldAantalBinnen20Km": 5.2, "saunaGemiddeldeAfstandInKm": 11.6, "zonnebankGemiddeldeAfstandInKm": 10.2, "attractieparkGemiddeldeAfstandInKm": 8.2, "attractieparkGemiddeldAantalBinnen10Km": 1.0, "attractieparkGemiddeldAantalBinnen20Km": 4.7, "attractieparkGemiddeldAantalBinnen50Km": 24.1, "theaterGemiddeldeAfstandInKm": 10.1, "theaterGemiddeldAantalBinnen5Km": 0.0, "theaterGemiddeldAantalBinnen10Km": 1.3, "theaterGemiddeldAantalBinnen20Km": 10.1, "gemiddeldeAfstandTotMuseum": 9.1, "gemiddeldAantalMuseaBinnen5Km": 0.0, "gemiddeldAantalMuseaBinnen10Km": 2.7, "gemiddeldAantalMuseaBinnen20Km": 10.3, "afstandTotOpenbaarGroenTotaal": -99997.0, "afstandTotParkOfPlantsoen": -99997.0, "afstandTotDagrcreatiefTerrein": -99997.0, "afstandTotBos": -99997.0, "afstandTotOpenNatuurTerreinTotaal": -99997.0, "afstandTotOpenDroogNatuurTerrein": -99997.0, "afstandTotOpenNatNatuurlijkTerrein": -99997.0, "afstandTotSemiopenbaarGroenTotaal": -99997.0, "afstandTotSportterrein": -99997.0, "afstandTotVolkstuin": -99997.0, "afstandTotVerblijfsrecreatiefTerrein": -99997.0, "afstandTotRecreatiefBinnenwater": -99997.0, "afstandTotBegraafplaats": -99997.0, "jrstatcode": "2024WK194508", "jaar": 2024, "aantalNieuwbouwWoningen": 0.0, "aantalNietWoningvoorraad": 72, "aantalNieuwbouwNietWoningen": 1, "percEengezinswoningTussenwoning": 33.0, "percEengezinswoningHoekwoning": 23.0, "percEengezinswoning2Onder1Kap": 17.0, "percEengezinswoningVrijstaand": 18.0, "percBouwjaarMeerDan10JaarGeleden": 92.0, "percBouwjaarAfgelopen10Jaar": 8.0, "percentageOnbewoond": 3, "gemiddeldAardgasverbruik": 890, "percentageAardgaswoningen": 92.0, "percentageAardgasvrijeWoningen": 5.0, "gemiddeldeElektriciteitslevering": 2610.0, "gemiddeldeElektriciteitsteruglevering": 1090.0, "percentageWoningenMetZonnestroom": 52.0, "aantalLeerlingenPrimairOnderwijs": 130, "aantalLeerlingenVoortgezetOnderwijs": 100, "aantalStudentenMbo": 40, "aantalStudentenHbo": 40, "aantalStudentenWo": 20 }, "geometry": { "type": "MultiPolygon", "coordinates": [ [ [ [ 5.999052506424658, 51.849662645663869 ], [ 5.999267859704768, 51.849460844315821 ], [ 5.999429799830366, 51.849309099817567 ], [ 5.999662186055329, 51.849091110369358 ], [ 5.999850188539637, 51.848914753429284 ], [ 6.000292134853492, 51.848500023682909 ], [ 6.000561736641801, 51.848255214778547 ], [ 6.000735928814384, 51.848220497409443 ], [ 6.00088920301647, 51.848253502880304 ], [ 6.001010014359472, 51.848306955224544 ], [ 6.001164133442385, 51.848400807544216 ], [ 6.001461630223683, 51.848602086588613 ], [ 6.001946191111942, 51.848910562451039 ], [ 6.002232411875246, 51.849084852053196 ], [ 6.002397541935189, 51.849185404454381 ], [ 6.002507060097905, 51.849211876887836 ], [ 6.002616330082772, 51.849218063349795 ], [ 6.002714381728473, 51.849204020475881 ], [ 6.002811998738484, 51.849156183727011 ], [ 6.00293113580185, 51.849087946822586 ], [ 6.003418573789892, 51.848808181404785 ], [ 6.003774819610374, 51.848613173223576 ], [ 6.004740499766254, 51.848084557305206 ], [ 6.005012415970992, 51.847948989919189 ], [ 6.005433836739579, 51.847738883289502 ], [ 6.005438982723964, 51.847736321407176 ], [ 6.005536625709717, 51.84768764628884 ], [ 6.005520670303008, 51.847671497912408 ], [ 6.005486650069276, 51.847639677873289 ], [ 6.005441428416227, 51.847597373252576 ], [ 6.005532898505032, 51.847568441667022 ], [ 6.005540730536772, 51.847565964502188 ], [ 6.005546712936915, 51.847564072350259 ], [ 6.005745620285702, 51.847501164899938 ], [ 6.005909563432861, 51.847426504636267 ], [ 6.006100850021873, 51.847340347394145 ], [ 6.00638352966652, 51.847236683348989 ], [ 6.006584142325731, 51.847161837647903 ], [ 6.006766489439719, 51.847092759813123 ], [ 6.006829745762491, 51.847062853481724 ], [ 6.006948601520008, 51.847006649609362 ], [ 6.007048867905591, 51.846966390634314 ], [ 6.007276948866806, 51.846891389667427 ], [ 6.007532607054358, 51.846821923260428 ], [ 6.007815436630815, 51.846729607498631 ], [ 6.008116700645878, 51.846642874290247 ], [ 6.008533325593032, 51.846501824729145 ], [ 6.009002802458762, 51.846338042923691 ], [ 6.009003292079572, 51.846337872243367 ], [ 6.009003250205516, 51.846334735456409 ], [ 6.008971581723272, 51.846299919753086 ], [ 6.008970948056643, 51.846299222901223 ], [ 6.008970312926388, 51.846298525158268 ], [ 6.008968382493334, 51.846296405096183 ], [ 6.008963909927023, 51.846291482385354 ], [ 6.00896383475126, 51.846291398291129 ], [ 6.008963758111849, 51.846291313305805 ], [ 6.008961058408903, 51.846288345203405 ], [ 6.008169066275999, 51.845417501835605 ], [ 6.007510575763343, 51.844677522165661 ], [ 6.007181230584679, 51.844299684460765 ], [ 6.007103357940936, 51.844214210101228 ], [ 6.007095519100455, 51.844205604509213 ], [ 6.007060775037288, 51.844167478769336 ], [ 6.007047543317935, 51.844152951229297 ], [ 6.007595820783566, 51.843953042623916 ], [ 6.007975854195829, 51.843809678740989 ], [ 6.007983807893237, 51.843806715382982 ], [ 6.007985410469288, 51.843806118154362 ], [ 6.007987030669067, 51.843805536113159 ], [ 6.008427270060326, 51.84364749122242 ], [ 6.009017178844217, 51.84343355807858 ], [ 6.009243631068157, 51.843351433876371 ], [ 6.010134430381863, 51.843017951772531 ], [ 6.010232273027594, 51.84297956351498 ], [ 6.010236169962573, 51.84297803274611 ], [ 6.010284867364247, 51.842958916176521 ], [ 6.01032080588659, 51.842944811048348 ], [ 6.010640473372412, 51.843354061585458 ], [ 6.010679108973608, 51.843337694878365 ], [ 6.011190242256364, 51.843121203025156 ], [ 6.01201904690522, 51.842770139925022 ], [ 6.012447044277983, 51.842592187705975 ], [ 6.013383646909269, 51.842204487310674 ], [ 6.013544780727607, 51.842137750139706 ], [ 6.013731016087493, 51.842055193671989 ], [ 6.013961362042886, 51.841948455762662 ], [ 6.013975938832787, 51.841941699398056 ], [ 6.014070147420725, 51.841898051033382 ], [ 6.014114987949689, 51.84187727260197 ], [ 6.01398277055732, 51.841781989906089 ], [ 6.013889078974597, 51.841724109513521 ], [ 6.013867061937544, 51.84171238015233 ], [ 6.013788414813185, 51.84165526426429 ], [ 6.013762173800152, 51.841635099190768 ], [ 6.01361899679848, 51.841514409977755 ], [ 6.013507007435561, 51.841416861510822 ], [ 6.013342348942792, 51.84126543782908 ], [ 6.013237142277917, 51.841169282098178 ], [ 6.013172103584229, 51.841108704507661 ], [ 6.013071027599803, 51.841011097411169 ], [ 6.013050269234328, 51.84099174786342 ], [ 6.01292979046668, 51.840873094013347 ], [ 6.012868867976676, 51.84081419314731 ], [ 6.012816393883771, 51.840763858261724 ], [ 6.012734455006926, 51.840666993774789 ], [ 6.012600589798624, 51.840510065693671 ], [ 6.01250064805266, 51.840394681654487 ], [ 6.012443774212885, 51.840331525376882 ], [ 6.012303620387303, 51.840174055196194 ], [ 6.012264079499162, 51.840129152175621 ], [ 6.012186445987129, 51.840047491016982 ], [ 6.012100441668801, 51.839952346581711 ], [ 6.011959058197524, 51.839803340786901 ], [ 6.01188059947865, 51.839719643414256 ], [ 6.011514609120803, 51.839329851171314 ], [ 6.011349217489655, 51.839169511943538 ], [ 6.011132638412381, 51.83896440292299 ], [ 6.011094454329728, 51.838928247166358 ], [ 6.011073796351264, 51.838908681011347 ], [ 6.01065165385464, 51.838511760056129 ], [ 6.010278726508346, 51.838162341553968 ], [ 6.010190521981058, 51.838073319638731 ], [ 6.010079429733283, 51.837941912187077 ], [ 6.010032193957371, 51.837883782128642 ], [ 6.009957136589771, 51.837789422051792 ], [ 6.009931795267756, 51.837750088611017 ], [ 6.009943605166472, 51.837722727635715 ], [ 6.009951646904235, 51.837714676137566 ], [ 6.00996610164608, 51.837700199727138 ], [ 6.00997022803711, 51.837698505952169 ], [ 6.010095909454455, 51.837646900601349 ], [ 6.010253136828415, 51.837582849224674 ], [ 6.010400096804796, 51.837519229686137 ], [ 6.010719910795062, 51.837382225695642 ], [ 6.010943033573251, 51.837286318259409 ], [ 6.011061874174159, 51.837236483021499 ], [ 6.011108480451798, 51.837220855769225 ], [ 6.011124843879192, 51.837215366628598 ], [ 6.011165588888391, 51.837204920073987 ], [ 6.011217363341395, 51.837195881786428 ], [ 6.011295215514782, 51.83719643850884 ], [ 6.011461331903799, 51.837209684915074 ], [ 6.011812781001687, 51.837236551129692 ], [ 6.012165016600179, 51.83726360086446 ], [ 6.012886565440623, 51.837319673479477 ], [ 6.013161153069372, 51.837340950098032 ], [ 6.013369162867809, 51.837370041893635 ], [ 6.013864097004714, 51.837439344295859 ], [ 6.014063558826042, 51.837467204136225 ], [ 6.014267624407498, 51.837495344647891 ], [ 6.01434720102541, 51.837506119133963 ], [ 6.014478330446503, 51.837521022391613 ], [ 6.014573505756085, 51.837522464090071 ], [ 6.014661417471193, 51.837510785274546 ], [ 6.014713308409966, 51.837496385830917 ], [ 6.014674010777722, 51.837473108824895 ], [ 6.014664018054356, 51.837467184855548 ], [ 6.014099166738296, 51.837132601963823 ], [ 6.013071633039504, 51.836561362025371 ], [ 6.012402729726341, 51.836239352690065 ], [ 6.011478101634449, 51.835840328978541 ], [ 6.011348002439452, 51.835779988638286 ], [ 6.011277648240656, 51.835745514133436 ], [ 6.011250593445221, 51.835732256056325 ], [ 6.010869989906455, 51.835532306315933 ], [ 6.010742622052207, 51.835464768917873 ], [ 6.010291289397759, 51.835207001104386 ], [ 6.010142235341765, 51.835127093082882 ], [ 6.009953002520598, 51.835065788753738 ], [ 6.009392978441633, 51.834943548818231 ], [ 6.008705577170566, 51.834793505169856 ], [ 6.00809474735239, 51.834637407522969 ], [ 6.007712387383542, 51.834525203375392 ], [ 6.006850988247387, 51.834272421672246 ], [ 6.006314924991706, 51.834141959834916 ], [ 6.00578260851279, 51.83402420362799 ], [ 6.005682738326042, 51.833996218336544 ], [ 6.004539295031591, 51.833591731781219 ], [ 6.00444094088384, 51.833554614057988 ], [ 6.004370092296148, 51.833527886187461 ], [ 6.004309539988794, 51.833505041117796 ], [ 6.004387771612564, 51.833388721965932 ], [ 6.004405480004964, 51.833341672501412 ], [ 6.004388470261059, 51.833324306163853 ], [ 6.003734819555685, 51.833085671332533 ], [ 6.002756207895203, 51.832729423824802 ], [ 6.002587400080934, 51.832662202888201 ], [ 6.002488766956339, 51.832593777797335 ], [ 6.002434242611915, 51.832563853112575 ], [ 6.002368169904344, 51.832534995671402 ], [ 6.002320018966183, 51.832519185533812 ], [ 6.002256778353899, 51.832490537897073 ], [ 6.002201458827242, 51.832477794438425 ], [ 6.002194240101399, 51.83247613343508 ], [ 6.002064201415259, 51.832443035899864 ], [ 6.001925389714595, 51.832413435797619 ], [ 6.000799003017728, 51.83224806350146 ], [ 5.999700445853525, 51.832111109819472 ], [ 5.999491240304324, 51.832075914877656 ], [ 5.998889843181421, 51.831974721371445 ], [ 5.998369742017641, 51.831850387230929 ], [ 5.998079098239511, 51.831770787951463 ], [ 5.997842108823881, 51.83169569963308 ], [ 5.99715225579433, 51.831438412622077 ], [ 5.997088706576586, 51.831414473830066 ], [ 5.997065812505387, 51.831405846952983 ], [ 5.997043735082181, 51.831397530426742 ], [ 5.996967732825015, 51.831368901341698 ], [ 5.996604099874613, 51.831273830880157 ], [ 5.996011754151141, 51.831148711008403 ], [ 5.995532266880277, 51.831071918859593 ], [ 5.994550468326246, 51.830927390478635 ], [ 5.994426219079045, 51.830915126001621 ], [ 5.994312702149329, 51.830911219161393 ], [ 5.994217126356949, 51.830917718041391 ], [ 5.994035190529745, 51.830941741821306 ], [ 5.994025746732701, 51.830942869293651 ], [ 5.993743374079272, 51.830976580379925 ], [ 5.993614398741373, 51.83098826704807 ], [ 5.99282014514313, 51.830961107227729 ], [ 5.992483004018221, 51.830937526182616 ], [ 5.991992838083638, 51.83090324567668 ], [ 5.991906058966407, 51.830897176253046 ], [ 5.991033002351027, 51.830824541806543 ], [ 5.990637964498779, 51.83078804921481 ], [ 5.990250337598662, 51.830755660934116 ], [ 5.99022846468492, 51.830753831825305 ], [ 5.989625246581901, 51.830710990057007 ], [ 5.988681137038696, 51.830655556504247 ], [ 5.98810780545428, 51.830625623103508 ], [ 5.987827196653675, 51.830614448981713 ], [ 5.987337930937609, 51.830617788561781 ], [ 5.98718241390648, 51.830624606276565 ], [ 5.987057247877485, 51.830638054981229 ], [ 5.987041312331445, 51.830639763383594 ], [ 5.986918901173513, 51.830652011365366 ], [ 5.986737359482406, 51.830669882618075 ], [ 5.98658782153968, 51.830687769868632 ], [ 5.986229764085504, 51.830734945825704 ], [ 5.986173471759232, 51.830742361150463 ], [ 5.986165723761148, 51.83074338045833 ], [ 5.985915581050702, 51.830792260622481 ], [ 5.985741288207808, 51.830827297452025 ], [ 5.98562187808739, 51.830858018244278 ], [ 5.98548810861629, 51.830893360350807 ], [ 5.985314056345637, 51.830943289366033 ], [ 5.984976280393964, 51.83106612269421 ], [ 5.984535001723642, 51.831220465609718 ], [ 5.984159793152648, 51.831331379543016 ], [ 5.983751805289138, 51.831450728414701 ], [ 5.983651866665211, 51.831475253941385 ], [ 5.983337618454428, 51.831552390900157 ], [ 5.98290796683787, 51.831649851880222 ], [ 5.982368740772102, 51.831764199376003 ], [ 5.981914017245677, 51.831851914438403 ], [ 5.981200736287817, 51.83196091857328 ], [ 5.980846450937101, 51.832007079193502 ], [ 5.980804044421567, 51.832012605986002 ], [ 5.980764867629491, 51.832017711938974 ], [ 5.980706630982892, 51.832025296261683 ], [ 5.980689005079877, 51.832027596605606 ], [ 5.98066686032844, 51.83203047709447 ], [ 5.980662950421022, 51.832031027196138 ], [ 5.980224787775516, 51.832092198593514 ], [ 5.97957681227468, 51.832183406954442 ], [ 5.978952960109396, 51.832278957377703 ], [ 5.978674812016177, 51.83232539255593 ], [ 5.978618874680189, 51.832336883259792 ], [ 5.978562937315523, 51.832348373937229 ], [ 5.978412574877665, 51.832379270322946 ], [ 5.977982358308982, 51.832482621524491 ], [ 5.977788932727172, 51.83254322538572 ], [ 5.977460742223197, 51.832646043089667 ], [ 5.976881957432795, 51.832833650222014 ], [ 5.976516428782204, 51.832933929382065 ], [ 5.976465174900699, 51.832946420225966 ], [ 5.976390275238199, 51.832964665613275 ], [ 5.976376319289517, 51.832968070447436 ], [ 5.976210961999815, 51.832996423623555 ], [ 5.97552155304018, 51.833067197757458 ], [ 5.975348893775197, 51.833076404753434 ], [ 5.975258191941974, 51.833087834404978 ], [ 5.975186189511622, 51.833096905163465 ], [ 5.975151924599306, 51.833102748648656 ], [ 5.974507622040687, 51.833212705584735 ], [ 5.97407423518627, 51.833287825213681 ], [ 5.973757959898924, 51.833331841701565 ], [ 5.973355559131204, 51.833372287717452 ], [ 5.9731332107149, 51.833386242934161 ], [ 5.972876600244331, 51.833395155396694 ], [ 5.972372113963, 51.833405231886324 ], [ 5.972287711372472, 51.833431485896725 ], [ 5.972235381548889, 51.83344616446999 ], [ 5.972110947434067, 51.83342977042124 ], [ 5.971973423648228, 51.833448999291193 ], [ 5.971861350030631, 51.833451544272997 ], [ 5.971659557364926, 51.833448585673317 ], [ 5.971384198502684, 51.833453920930239 ], [ 5.971297785231259, 51.833458315092159 ], [ 5.971201896756281, 51.833472687802185 ], [ 5.971102853346735, 51.833491031995628 ], [ 5.971026172582791, 51.83350530088331 ], [ 5.970799659333237, 51.833571910249916 ], [ 5.970485924481267, 51.83368140483222 ], [ 5.970249996379574, 51.833763923825813 ], [ 5.970151183230758, 51.833800135305189 ], [ 5.970055652998215, 51.833842271824338 ], [ 5.969960328099591, 51.833900290012579 ], [ 5.969877736120853, 51.833952285482404 ], [ 5.969823981895277, 51.834006124170614 ], [ 5.969795567269307, 51.834038012818723 ], [ 5.969779988156286, 51.834085360954909 ], [ 5.969773999785824, 51.834103591602023 ], [ 5.969773664809022, 51.834104614364399 ], [ 5.969773331259742, 51.834105635321983 ], [ 5.969761675663857, 51.834141351667391 ], [ 5.969873916400055, 51.834152704164666 ], [ 5.970021458958957, 51.834169831627804 ], [ 5.97020124007501, 51.83420266351483 ], [ 5.970316826861271, 51.834225899803499 ], [ 5.970435814329226, 51.834263006384283 ], [ 5.970741353164827, 51.834362680323892 ], [ 5.970882474344291, 51.834410191178797 ], [ 5.970706597217679, 51.834552457640605 ], [ 5.969595500259012, 51.835451125016142 ], [ 5.970045098777375, 51.835429153721009 ], [ 5.970015461185321, 51.835460886695401 ], [ 5.970578820711516, 51.835512485788819 ], [ 5.970631923876732, 51.835527034882567 ], [ 5.970653712600018, 51.835536697092245 ], [ 5.97066034965197, 51.835549508724995 ], [ 5.970659836733278, 51.835563785090578 ], [ 5.970651780469079, 51.835573577725654 ], [ 5.970636237940323, 51.835580044968872 ], [ 5.97061598723217, 51.835583715013428 ], [ 5.970501201345542, 51.835583386839161 ], [ 5.970268193887901, 51.835591924533972 ], [ 5.970039674907107, 51.83559526206701 ], [ 5.96986321565082, 51.835606528318195 ], [ 5.96972710668552, 51.835635778718384 ], [ 5.969619497278711, 51.835660833665486 ], [ 5.9693006527284, 51.835742297098079 ], [ 5.968933972275424, 51.8358340280504 ], [ 5.968844880312915, 51.835853822960132 ], [ 5.968852188539294, 51.835854604690319 ], [ 5.969078158855439, 51.835838068949073 ], [ 5.969108048531952, 51.835834756751879 ], [ 5.969141329548429, 51.83583227265089 ], [ 5.969149959691308, 51.835843168910387 ], [ 5.969147273211227, 51.835854220170368 ], [ 5.969149996032307, 51.83586293454541 ], [ 5.969172831258055, 51.835863881936504 ], [ 5.969197270583855, 51.83585984171156 ], [ 5.969242032783963, 51.835858819698487 ], [ 5.969299121045523, 51.835862886957699 ], [ 5.969338989757603, 51.83588165499927 ], [ 5.969348805990879, 51.835902476805636 ], [ 5.969360737558971, 51.835918687777529 ], [ 5.969393364953554, 51.83591726749674 ], [ 5.969521798831587, 51.835901421548648 ], [ 5.969587202367917, 51.835910085490696 ], [ 5.96965376868517, 51.835918905418332 ], [ 5.969749128573922, 51.835931537319205 ], [ 5.969802266530406, 51.836645314684226 ], [ 5.971024326662964, 51.836799820987196 ], [ 5.971685026626218, 51.836857555019982 ], [ 5.972208649662646, 51.836989585045373 ], [ 5.973407939990837, 51.837470086895642 ], [ 5.974018075220287, 51.837741735314182 ], [ 5.974409932111326, 51.837520787865323 ], [ 5.975738903561477, 51.838800399165962 ], [ 5.975684809824014, 51.839111171775592 ], [ 5.975681624903518, 51.839129497420707 ], [ 5.975817092558466, 51.839802257940988 ], [ 5.976394751918922, 51.839859582150822 ], [ 5.975996497178986, 51.840807383025741 ], [ 5.974059945402519, 51.842404056360465 ], [ 5.97406729458052, 51.84240566451048 ], [ 5.974109885381204, 51.842430161009176 ], [ 5.974150794878649, 51.842453695139525 ], [ 5.97423328032498, 51.842514027113552 ], [ 5.974244803377069, 51.842522453755294 ], [ 5.974086603716815, 51.842612313426102 ], [ 5.974084867873688, 51.842621643226558 ], [ 5.973987099438397, 51.842570025560597 ], [ 5.97390540429635, 51.842526893534945 ], [ 5.97382823257877, 51.842507935998334 ], [ 5.97372471720259, 51.842508597244461 ], [ 5.973579973423386, 51.842529076522553 ], [ 5.97338525506606, 51.842578964998793 ], [ 5.972927793760439, 51.842710225828526 ], [ 5.97284907955866, 51.842732209168979 ], [ 5.972010380085872, 51.842956979629903 ], [ 5.971164194296063, 51.843182518377482 ], [ 5.970926012456085, 51.843246047908004 ], [ 5.970241203640485, 51.843429170070756 ], [ 5.969949676469238, 51.84463306888361 ], [ 5.96994222394681, 51.844663854780968 ], [ 5.96992880472258, 51.844719245867864 ], [ 5.969722843014399, 51.844809363700769 ], [ 5.969570548715768, 51.845533858608093 ], [ 5.969572679706348, 51.845599868835436 ], [ 5.96959335197016, 51.845640771052778 ], [ 5.969621230725904, 51.84567569787616 ], [ 5.969686065784373, 51.84572457034772 ], [ 5.969751356298777, 51.845763768857275 ], [ 5.969867384877125, 51.845825591252201 ], [ 5.970414762262727, 51.846098775378749 ], [ 5.971448458438245, 51.84661200265009 ], [ 5.97170619598778, 51.846739965413839 ], [ 5.973382550892813, 51.847583007445522 ], [ 5.973607305483292, 51.847696030054834 ], [ 5.974419549156861, 51.848106052627415 ], [ 5.975004350875434, 51.848401246971093 ], [ 5.974038390263954, 51.848610390522616 ], [ 5.973323548798176, 51.848772943025807 ], [ 5.972986869210057, 51.848862289185469 ], [ 5.972478419481483, 51.848997218070508 ], [ 5.971955882394625, 51.849128313908352 ], [ 5.971276142496009, 51.84927254011783 ], [ 5.970684955817716, 51.849383963426895 ], [ 5.970340139792409, 51.849448731803555 ], [ 5.969994823234716, 51.849510788011031 ], [ 5.969262485399652, 51.849687217922956 ], [ 5.969358266935641, 51.849907743883456 ], [ 5.969275610340588, 51.849909807750969 ], [ 5.969305722939633, 51.850019534210531 ], [ 5.96930721563311, 51.850024973856996 ], [ 5.969309500537238, 51.850033312869876 ], [ 5.969318038307653, 51.850056155324332 ], [ 5.969332275859557, 51.850094276975831 ], [ 5.969401720282428, 51.850081618213693 ], [ 5.969530837833849, 51.850052671841333 ], [ 5.969644596205483, 51.850014373480498 ], [ 5.969819019067538, 51.849956906939845 ], [ 5.970008951639192, 51.849918221059937 ], [ 5.97029781608272, 51.849874334290895 ], [ 5.970556219075566, 51.849830596426045 ], [ 5.970937673562577, 51.84976171721015 ], [ 5.971211250996562, 51.849713184341098 ], [ 5.971454426886547, 51.849669521162532 ], [ 5.971591207860356, 51.849645254242191 ], [ 5.971667481406056, 51.849630943092123 ], [ 5.971677567012673, 51.849656546139926 ], [ 5.971734283931411, 51.849800538621494 ], [ 5.971778589190402, 51.84991302516768 ], [ 5.972709242258673, 51.852275435127545 ], [ 5.972746437482422, 51.852369853858384 ], [ 5.973427760801845, 51.854099189814704 ], [ 5.973440940888029, 51.854132651199912 ], [ 5.974091558658817, 51.855785138937783 ], [ 5.974092099286511, 51.855785299825726 ], [ 5.974353048074643, 51.855863170185458 ], [ 5.974355493305181, 51.855863898608163 ], [ 5.975860235381517, 51.856303783564869 ], [ 5.976206621331084, 51.856429871716045 ], [ 5.977047580707676, 51.856822941616031 ], [ 5.9777495839956, 51.857229765066215 ], [ 5.979082820869506, 51.8582224393028 ], [ 5.980100386757355, 51.859043924890948 ], [ 5.981063595956281, 51.859821489117472 ], [ 5.981180058406562, 51.859947441249567 ], [ 5.982388440724137, 51.859864369474799 ], [ 5.984328169026781, 51.859730997508983 ], [ 5.984670571752227, 51.859707448991593 ], [ 5.984975308148003, 51.859686491238875 ], [ 5.984981022645394, 51.859686102595553 ], [ 5.994140718550976, 51.859055795685997 ], [ 5.99565661600912, 51.858949828678369 ], [ 5.996366564488857, 51.858900187988866 ], [ 5.99660358587388, 51.858883614236895 ], [ 5.996724453282209, 51.858875166632409 ], [ 5.996838549177082, 51.858867188219541 ], [ 5.996838801517566, 51.858867169830724 ], [ 5.99687484563005, 51.85886465099388 ], [ 5.996904305402308, 51.858862591505222 ], [ 5.996894436118616, 51.85884238349567 ], [ 5.996781099311541, 51.858704917132691 ], [ 5.996683035666141, 51.858599577300012 ], [ 5.996433509562878, 51.858394702511994 ], [ 5.996058192372818, 51.858120530931785 ], [ 5.995600445238924, 51.857796161979373 ], [ 5.995278155437953, 51.857595347184478 ], [ 5.994895295927419, 51.85731200671556 ], [ 5.9946399602922, 51.857115445650727 ], [ 5.994511718882473, 51.856992346021705 ], [ 5.993591857450645, 51.856109348553787 ], [ 5.993260855838246, 51.855811928459175 ], [ 5.993140851098854, 51.855729709640968 ], [ 5.993088536022577, 51.855705826594367 ], [ 5.993122515092015, 51.855679800141012 ], [ 5.993430924721174, 51.855443516778209 ], [ 5.993695669444411, 51.855240688866104 ], [ 5.993966689889643, 51.85502872250607 ], [ 5.994203408117996, 51.854841516576023 ], [ 5.994369639232164, 51.854711419489952 ], [ 5.994707093390347, 51.854444888799122 ], [ 5.994870643355901, 51.854317465473606 ], [ 5.994898524108751, 51.854295748614433 ], [ 5.995189616274216, 51.854064757249368 ], [ 5.995190482295188, 51.854064073229324 ], [ 5.995191354145604, 51.854063390976833 ], [ 5.995355822647894, 51.853934647177127 ], [ 5.995427835313676, 51.853876900133919 ], [ 5.995522018963376, 51.853801393621474 ], [ 5.995668134993751, 51.85369031080721 ], [ 5.995768856017623, 51.853610986022851 ], [ 5.996055990537852, 51.853388846023442 ], [ 5.99661902668625, 51.852942087424054 ], [ 5.996991800835795, 51.852653299726377 ], [ 5.997379738519053, 51.852358131012465 ], [ 5.997837463032591, 51.851996028724002 ], [ 5.997844960509749, 51.851990094126265 ], [ 5.997846179724553, 51.851989131401176 ], [ 5.997847398902725, 51.851988165979641 ], [ 5.99786946202786, 51.851970707779174 ], [ 5.997873607845339, 51.851967427858945 ], [ 5.997883559667763, 51.851959565028444 ], [ 5.997914793278658, 51.851934854780559 ], [ 5.997946974494933, 51.851909384554858 ], [ 5.997956926291947, 51.851901521718148 ], [ 5.997982803411377, 51.851881045967197 ], [ 5.997543001420493, 51.851583494755168 ], [ 5.997484113680335, 51.851543649124039 ], [ 5.997407059687117, 51.851496716063266 ], [ 5.997362826389049, 51.851456379807644 ], [ 5.997329259872226, 51.851395711713678 ], [ 5.997317521155516, 51.851334919355658 ], [ 5.997349346517356, 51.851267142036811 ], [ 5.997413759118489, 51.851185667515459 ], [ 5.997651172286444, 51.85098160626297 ], [ 5.998146824591096, 51.850498984618667 ], [ 5.998685951589798, 51.850002615528332 ], [ 5.999052506424658, 51.849662645663869 ] ] ] ] } },
{ "type": "Feature", "properties": { "wijkcode": "WK194503", "wijknaam": "De Horst", "gemeentecode": "GM1945", "gemeentenaam": "Berg en Dal", "indelingswijzigingWijkenEnBuurten": 1, "water": "NEE", "omgevingsadressendichtheid": 170, "stedelijkheidAdressenPerKm2": 5, "bevolkingsdichtheidInwonersPerKm2": 204, "aantalInwoners": 1380, "mannen": 725, "vrouwen": 650, "percentagePersonen0Tot15Jaar": 16, "percentagePersonen15Tot25Jaar": 12, "percentagePersonen25Tot45Jaar": 25, "percentagePersonen45Tot65Jaar": 29, "percentagePersonen65JaarEnOuder": 18, "percentageOngehuwd": 47, "percentageGehuwd": 44, "percentageGescheid": 5, "percentageVerweduwd": 4, "geboorteTotaal": 20, "geboortesPer1000Inwoners": 17, "sterfteTotaal": 5, "sterfteRelatief": 2, "aantalHuishoudens": 550, "percentageEenpersoonshuishoudens": 23, "percentageHuishoudensZonderKinderen": 34, "percentageHuishoudensMetKinderen": 42, "gemiddeldeHuishoudsgrootte": 2.5, "percentageMetHerkomstlandNederland": 90, "percentageMetHerkomstlandUitEuropaExclNl": 6, "percentageMetHerkomstlandBuitenEuropa": 5, "percentageGebInNlMetHerkomstlandNederland": 90, "percGebInNlMetHerkomstlandInEuropaExNl": 4, "percGebInNlMetHerkomstlandBuitenEuropa": 2, "percGebBuitenNlMetHerkomstlndInEuropaExNl": 2, "percGebBuitenNlMetHerkomstlndBuitenEuropa": 3, "aantalBedrijvenLandbouwBosbouwVisserij": 30, "aantalBedrijvenNijverheidEnergie": 30, "aantalBedrijvenHandelEnHoreca": 20, "aantalBedrijvenVervoerInformatieCommunicatie": 5, "aantalBedrijvenFinancieelOnroerendGoed": 10, "aantalBedrijvenZakelijkeDienstverlening": 25, "aantalBedrijvenOverheidOnderwijsEnZorg": 35, "aantalBedrijvenCultuurRecreatieOverige": 15, "aantalBedrijfsvestigingen": 170, "woningvoorraad": 539, "gemiddeldeWoningwaarde": 415, "percentageEengezinswoning": 93, "percentageMeergezinswoning": 7, "percentageBewoond": -99997, "percentageKoopwoningen": 79, "percentageHuurwoningen": 21, "percHuurwoningenInBezitWoningcorporaties": 12, "percHuurwoningenInBezitOverigeVerhuurders": 9, "percentageWoningenMetEigendomOnbekend": -99997, "percentageBouwjaarklasseTot2000": -99997, "percentageBouwjaarklasseVanaf2000": -99997, "percentageLeegstandWoningen": -99997, "gemiddeldGasverbruikTotaal": -99997, "gemiddeldGasverbruikAppartement": -99997, "gemiddeldGasverbruikTussenwoning": -99997, "gemiddeldGasverbruikHoekwoning": -99997, "gemiddeldGasverbruik2Onder1KapWoning": -99997, "gemiddeldGasverbruikVrijstaandeWoning": -99997, "gemiddeldGasverbruikHuurwoning": -99997, "gemiddeldGasverbruikkoopwoning": -99997, "gemiddeldElektriciteitsverbruikTotaal": -99997, "gemiddeldElektriciteitsverbruikAppartement": -99997, "gemiddeldElektriciteitsverbruikTussenwoning": -99997, "gemiddeldElektriciteitsverbruikHoekwoning": -99997, "gemElektriciteitsverbruik2Onder1KapWoning": -99997, "gemElektriciteitsverbruikVrijstaandeWoning": -99997, "gemiddeldElektriciteitsverbruikHuurwoning": -99997, "gemiddeldElektriciteitsverbruikkoopwoning": -99997, "percentageWoningenMetStadsverwarming": -99997, "opleidingsniveauLaag": -99997, "opleidingsniveauMiddelbaar": -99997, "opleidingsniveauHoog": -99997, "nettoArbeidsparticipatie": -99997, "percentageWerknemers": -99997, "percentageZelfstandigen": -99997, "aantalInkomensontvangers": -99997, "gemiddeldInkomenPerInkomensontvanger": -99997, "gemiddeldInkomenPerInwoner": -99997, "percentagePersonenMetHoogInkomen": -99997, "percentagePersonenMetLaagInkomen": -99997, "percentageHuishoudensMetHoogInkomen": -99997, "percentageHuishoudensMetLaagInkomen": -99997, "percentageHuishoudensMetLaagsteInkomen": -99997, "percentageHuishoudensOnderOfRondSociaalMinimum": -99997, "aantalPersonenMetEenAoUitkeringTotaal": 60, "aantalPersonenMetEenWwUitkeringTotaal": 10, "aantalPersonenMetEenAlgBijstandsuitkeringTot": 10, "aantalPersonenMetEenAowUitkeringTotaal": 220, "gemiddeldGestandaardiseerdInkomenVanHuishoudens": -99997.0, "huishoudensTot110PercentVanSociaalMinimum": -99997.0, "huishoudensTot120PercentVanSociaalMinimum": -99997.0, "mediaanVermogenVanParticuliereHuish": -99997.0, "aantalJongerenMetJeugdzorgInNatura": -99997, "percentageJongerenMetJeugdzorgInNatura": -99997.0, "aantalWmoClienten": -99997, "aantalWmoClientenPer1000Inwoners": -99997, "personenautosTotaal": 840, "personenautosPerHuishouden": 1.5, "personenautosPerKm2": 125, "motortweewielersTotaal": 75, "aantalPersonenautosMetBrandstofBenzine": 710, "aantalPersonenautosMetOverigeBrandstof": 130, "oppervlakteTotaalInHa": 675, "oppervlakteLandInHa": 675, "oppervlakteWaterInHa": 0, "huisartsenpraktijkGemiddeldeAfstandInKm": 2.6, "huisartsenpraktijkGemiddeldAantalBinnen1Km": 0.0, "huisartsenpraktijkGemiddeldAantalBinnen3Km": 2.7, "huisartsenpraktijkGemiddeldAantalBinnen5Km": 4.0, "huisartsenpostGemiddeldeAfstandInKm": 13.2, "apotheekGemiddeldeAfstandInKm": 2.6, "ziekenhuisInclBuitenpolikliniekGemAfstInKm": 11.6, "ziekenhuisInclBuitenpoliGemAantalBinnen5Km": 0.0, "ziekenhuisInclBuitenpoliGemAantalBinnen10Km": 0.0, "ziekenhuisInclBuitenpoliGemAantalBinnen20Km": 5.0, "ziekenhuisExclBuitenpolikliniekGemAfstInKm": 11.6, "ziekenhuisExclBuitenpoliGemAantalBinnen5Km": 0.0, "ziekenhuisExclBuitenpoliGemAantalBinnen10Km": 0.0, "ziekenhuisExclBuitenpoliGemAantalBinnen20Km": 3.0, "groteSupermarktGemiddeldeAfstandInKm": 2.2, "groteSupermarktGemiddeldAantalBinnen1Km": 0.0, "groteSupermarktGemiddeldAantalBinnen3Km": 4.1, "groteSupermarktGemiddeldAantalBinnen5Km": 7.0, "winkelsOvDagelijkseLevensmGemAfstInKm": 2.1, "winkelsOvDagelLevensmGemAantalBinnen1Km": 0.0, "winkelsOvDagelLevensmGemAantalBinnen3Km": 8.0, "winkelsOvDagelLevensmGemAantalBinnen5Km": 12.9, "warenhuisGemiddeldeAfstandInKm": 3.0, "warenhuisGemiddeldAantalBinnen5Km": 1.0, "warenhuisGemiddeldAantalBinnen10Km": 2.4, "warenhuisGemiddeldAantalBinnen20Km": 11.3, "cafeGemiddeldeAfstandInKm": 0.5, "cafeGemiddeldAantalBinnen1Km": 1.6, "cafeGemiddeldAantalBinnen3Km": 3.6, "cafeGemiddeldAantalBinnen5Km": 5.8, "cafetariaGemiddeldeAfstandInKm": 0.6, "cafetariaGemiddeldAantalBinnen1Km": 0.8, "cafetariaGemiddeldAantalBinnen3Km": 6.3, "cafetariaGemiddeldAantalBinnen5Km": 11.9, "restaurantGemiddeldeAfstandInKm": 2.7, "restaurantGemiddeldAantalBinnen1Km": 0.0, "restaurantGemiddeldAantalBinnen3Km": 6.9, "restaurantGemiddeldAantalBinnen5Km": 12.9, "hotelGemiddeldeAfstandInKm": 2.6, "hotelGemiddeldAantalBinnen5Km": 4.3, "hotelGemiddeldAantalBinnen10Km": 14.1, "hotelGemiddeldAantalBinnen20Km": 44.9, "kinderdagverblijfGemiddeldeAfstandInKm": 0.5, "kinderdagverblijfGemiddeldAantalBinnen1Km": 1.6, "kinderdagverblijfGemiddeldAantalBinnen3Km": 5.4, "kinderdagverblijfGemiddeldAantalBinnen5Km": 10.8, "buitenschoolseOpvangGemAfstandInKm": 0.7, "buitenschoolseOpvangGemiddeldAantalBinnen1Km": 0.8, "buitenschoolseOpvangGemiddeldAantalBinnen3Km": 3.7, "buitenschoolseOpvangGemiddeldAantalBinnen5Km": 6.9, "basisonderwijsGemiddeldeAfstandInKm": 0.7, "basisonderwijsGemiddeldAantalBinnen1Km": 0.8, "basisonderwijsGemiddeldAantalBinnen3Km": 2.9, "basisonderwijsGemiddeldAantalBinnen5Km": 5.9, "voortgezetOnderwijsGemAfstandInKm": 2.7, "voortgezetOnderwijsGemiddeldAantalBinnen3Km": 0.8, "voortgezetOnderwijsGemiddeldAantalBinnen5Km": 1.0, "voortgezetOnderwijsGemiddeldAantalBinnen10Km": 3.8, "vmboGemiddeldeAfstandInKm": 2.7, "vmboGemiddeldAantalBinnen3Km": 0.8, "vmboGemiddeldAantalBinnen5Km": 1.0, "vmboGemiddeldAantalBinnen10Km": 3.7, "havoVwoGemiddeldeAfstandInKm": 2.7, "havoVwoGemiddeldAantalBinnen3Km": 0.8, "havoVwoGemiddeldAantalBinnen5Km": 1.0, "havoVwoGemiddeldAantalBinnen10Km": 2.7, "brandweerkazerneGemiddeldeAfstandInKm": 2.5, "opritHoofdverkeerswegGemiddeldeAfstandInKm": 2.8, "treinstationGemiddeldeAfstandInKm": 6.9, "overstapstationGemiddeldeAfstandInKm": 12.6, "zwembadGemiddeldeAfstandInKm": 2.5, "kunstijsbaanGemiddeldeAfstandInKm": 16.1, "bibliotheekGemiddeldeAfstandInKm": 2.7, "poppodiumGemiddeldeAfstandInKm": 12.2, "bioscoopGemiddeldeAfstandInKm": 9.7, "bioscoopGemiddeldAantalBinnen5Km": 0.0, "bioscoopGemiddeldAantalBinnen10Km": 1.5, "bioscoopGemiddeldAantalBinnen20Km": 6.1, "saunaGemiddeldeAfstandInKm": 9.0, "zonnebankGemiddeldeAfstandInKm": 3.0, "attractieparkGemiddeldeAfstandInKm": 7.4, "attractieparkGemiddeldAantalBinnen10Km": 2.0, "attractieparkGemiddeldAantalBinnen20Km": 4.9, "attractieparkGemiddeldAantalBinnen50Km": 25.0, "theaterGemiddeldeAfstandInKm": 9.9, "theaterGemiddeldAantalBinnen5Km": 0.0, "theaterGemiddeldAantalBinnen10Km": 0.7, "theaterGemiddeldAantalBinnen20Km": 12.6, "gemiddeldeAfstandTotMuseum": 3.6, "gemiddeldAantalMuseaBinnen5Km": 1.0, "gemiddeldAantalMuseaBinnen10Km": 3.9, "gemiddeldAantalMuseaBinnen20Km": 14.1, "afstandTotOpenbaarGroenTotaal": -99997.0, "afstandTotParkOfPlantsoen": -99997.0, "afstandTotDagrcreatiefTerrein": -99997.0, "afstandTotBos": -99997.0, "afstandTotOpenNatuurTerreinTotaal": -99997.0, "afstandTotOpenDroogNatuurTerrein": -99997.0, "afstandTotOpenNatNatuurlijkTerrein": -99997.0, "afstandTotSemiopenbaarGroenTotaal": -99997.0, "afstandTotSportterrein": -99997.0, "afstandTotVolkstuin": -99997.0, "afstandTotVerblijfsrecreatiefTerrein": -99997.0, "afstandTotRecreatiefBinnenwater": -99997.0, "afstandTotBegraafplaats": -99997.0, "jrstatcode": "2024WK194503", "jaar": 2024, "aantalNieuwbouwWoningen": 0.0, "aantalNietWoningvoorraad": 28, "aantalNieuwbouwNietWoningen": 1, "percEengezinswoningTussenwoning": 19.0, "percEengezinswoningHoekwoning": 15.0, "percEengezinswoning2Onder1Kap": 23.0, "percEengezinswoningVrijstaand": 37.0, "percBouwjaarMeerDan10JaarGeleden": 82.0, "percBouwjaarAfgelopen10Jaar": 18.0, "percentageOnbewoond": 3, "gemiddeldAardgasverbruik": 980, "percentageAardgaswoningen": 76.0, "percentageAardgasvrijeWoningen": 15.0, "gemiddeldeElektriciteitslevering": 3580.0, "gemiddeldeElektriciteitsteruglevering": 1780.0, "percentageWoningenMetZonnestroom": 61.0, "aantalLeerlingenPrimairOnderwijs": 120, "aantalLeerlingenVoortgezetOnderwijs": 60, "aantalStudentenMbo": 40, "aantalStudentenHbo": 40, "aantalStudentenWo": 10 }, "geometry": { "type": "MultiPolygon", "coordinates": [ [ [ [ 5.967675401851665, 51.793004193957103 ], [ 5.973042770011434, 51.792783328889911 ], [ 5.973053977651879, 51.792846347667187 ], [ 5.974953223446546, 51.79226131675037 ], [ 5.974949305605139, 51.792256995794865 ], [ 5.974833159596566, 51.79211937822987 ], [ 5.974570532403647, 51.791813050351251 ], [ 5.974504561572861, 51.791737076593236 ], [ 5.973703480398681, 51.790814397787571 ], [ 5.973661198123992, 51.790763041686866 ], [ 5.973539310691246, 51.790626934679032 ], [ 5.973530735685547, 51.790617350769949 ], [ 5.973204091882608, 51.790235386283484 ], [ 5.972632482453661, 51.789565292260797 ], [ 5.973155988693098, 51.789404711621955 ], [ 5.975009532381971, 51.788807804288425 ], [ 5.975070355086816, 51.788788218803425 ], [ 5.974658003513728, 51.788638378160861 ], [ 5.974014816880374, 51.788477988427495 ], [ 5.973977828630561, 51.788470218628795 ], [ 5.973987350546838, 51.788428958241539 ], [ 5.973988942498565, 51.788422091972208 ], [ 5.97419826047851, 51.787516566220049 ], [ 5.974200057707015, 51.787508773093158 ], [ 5.974382276021112, 51.786677583477562 ], [ 5.97452128888789, 51.786052673654481 ], [ 5.974548401874079, 51.785061975683043 ], [ 5.975688543115484, 51.785258681863851 ], [ 5.97845729539843, 51.785805326386381 ], [ 5.978657080132641, 51.785843787695988 ], [ 5.978932135807362, 51.785890569774523 ], [ 5.979283317248969, 51.785951141838581 ], [ 5.979379055217136, 51.785967404105229 ], [ 5.97946149707549, 51.785974385307782 ], [ 5.979538839004255, 51.785977077686582 ], [ 5.979628700751611, 51.785965253073577 ], [ 5.97970920263579, 51.785950329680006 ], [ 5.979796501363049, 51.785922140647791 ], [ 5.980003868671697, 51.785848212737861 ], [ 5.980321267271459, 51.785740146445825 ], [ 5.980389898667165, 51.785696573017972 ], [ 5.980409132302603, 51.785683451213103 ], [ 5.980547601821387, 51.785588918457911 ], [ 5.980616287238464, 51.785591339330743 ], [ 5.980711929287246, 51.785599232600134 ], [ 5.98078373148455, 51.785566474161278 ], [ 5.980859351964988, 51.785529822254247 ], [ 5.981015980553154, 51.785291154535052 ], [ 5.981032227127097, 51.785266937834223 ], [ 5.981519631812949, 51.78454051656184 ], [ 5.98156778072633, 51.784460552497379 ], [ 5.981765611861457, 51.784136705500941 ], [ 5.983482926817093, 51.784684927384781 ], [ 5.983585758173099, 51.784718201535149 ], [ 5.983675877102717, 51.78474581452533 ], [ 5.983851712989635, 51.784801305392655 ], [ 5.984226636495923, 51.784919152092108 ], [ 5.984678684445514, 51.785057134586566 ], [ 5.984793249854651, 51.784428165821616 ], [ 5.985496011654569, 51.784079463920889 ], [ 5.987887788434507, 51.782888727804462 ], [ 5.988746174281347, 51.7832885178141 ], [ 5.988985763465225, 51.783401641458475 ], [ 5.989131062750581, 51.783469973085737 ], [ 5.989747683396009, 51.783723736299493 ], [ 5.990210998768798, 51.783414177251458 ], [ 5.990220073139824, 51.783406750924016 ], [ 5.990226724786353, 51.783401305564198 ], [ 5.990284657176997, 51.78334001082046 ], [ 5.990290173193491, 51.783334175799482 ], [ 5.990427036698482, 51.783197491888352 ], [ 5.98927157729186, 51.7824687555851 ], [ 5.989150046860729, 51.782391655049921 ], [ 5.989149315591447, 51.782391155441893 ], [ 5.989035843899862, 51.782314112287359 ], [ 5.988688279638037, 51.782078111062596 ], [ 5.988524286261647, 51.781965947404423 ], [ 5.988382935915414, 51.781866188555114 ], [ 5.98822655606931, 51.781755396654923 ], [ 5.988104496319867, 51.781665479988021 ], [ 5.98798944182207, 51.781582484486705 ], [ 5.987831849254436, 51.781482772255018 ], [ 5.987572292367582, 51.781317632526225 ], [ 5.98614247883618, 51.780385176942701 ], [ 5.985997568571701, 51.78030030059692 ], [ 5.985599071213141, 51.780060020147559 ], [ 5.985285588860221, 51.77987151056201 ], [ 5.984348809117405, 51.779310344573965 ], [ 5.983838213757898, 51.778986873175569 ], [ 5.983431933883709, 51.778725034356619 ], [ 5.984125687814561, 51.778063995538652 ], [ 5.984269066365031, 51.777853327213947 ], [ 5.9842747947906, 51.777844920645919 ], [ 5.984328849166433, 51.777775208247277 ], [ 5.984336656784145, 51.777765146168115 ], [ 5.98443082358992, 51.777777735928773 ], [ 5.984544074017439, 51.777793572142727 ], [ 5.984337520179436, 51.777214085483351 ], [ 5.984149627929686, 51.776724946907912 ], [ 5.984143639893487, 51.776709346189904 ], [ 5.984121710115605, 51.776647562220042 ], [ 5.984119136601775, 51.776640330496591 ], [ 5.984045705033281, 51.776457785963736 ], [ 5.983943851081163, 51.776217679127392 ], [ 5.983738161631735, 51.775730913571756 ], [ 5.9836733573467, 51.775581456951357 ], [ 5.984022428560293, 51.775351198539965 ], [ 5.98343830467659, 51.774771393715532 ], [ 5.983223050024927, 51.774557723225477 ], [ 5.982692790972684, 51.774034044422187 ], [ 5.982359842372422, 51.773697008094985 ], [ 5.984395479283162, 51.773052417988353 ], [ 5.985042815311043, 51.772833391345642 ], [ 5.98579139834948, 51.772585251313807 ], [ 5.986256864738076, 51.772421329919503 ], [ 5.986801596155328, 51.772226907318924 ], [ 5.987402378583116, 51.771839631829728 ], [ 5.987966968292125, 51.771472682221152 ], [ 5.98830489171656, 51.771255762079107 ], [ 5.989363722898683, 51.770577330936931 ], [ 5.989838405221763, 51.770269592660576 ], [ 5.990081363439511, 51.770113954599331 ], [ 5.990343273585617, 51.769945553528984 ], [ 5.990553443113572, 51.769809498625278 ], [ 5.990750008856925, 51.769682232357482 ], [ 5.991595135513111, 51.770044631920086 ], [ 5.992066971936487, 51.770245907467142 ], [ 5.991940372689972, 51.76978095852045 ], [ 5.991829462741621, 51.769553587940059 ], [ 5.991618969624477, 51.769143821103967 ], [ 5.991545326149139, 51.768991151369789 ], [ 5.991473994494299, 51.768842307816776 ], [ 5.991286253555296, 51.768445537494216 ], [ 5.991203266230904, 51.76827759007648 ], [ 5.99098768364831, 51.767490936925704 ], [ 5.990627113027132, 51.766433806790971 ], [ 5.990568204938748, 51.766357643731531 ], [ 5.990549630283949, 51.766333622839923 ], [ 5.990514526338163, 51.766291197405238 ], [ 5.990501099636232, 51.766277307165254 ], [ 5.990479208504358, 51.766265276194382 ], [ 5.988843518266771, 51.76536605628651 ], [ 5.988691795797258, 51.76528310586145 ], [ 5.988493274862012, 51.765174579973412 ], [ 5.98708862796002, 51.764400359648334 ], [ 5.986032357020078, 51.763820241474299 ], [ 5.985580444822576, 51.763571874500556 ], [ 5.984679428167115, 51.763070536843131 ], [ 5.984633962009946, 51.763045735263759 ], [ 5.984202794506728, 51.762810515502487 ], [ 5.98381710643661, 51.762599736464203 ], [ 5.983807199085035, 51.762594321806965 ], [ 5.983160847054703, 51.762240995130789 ], [ 5.983028920435787, 51.762168075940629 ], [ 5.982529476508737, 51.761893755018015 ], [ 5.981837755147142, 51.761515717066835 ], [ 5.98157275573895, 51.761367957824476 ], [ 5.981301352572077, 51.761217767562655 ], [ 5.980008126138287, 51.760502052272102 ], [ 5.979889377495989, 51.760439130183556 ], [ 5.979884879830458, 51.760436366452247 ], [ 5.979782266341833, 51.760373335692648 ], [ 5.979441704177877, 51.760185190246091 ], [ 5.979209743444187, 51.760052701208082 ], [ 5.978973919316044, 51.759949138665441 ], [ 5.978769854673012, 51.759860534227201 ], [ 5.978532570896444, 51.759783602499674 ], [ 5.978290044785297, 51.75971001353939 ], [ 5.97801527197767, 51.759731236945797 ], [ 5.977783256212279, 51.759746797143819 ], [ 5.977620530875493, 51.759756479823331 ], [ 5.97717200214572, 51.759749183640494 ], [ 5.976858193331991, 51.759740560823985 ], [ 5.976664007171159, 51.759711443729955 ], [ 5.976570140358106, 51.759695475600488 ], [ 5.976383318072553, 51.759629036167318 ], [ 5.976118201464759, 51.759530010603079 ], [ 5.976111244467051, 51.759527456835883 ], [ 5.97587382069938, 51.759440417227779 ], [ 5.975751448813281, 51.759395558341133 ], [ 5.975466561192037, 51.759288576782595 ], [ 5.975419966845955, 51.759267660402003 ], [ 5.975241293813727, 51.759181627983139 ], [ 5.974938027242651, 51.759036778373343 ], [ 5.974604187938203, 51.759121345240985 ], [ 5.974095028872545, 51.759256244685751 ], [ 5.974092608809551, 51.759255043339678 ], [ 5.973779259799671, 51.759099823411745 ], [ 5.973628635494938, 51.75902627718289 ], [ 5.973547517592957, 51.758986674658672 ], [ 5.971882068495012, 51.759532872080911 ], [ 5.972126879678387, 51.759693024246857 ], [ 5.972319266698401, 51.759844930809024 ], [ 5.972630378127776, 51.760159624972019 ], [ 5.971559009686976, 51.760411956771051 ], [ 5.971526532242263, 51.760422976062806 ], [ 5.970379531280789, 51.760737214720969 ], [ 5.968365943366996, 51.761355418714629 ], [ 5.968332867267761, 51.761365618523897 ], [ 5.966083542746, 51.76205081134875 ], [ 5.966030252815884, 51.762067352940264 ], [ 5.962955107354049, 51.763026615078076 ], [ 5.962900017591359, 51.763039079650163 ], [ 5.962845566882324, 51.763060195299708 ], [ 5.96041034085043, 51.763817044241286 ], [ 5.960343456988556, 51.763828760804415 ], [ 5.960243756009712, 51.763832688252506 ], [ 5.960129448656711, 51.763820863456502 ], [ 5.960005034457229, 51.763798767214794 ], [ 5.959677006925427, 51.76371437041233 ], [ 5.959615991079473, 51.76370985232284 ], [ 5.959557384876534, 51.763720458364745 ], [ 5.959526632638808, 51.76374262435295 ], [ 5.959495480615093, 51.76376193929832 ], [ 5.959490430542729, 51.763776654950846 ], [ 5.959077598438005, 51.763751784160661 ], [ 5.958326760267556, 51.763741083311842 ], [ 5.957302358455148, 51.763727841729789 ], [ 5.956572233392969, 51.763726219750978 ], [ 5.956289570682463, 51.763741359527025 ], [ 5.956104603739512, 51.763773803030922 ], [ 5.946868010959739, 51.765578153167127 ], [ 5.946780620152533, 51.765596921564288 ], [ 5.946700563782072, 51.765660082864642 ], [ 5.946790634340017, 51.765782861483075 ], [ 5.94806218676748, 51.767516065411257 ], [ 5.948114658960994, 51.767589097510381 ], [ 5.948162758754392, 51.76765604455295 ], [ 5.951038332237749, 51.771660256550092 ], [ 5.951220610239291, 51.771913298652173 ], [ 5.951709058207272, 51.772586081289582 ], [ 5.951828929151057, 51.772744603106005 ], [ 5.951868031341597, 51.772796314039461 ], [ 5.952968207240916, 51.774314661663702 ], [ 5.95471061057617, 51.776719118521591 ], [ 5.954739532261339, 51.776759028110334 ], [ 5.955656723483046, 51.778054482115905 ], [ 5.95577556261804, 51.778237637254868 ], [ 5.95691743335891, 51.780420680665905 ], [ 5.955446449309089, 51.780638466717001 ], [ 5.956484405013899, 51.780854766295747 ], [ 5.956332233540754, 51.785340664429768 ], [ 5.95583339000678, 51.785366686229757 ], [ 5.955896634738173, 51.785729209361278 ], [ 5.956042860308514, 51.785717314597605 ], [ 5.956272074310264, 51.788105617661046 ], [ 5.962383844976452, 51.78795323970845 ], [ 5.966438851121644, 51.787851964463052 ], [ 5.966691405483365, 51.787845809634895 ], [ 5.966747808340243, 51.789496668445018 ], [ 5.966670131033858, 51.790384144810282 ], [ 5.967675401851665, 51.793004193957103 ] ] ] ] } },
{ "type": "Feature", "properties": { "wijkcode": "WK194506", "wijknaam": "Heilig Landstichting", "gemeentecode": "GM1945", "gemeentenaam": "Berg en Dal", "indelingswijzigingWijkenEnBuurten": 1, "water": "NEE", "omgevingsadressendichtheid": 539, "stedelijkheidAdressenPerKm2": 4, "bevolkingsdichtheidInwonersPerKm2": 375, "aantalInwoners": 850, "mannen": 435, "vrouwen": 420, "percentagePersonen0Tot15Jaar": 16, "percentagePersonen15Tot25Jaar": 12, "percentagePersonen25Tot45Jaar": 12, "percentagePersonen45Tot65Jaar": 32, "percentagePersonen65JaarEnOuder": 27, "percentageOngehuwd": 46, "percentageGehuwd": 44, "percentageGescheid": 7, "percentageVerweduwd": 4, "geboorteTotaal": 5, "geboortesPer1000Inwoners": 6, "sterfteTotaal": 10, "sterfteRelatief": 9, "aantalHuishoudens": 365, "percentageEenpersoonshuishoudens": 31, "percentageHuishoudensZonderKinderen": 35, "percentageHuishoudensMetKinderen": 33, "gemiddeldeHuishoudsgrootte": 2.3, "percentageMetHerkomstlandNederland": 82, "percentageMetHerkomstlandUitEuropaExclNl": 10, "percentageMetHerkomstlandBuitenEuropa": 8, "percentageGebInNlMetHerkomstlandNederland": 82, "percGebInNlMetHerkomstlandInEuropaExNl": 5, "percGebInNlMetHerkomstlandBuitenEuropa": 4, "percGebBuitenNlMetHerkomstlndInEuropaExNl": 4, "percGebBuitenNlMetHerkomstlndBuitenEuropa": 4, "aantalBedrijvenLandbouwBosbouwVisserij": 0, "aantalBedrijvenNijverheidEnergie": 10, "aantalBedrijvenHandelEnHoreca": 10, "aantalBedrijvenVervoerInformatieCommunicatie": 15, "aantalBedrijvenFinancieelOnroerendGoed": 15, "aantalBedrijvenZakelijkeDienstverlening": 70, "aantalBedrijvenOverheidOnderwijsEnZorg": 50, "aantalBedrijvenCultuurRecreatieOverige": 10, "aantalBedrijfsvestigingen": 175, "woningvoorraad": 339, "gemiddeldeWoningwaarde": 823, "percentageEengezinswoning": 96, "percentageMeergezinswoning": 4, "percentageBewoond": -99997, "percentageKoopwoningen": 86, "percentageHuurwoningen": 14, "percHuurwoningenInBezitWoningcorporaties": 9, "percHuurwoningenInBezitOverigeVerhuurders": 5, "percentageWoningenMetEigendomOnbekend": -99997, "percentageBouwjaarklasseTot2000": -99997, "percentageBouwjaarklasseVanaf2000": -99997, "percentageLeegstandWoningen": -99997, "gemiddeldGasverbruikTotaal": -99997, "gemiddeldGasverbruikAppartement": -99997, "gemiddeldGasverbruikTussenwoning": -99997, "gemiddeldGasverbruikHoekwoning": -99997, "gemiddeldGasverbruik2Onder1KapWoning": -99997, "gemiddeldGasverbruikVrijstaandeWoning": -99997, "gemiddeldGasverbruikHuurwoning": -99997, "gemiddeldGasverbruikkoopwoning": -99997, "gemiddeldElektriciteitsverbruikTotaal": -99997, "gemiddeldElektriciteitsverbruikAppartement": -99997, "gemiddeldElektriciteitsverbruikTussenwoning": -99997, "gemiddeldElektriciteitsverbruikHoekwoning": -99997, "gemElektriciteitsverbruik2Onder1KapWoning": -99997, "gemElektriciteitsverbruikVrijstaandeWoning": -99997, "gemiddeldElektriciteitsverbruikHuurwoning": -99997, "gemiddeldElektriciteitsverbruikkoopwoning": -99997, "percentageWoningenMetStadsverwarming": -99997, "opleidingsniveauLaag": -99997, "opleidingsniveauMiddelbaar": -99997, "opleidingsniveauHoog": -99997, "nettoArbeidsparticipatie": -99997, "percentageWerknemers": -99997, "percentageZelfstandigen": -99997, "aantalInkomensontvangers": -99997, "gemiddeldInkomenPerInkomensontvanger": -99997, "gemiddeldInkomenPerInwoner": -99997, "percentagePersonenMetHoogInkomen": -99997, "percentagePersonenMetLaagInkomen": -99997, "percentageHuishoudensMetHoogInkomen": -99997, "percentageHuishoudensMetLaagInkomen": -99997, "percentageHuishoudensMetLaagsteInkomen": -99997, "percentageHuishoudensOnderOfRondSociaalMinimum": -99997, "aantalPersonenMetEenAoUitkeringTotaal": 10, "aantalPersonenMetEenWwUitkeringTotaal": 0, "aantalPersonenMetEenAlgBijstandsuitkeringTot": 0, "aantalPersonenMetEenAowUitkeringTotaal": 210, "gemiddeldGestandaardiseerdInkomenVanHuishoudens": -99997.0, "huishoudensTot110PercentVanSociaalMinimum": -99997.0, "huishoudensTot120PercentVanSociaalMinimum": -99997.0, "mediaanVermogenVanParticuliereHuish": -99997.0, "aantalJongerenMetJeugdzorgInNatura": -99997, "percentageJongerenMetJeugdzorgInNatura": -99997.0, "aantalWmoClienten": -99997, "aantalWmoClientenPer1000Inwoners": -99997, "personenautosTotaal": 470, "personenautosPerHuishouden": 1.3, "personenautosPerKm2": 207, "motortweewielersTotaal": 25, "aantalPersonenautosMetBrandstofBenzine": 330, "aantalPersonenautosMetOverigeBrandstof": 140, "oppervlakteTotaalInHa": 227, "oppervlakteLandInHa": 227, "oppervlakteWaterInHa": 0, "huisartsenpraktijkGemiddeldeAfstandInKm": 2.0, "huisartsenpraktijkGemiddeldAantalBinnen1Km": 0.0, "huisartsenpraktijkGemiddeldAantalBinnen3Km": 4.5, "huisartsenpraktijkGemiddeldAantalBinnen5Km": 19.2, "huisartsenpostGemiddeldeAfstandInKm": 5.6, "apotheekGemiddeldeAfstandInKm": 2.0, "ziekenhuisInclBuitenpolikliniekGemAfstInKm": 3.2, "ziekenhuisInclBuitenpoliGemAantalBinnen5Km": 1.1, "ziekenhuisInclBuitenpoliGemAantalBinnen10Km": 4.0, "ziekenhuisInclBuitenpoliGemAantalBinnen20Km": 5.0, "ziekenhuisExclBuitenpolikliniekGemAfstInKm": 3.2, "ziekenhuisExclBuitenpoliGemAantalBinnen5Km": 1.0, "ziekenhuisExclBuitenpoliGemAantalBinnen10Km": 2.0, "ziekenhuisExclBuitenpoliGemAantalBinnen20Km": 2.0, "groteSupermarktGemiddeldeAfstandInKm": 2.0, "groteSupermarktGemiddeldAantalBinnen1Km": 0.0, "groteSupermarktGemiddeldAantalBinnen3Km": 6.1, "groteSupermarktGemiddeldAantalBinnen5Km": 26.3, "winkelsOvDagelijkseLevensmGemAfstInKm": 1.8, "winkelsOvDagelLevensmGemAantalBinnen1Km": 0.0, "winkelsOvDagelLevensmGemAantalBinnen3Km": 16.4, "winkelsOvDagelLevensmGemAantalBinnen5Km": 102.3, "warenhuisGemiddeldeAfstandInKm": 3.9, "warenhuisGemiddeldAantalBinnen5Km": 2.0, "warenhuisGemiddeldAantalBinnen10Km": 5.0, "warenhuisGemiddeldAantalBinnen20Km": 15.0, "cafeGemiddeldeAfstandInKm": 1.5, "cafeGemiddeldAantalBinnen1Km": 0.0, "cafeGemiddeldAantalBinnen3Km": 11.4, "cafeGemiddeldAantalBinnen5Km": 93.8, "cafetariaGemiddeldeAfstandInKm": 1.9, "cafetariaGemiddeldAantalBinnen1Km": 0.0, "cafetariaGemiddeldAantalBinnen3Km": 13.6, "cafetariaGemiddeldAantalBinnen5Km": 133.0, "restaurantGemiddeldeAfstandInKm": 1.9, "restaurantGemiddeldAantalBinnen1Km": 0.0, "restaurantGemiddeldAantalBinnen3Km": 26.6, "restaurantGemiddeldAantalBinnen5Km": 196.0, "hotelGemiddeldeAfstandInKm": 0.5, "hotelGemiddeldAantalBinnen5Km": 19.6, "hotelGemiddeldAantalBinnen10Km": 32.0, "hotelGemiddeldAantalBinnen20Km": 45.9, "kinderdagverblijfGemiddeldeAfstandInKm": 1.9, "kinderdagverblijfGemiddeldAantalBinnen1Km": 0.0, "kinderdagverblijfGemiddeldAantalBinnen3Km": 11.2, "kinderdagverblijfGemiddeldAantalBinnen5Km": 38.5, "buitenschoolseOpvangGemAfstandInKm": 0.6, "buitenschoolseOpvangGemiddeldAantalBinnen1Km": 1.2, "buitenschoolseOpvangGemiddeldAantalBinnen3Km": 12.3, "buitenschoolseOpvangGemiddeldAantalBinnen5Km": 36.0, "basisonderwijsGemiddeldeAfstandInKm": 2.2, "basisonderwijsGemiddeldAantalBinnen1Km": 0.0, "basisonderwijsGemiddeldAantalBinnen3Km": 5.8, "basisonderwijsGemiddeldAantalBinnen5Km": 21.9, "voortgezetOnderwijsGemAfstandInKm": 1.5, "voortgezetOnderwijsGemiddeldAantalBinnen3Km": 5.1, "voortgezetOnderwijsGemiddeldAantalBinnen5Km": 12.4, "voortgezetOnderwijsGemiddeldAantalBinnen10Km": 20.9, "vmboGemiddeldeAfstandInKm": 1.5, "vmboGemiddeldAantalBinnen3Km": 5.1, "vmboGemiddeldAantalBinnen5Km": 10.5, "vmboGemiddeldAantalBinnen10Km": 17.9, "havoVwoGemiddeldeAfstandInKm": 1.5, "havoVwoGemiddeldAantalBinnen3Km": 4.0, "havoVwoGemiddeldAantalBinnen5Km": 8.9, "havoVwoGemiddeldAantalBinnen10Km": 12.9, "brandweerkazerneGemiddeldeAfstandInKm": 2.3, "opritHoofdverkeerswegGemiddeldeAfstandInKm": 0.4, "treinstationGemiddeldeAfstandInKm": 2.3, "overstapstationGemiddeldeAfstandInKm": 4.2, "zwembadGemiddeldeAfstandInKm": 1.9, "kunstijsbaanGemiddeldeAfstandInKm": 8.3, "bibliotheekGemiddeldeAfstandInKm": 3.7, "poppodiumGemiddeldeAfstandInKm": 3.9, "bioscoopGemiddeldeAfstandInKm": 3.6, "bioscoopGemiddeldAantalBinnen5Km": 2.0, "bioscoopGemiddeldAantalBinnen10Km": 4.0, "bioscoopGemiddeldAantalBinnen20Km": 7.0, "saunaGemiddeldeAfstandInKm": 1.3, "zonnebankGemiddeldeAfstandInKm": 2.9, "attractieparkGemiddeldeAfstandInKm": 3.5, "attractieparkGemiddeldAantalBinnen10Km": 3.7, "attractieparkGemiddeldAantalBinnen20Km": 6.0, "attractieparkGemiddeldAantalBinnen50Km": 29.8, "theaterGemiddeldeAfstandInKm": 2.8, "theaterGemiddeldAantalBinnen5Km": 7.9, "theaterGemiddeldAantalBinnen10Km": 8.0, "theaterGemiddeldAantalBinnen20Km": 13.0, "gemiddeldeAfstandTotMuseum": 0.8, "gemiddeldAantalMuseaBinnen5Km": 6.9, "gemiddeldAantalMuseaBinnen10Km": 10.0, "gemiddeldAantalMuseaBinnen20Km": 17.9, "afstandTotOpenbaarGroenTotaal": -99997.0, "afstandTotParkOfPlantsoen": -99997.0, "afstandTotDagrcreatiefTerrein": -99997.0, "afstandTotBos": -99997.0, "afstandTotOpenNatuurTerreinTotaal": -99997.0, "afstandTotOpenDroogNatuurTerrein": -99997.0, "afstandTotOpenNatNatuurlijkTerrein": -99997.0, "afstandTotSemiopenbaarGroenTotaal": -99997.0, "afstandTotSportterrein": -99997.0, "afstandTotVolkstuin": -99997.0, "afstandTotVerblijfsrecreatiefTerrein": -99997.0, "afstandTotRecreatiefBinnenwater": -99997.0, "afstandTotBegraafplaats": -99997.0, "jrstatcode": "2024WK194506", "jaar": 2024, "aantalNieuwbouwWoningen": 1.0, "aantalNietWoningvoorraad": 15, "aantalNieuwbouwNietWoningen": 0, "percEengezinswoningTussenwoning": 10.0, "percEengezinswoningHoekwoning": 9.0, "percEengezinswoning2Onder1Kap": 27.0, "percEengezinswoningVrijstaand": 50.0, "percBouwjaarMeerDan10JaarGeleden": 99.0, "percBouwjaarAfgelopen10Jaar": 1.0, "percentageOnbewoond": 4, "gemiddeldAardgasverbruik": 1630, "percentageAardgaswoningen": 84.0, "percentageAardgasvrijeWoningen": 2.0, "gemiddeldeElektriciteitslevering": 4020.0, "gemiddeldeElektriciteitsteruglevering": 1640.0, "percentageWoningenMetZonnestroom": 56.0, "aantalLeerlingenPrimairOnderwijs": 70, "aantalLeerlingenVoortgezetOnderwijs": 80, "aantalStudentenMbo": 10, "aantalStudentenHbo": 10, "aantalStudentenWo": 20 }, "geometry": { "type": "MultiPolygon", "coordinates": [ [ [ [ 5.892402491618945, 51.82359763257837 ], [ 5.893245748762897, 51.822059667902082 ], [ 5.893594585687233, 51.82133701407556 ], [ 5.893740034420079, 51.821312464068832 ], [ 5.895486023410167, 51.82104396159864 ], [ 5.898613773279397, 51.820553381727031 ], [ 5.898455485718999, 51.819651921060959 ], [ 5.898722865327134, 51.818976158019396 ], [ 5.898990236949935, 51.818300394324588 ], [ 5.898727029425251, 51.817747409989536 ], [ 5.898313807320336, 51.817407350838231 ], [ 5.897893254028098, 51.817035785927828 ], [ 5.897710357435644, 51.816223780609278 ], [ 5.897632107646739, 51.815732839968675 ], [ 5.897458519674746, 51.814902359090325 ], [ 5.897880154609172, 51.814364412587651 ], [ 5.898001775978595, 51.814162800717618 ], [ 5.898141349350939, 51.813835810474735 ], [ 5.897980703267843, 51.813653530754884 ], [ 5.898171581945792, 51.812722836370156 ], [ 5.89778724649302, 51.812673158635306 ], [ 5.898043574435631, 51.812386948922828 ], [ 5.898392362939538, 51.812001237176283 ], [ 5.898576805094691, 51.811756367673361 ], [ 5.898761245249823, 51.81151149787609 ], [ 5.898792779670715, 51.811492457457859 ], [ 5.898917814234308, 51.8114334686002 ], [ 5.899400965599782, 51.811271907656185 ], [ 5.901110343201174, 51.810738866439266 ], [ 5.901113348461866, 51.809944321096019 ], [ 5.901186126413601, 51.809922573522115 ], [ 5.902020617064569, 51.809668654822651 ], [ 5.902619724061201, 51.80965827630807 ], [ 5.904129113504384, 51.80965672995076 ], [ 5.905295594688864, 51.809645470735646 ], [ 5.906374135955676, 51.809534150443291 ], [ 5.906385761415233, 51.809396476424737 ], [ 5.9096725554773, 51.809647635780948 ], [ 5.910394650982886, 51.80970354792548 ], [ 5.910869449492584, 51.809740470667371 ], [ 5.911163062564844, 51.809769216116358 ], [ 5.911389043512037, 51.809451432305728 ], [ 5.911936973042387, 51.808655105417991 ], [ 5.908213259053257, 51.806683388018094 ], [ 5.908800660550575, 51.805543457094664 ], [ 5.909738467824805, 51.805681157523082 ], [ 5.910711203738416, 51.80460782650799 ], [ 5.908846386681456, 51.804116251798227 ], [ 5.906288867227703, 51.803484595637485 ], [ 5.904784621102579, 51.803113042397968 ], [ 5.902074072592971, 51.802448640418206 ], [ 5.900426662935143, 51.802034631793035 ], [ 5.900055507297854, 51.80196195627456 ], [ 5.899563145449429, 51.802355891883138 ], [ 5.899044405446708, 51.802770533252577 ], [ 5.898422983349791, 51.803266292056442 ], [ 5.898104285311631, 51.803520537417015 ], [ 5.89772632610014, 51.803822058917532 ], [ 5.897371631614209, 51.804109401924222 ], [ 5.897211874300169, 51.804238084542888 ], [ 5.894682734149159, 51.806275179148507 ], [ 5.894341403880866, 51.806550086746562 ], [ 5.892485187406237, 51.808039147627802 ], [ 5.892025026741034, 51.808408274630473 ], [ 5.891606136923923, 51.80874592425117 ], [ 5.891198363872261, 51.809074598966475 ], [ 5.88986836848066, 51.81012937547009 ], [ 5.889574813164456, 51.810362186603136 ], [ 5.889500338040539, 51.810344115063046 ], [ 5.889491989970061, 51.810341912672797 ], [ 5.88935625491031, 51.810306189252401 ], [ 5.889330296166281, 51.810299360352644 ], [ 5.88937729302707, 51.810261704857894 ], [ 5.889323896961336, 51.810252252830125 ], [ 5.887367367158899, 51.809864344832718 ], [ 5.885362750427217, 51.809466550392109 ], [ 5.884390590993093, 51.809283076180414 ], [ 5.883830903184417, 51.809171023612272 ], [ 5.88327121814948, 51.809058968369129 ], [ 5.882872357032953, 51.808969672944279 ], [ 5.88262053976451, 51.808921983193493 ], [ 5.882161768567554, 51.808830331742783 ], [ 5.881751103661322, 51.808748533814153 ], [ 5.881475572271418, 51.808693463157027 ], [ 5.881109123481975, 51.808619791014848 ], [ 5.880756161786381, 51.808548820449737 ], [ 5.88040838937218, 51.808478905625101 ], [ 5.879397499759687, 51.808277794387898 ], [ 5.879287048500522, 51.808742709059992 ], [ 5.879110108282481, 51.80952987481605 ], [ 5.879076881760681, 51.809635647237727 ], [ 5.879067186521233, 51.809668055552685 ], [ 5.879251093621153, 51.809652983400845 ], [ 5.879264783550676, 51.809661069562928 ], [ 5.879279225181393, 51.809671597446595 ], [ 5.879297537802793, 51.809675421628995 ], [ 5.879856675515064, 51.809629524897666 ], [ 5.880016203164155, 51.809616792091255 ], [ 5.88062911935998, 51.809566647820283 ], [ 5.881058650411932, 51.80953158241023 ], [ 5.881066618501289, 51.809530919661526 ], [ 5.881527571476101, 51.809493185451757 ], [ 5.881715028624205, 51.809481977510636 ], [ 5.881755654833912, 51.809480242204266 ], [ 5.881859367867704, 51.809476694797759 ], [ 5.882009610953907, 51.809476887973865 ], [ 5.882140005712523, 51.809481317416115 ], [ 5.882303708437076, 51.80949102618893 ], [ 5.882448451053893, 51.809503978756361 ], [ 5.882619611678582, 51.809525960880791 ], [ 5.882808343928906, 51.809550277428023 ], [ 5.883034495941269, 51.8095792623159 ], [ 5.883322512312818, 51.809616533175571 ], [ 5.883883252004136, 51.809688782549891 ], [ 5.88402850654185, 51.8097072948975 ], [ 5.884115716217015, 51.809720668883543 ], [ 5.884179746637916, 51.809734707303953 ], [ 5.884382088635169, 51.809779313665224 ], [ 5.884489835886947, 51.809806217920467 ], [ 5.884673702265204, 51.809858497416798 ], [ 5.884762493005255, 51.809886317759364 ], [ 5.884984172689604, 51.809968305203462 ], [ 5.885045301497884, 51.809993968637613 ], [ 5.885284566081446, 51.810093812971274 ], [ 5.885546965948542, 51.810203320053283 ], [ 5.885628976203902, 51.810242053652267 ], [ 5.885710284574317, 51.810284178850111 ], [ 5.885783119101484, 51.810325809692031 ], [ 5.885799683575224, 51.810336696282349 ], [ 5.885852773421434, 51.810372262868853 ], [ 5.885919266278791, 51.810421300164919 ], [ 5.885981575291718, 51.810477501090674 ], [ 5.886028685273211, 51.810528265652479 ], [ 5.886074835491172, 51.810585326242823 ], [ 5.88613541625772, 51.810684472604429 ], [ 5.88616057960537, 51.810746395342029 ], [ 5.886178840247811, 51.810808293509659 ], [ 5.886188960807249, 51.810872356585612 ], [ 5.886191845489638, 51.810936432468203 ], [ 5.886187127603553, 51.811001457524441 ], [ 5.88617279307541, 51.811068887473262 ], [ 5.886152468963648, 51.811129718360505 ], [ 5.886132839124692, 51.81117205690299 ], [ 5.885978077439753, 51.811476850731104 ], [ 5.885953388299369, 51.811537709130931 ], [ 5.885932902982214, 51.811615466044309 ], [ 5.885930351191102, 51.811650882676005 ], [ 5.885925556940022, 51.811719530413207 ], [ 5.885929899783291, 51.811849872452434 ], [ 5.885948311930674, 51.811939859128699 ], [ 5.885975441277563, 51.812028694154748 ], [ 5.886060929406771, 51.812196550727307 ], [ 5.88616356475807, 51.812333494680153 ], [ 5.886044985081186, 51.812430382969147 ], [ 5.885958209128941, 51.812501266939847 ], [ 5.885952524522705, 51.812498648488244 ], [ 5.885655223062252, 51.812372419180228 ], [ 5.88513273280841, 51.812851506380007 ], [ 5.88467085901123, 51.813274991809777 ], [ 5.884191475514639, 51.813714513174823 ], [ 5.884020379042711, 51.813906360858617 ], [ 5.88361435139033, 51.814476405891945 ], [ 5.883574651644848, 51.81453236562259 ], [ 5.883573110228332, 51.814534619274646 ], [ 5.883484605965728, 51.814663925051548 ], [ 5.883478925596195, 51.814672236497231 ], [ 5.883334328976364, 51.814883494067971 ], [ 5.883118238783021, 51.815200596888701 ], [ 5.883072725543358, 51.815267394203516 ], [ 5.883046579190185, 51.815305759855178 ], [ 5.883043467049999, 51.815310249291493 ], [ 5.8829791797278, 51.815417214705946 ], [ 5.882896273997923, 51.815511288341156 ], [ 5.882780014459982, 51.815655694705839 ], [ 5.882766723067286, 51.815672199843085 ], [ 5.882752819350813, 51.815689732256274 ], [ 5.882702854567732, 51.815752737097704 ], [ 5.882570572215616, 51.815923879852932 ], [ 5.882482970239219, 51.816039464554521 ], [ 5.882462656215337, 51.816046453507518 ], [ 5.882451535544277, 51.816049358809721 ], [ 5.88244008989861, 51.816051726172049 ], [ 5.882428377188453, 51.816053546361537 ], [ 5.882416469627888, 51.816054792107749 ], [ 5.882404628254729, 51.816055462308348 ], [ 5.882329708897356, 51.81616912373611 ], [ 5.882332575904273, 51.816171349773583 ], [ 5.882339387536872, 51.816177523094012 ], [ 5.882345448321303, 51.816183996204487 ], [ 5.882350714257172, 51.816190724348516 ], [ 5.882368437614552, 51.816211925340774 ], [ 5.88235997861625, 51.816224769681789 ], [ 5.882246945773104, 51.816396540884767 ], [ 5.882078277122483, 51.816615682476076 ], [ 5.881972975627526, 51.816753417239632 ], [ 5.881736464226357, 51.817081371765383 ], [ 5.881578143922459, 51.817300343136075 ], [ 5.881563814617331, 51.817320151289323 ], [ 5.881550401717629, 51.817340207256933 ], [ 5.881537934031781, 51.817360492940701 ], [ 5.881526396861197, 51.817380990425839 ], [ 5.881515819014861, 51.817401681614179 ], [ 5.881506200395422, 51.817422557518043 ], [ 5.881497540707812, 51.817443591173344 ], [ 5.881346799372839, 51.817823541474255 ], [ 5.881342364025096, 51.817835685660334 ], [ 5.88133884372199, 51.817847951830487 ], [ 5.881336238069554, 51.817860304032706 ], [ 5.881334561275631, 51.817872715241243 ], [ 5.881333827548053, 51.817885158431203 ], [ 5.881334022187639, 51.817897615687222 ], [ 5.881335144800793, 51.817910051056963 ], [ 5.881337195092544, 51.81792243757625 ], [ 5.881387428690918, 51.818231295888154 ], [ 5.881390787849317, 51.818251937332832 ], [ 5.881402125155617, 51.818321613442848 ], [ 5.881405080141377, 51.81833978474944 ], [ 5.881406735535092, 51.818353188632301 ], [ 5.881407419635281, 51.818366632561727 ], [ 5.881407131948422, 51.8183800715967 ], [ 5.881405872375328, 51.81839349674943 ], [ 5.881403640520862, 51.818406872067492 ], [ 5.881400435989097, 51.818420161598411 ], [ 5.88139628778513, 51.818433365219853 ], [ 5.881391180814233, 51.818446429064402 ], [ 5.881116569578973, 51.819191088254321 ], [ 5.881103638654901, 51.819219456505742 ], [ 5.88108986485952, 51.819247675499916 ], [ 5.881075262596815, 51.819275736187095 ], [ 5.881059831667242, 51.81930362059105 ], [ 5.881043601076725, 51.819331328589207 ], [ 5.881035221022992, 51.819344846633022 ], [ 5.881026541718862, 51.819358851315371 ], [ 5.880914845920199, 51.819526750445611 ], [ 5.880908137572299, 51.819536648063057 ], [ 5.880900570775108, 51.819546297615005 ], [ 5.88089230329063, 51.819555536643861 ], [ 5.880882962565845, 51.819564780189211 ], [ 5.880872978476228, 51.819573550050457 ], [ 5.880862236375051, 51.819581972548988 ], [ 5.880850764972988, 51.819590020598326 ], [ 5.880838621987467, 51.819597666989949 ], [ 5.88079540243634, 51.81962565031921 ], [ 5.880756100452951, 51.81968687463079 ], [ 5.880751481764718, 51.819698201607835 ], [ 5.880747952491761, 51.819709676805758 ], [ 5.880745512240755, 51.819721264271955 ], [ 5.880744174925354, 51.819732910017244 ], [ 5.880743925845632, 51.819744596126242 ], [ 5.880744793320506, 51.819756259560393 ], [ 5.880746762649637, 51.819767882404427 ], [ 5.880751011041613, 51.819794245801624 ], [ 5.880761142350313, 51.81985715868646 ], [ 5.880762803602484, 51.819867137929272 ], [ 5.880763335426837, 51.819874641096071 ], [ 5.880763522534606, 51.819877157091192 ], [ 5.880763313354458, 51.819887189146591 ], [ 5.880762161065089, 51.819897189216292 ], [ 5.880760079972386, 51.81990713926286 ], [ 5.88075706958377, 51.819916994345832 ], [ 5.880753144106114, 51.81992672744007 ], [ 5.88074831764887, 51.819936302531652 ], [ 5.880742604320577, 51.819945683607472 ], [ 5.880619029822945, 51.820133685776362 ], [ 5.880492500996663, 51.820326167520207 ], [ 5.880535245423076, 51.820336836888849 ], [ 5.880537456148094, 51.82033739386727 ], [ 5.880529320453133, 51.820365310433928 ], [ 5.8805286641842, 51.820367632228916 ], [ 5.880529095871244, 51.820369967425442 ], [ 5.88053058444108, 51.820372127395402 ], [ 5.880533026499223, 51.820373941792155 ], [ 5.880536188120486, 51.820375240817661 ], [ 5.880539821663057, 51.820375926639727 ], [ 5.880616783365302, 51.820386775653148 ], [ 5.880628929132429, 51.820388630126864 ], [ 5.88084193014387, 51.820419786976217 ], [ 5.880919069580883, 51.82043095862997 ], [ 5.880925609308482, 51.820445366648237 ], [ 5.880937058468259, 51.820468356004064 ], [ 5.880949448298952, 51.820491152640749 ], [ 5.880962764297188, 51.820513756618958 ], [ 5.880976991666047, 51.820536141035014 ], [ 5.88099214471315, 51.82055828785149 ], [ 5.881008194431803, 51.820580197190139 ], [ 5.881007540154648, 51.820582698749703 ], [ 5.881025942672631, 51.820607537423371 ], [ 5.881035093925932, 51.820619363728142 ], [ 5.881045155853039, 51.820630907554552 ], [ 5.881056113457985, 51.82064212402296 ], [ 5.881067923230455, 51.820653013316324 ], [ 5.881080555671447, 51.820663530616017 ], [ 5.881094010682151, 51.820673666933743 ], [ 5.881108229756582, 51.820683377572955 ], [ 5.881123183886993, 51.820692662655532 ], [ 5.881138843672526, 51.820701486350949 ], [ 5.881155165405108, 51.820709830866065 ], [ 5.881172134383879, 51.820717678285291 ], [ 5.881189677894088, 51.820725010937814 ], [ 5.881756905970217, 51.820974370985574 ], [ 5.881810716832276, 51.82099681312237 ], [ 5.881836605301803, 51.821008541826217 ], [ 5.881863068305988, 51.82101975575663 ], [ 5.881890105745436, 51.821030445925182 ], [ 5.88191768841529, 51.821040594477651 ], [ 5.881931577727082, 51.82104534475193 ], [ 5.882055650212518, 51.821066681461659 ], [ 5.882219114622116, 51.821095752713731 ], [ 5.882301731663717, 51.821108967703502 ], [ 5.88256583202266, 51.821156894030793 ], [ 5.882606102025235, 51.82116375567756 ], [ 5.882834972393173, 51.821202767067426 ], [ 5.88309695287514, 51.821247752928194 ], [ 5.883369292919928, 51.821295633630022 ], [ 5.883454618757534, 51.821309780145739 ], [ 5.883698457331056, 51.82135230665444 ], [ 5.883876420437817, 51.821381979385357 ], [ 5.884031331441063, 51.821409906839264 ], [ 5.884013361808204, 51.821448175118945 ], [ 5.884266371718958, 51.821544889280275 ], [ 5.88446213531813, 51.821618133895122 ], [ 5.884837018544311, 51.821759856939664 ], [ 5.885026071668957, 51.821832086417317 ], [ 5.885293463019959, 51.821934319203336 ], [ 5.885563458842879, 51.822035866179519 ], [ 5.885830639834484, 51.822138530088331 ], [ 5.886098401151409, 51.822238476393331 ], [ 5.886542516412158, 51.822409426802231 ], [ 5.886958060868333, 51.822571257071303 ], [ 5.887364644075391, 51.822730454495506 ], [ 5.88772790641507, 51.822874213336107 ], [ 5.887937200300533, 51.822954000998422 ], [ 5.888063393464559, 51.823003309843997 ], [ 5.888148207111103, 51.823036450561347 ], [ 5.888313914160349, 51.823100523004349 ], [ 5.8883462630434, 51.823068169995793 ], [ 5.888502355088387, 51.822922518402386 ], [ 5.888604603031877, 51.822827612176809 ], [ 5.888750375876667, 51.822691972608467 ], [ 5.888799075687758, 51.822697804660848 ], [ 5.889042575211368, 51.822779071011674 ], [ 5.889124142207647, 51.822806936973919 ], [ 5.889247876152932, 51.822849210776063 ], [ 5.889349988151737, 51.822884098564614 ], [ 5.889709048014218, 51.823005424970944 ], [ 5.889855943847268, 51.82305516724 ], [ 5.890055171914134, 51.823122904720989 ], [ 5.890107133531315, 51.82314020956629 ], [ 5.890174993840098, 51.823162812363009 ], [ 5.890490406708886, 51.823269348662222 ], [ 5.890612669218798, 51.823310818377401 ], [ 5.890627185841908, 51.823315744704168 ], [ 5.890865914010213, 51.823396488450385 ], [ 5.890867646668034, 51.823397074252846 ], [ 5.89088095465624, 51.823401574289178 ], [ 5.890966641330675, 51.823430553839337 ], [ 5.891360011367638, 51.823563251138204 ], [ 5.891825619999133, 51.823720579518096 ], [ 5.892115193133057, 51.823819420589118 ], [ 5.892339192252884, 51.823893959751466 ], [ 5.892603048756666, 51.823646359209938 ], [ 5.892402491618945, 51.82359763257837 ] ] ] ] } },
{ "type": "Feature", "properties": { "wijkcode": "WK194512", "wijknaam": "Ubbergen", "gemeentecode": "GM1945", "gemeentenaam": "Berg en Dal", "indelingswijzigingWijkenEnBuurten": 1, "water": "NEE", "omgevingsadressendichtheid": 700, "stedelijkheidAdressenPerKm2": 4, "bevolkingsdichtheidInwonersPerKm2": 619, "aantalInwoners": 480, "mannen": 235, "vrouwen": 245, "percentagePersonen0Tot15Jaar": 13, "percentagePersonen15Tot25Jaar": 13, "percentagePersonen25Tot45Jaar": 19, "percentagePersonen45Tot65Jaar": 31, "percentagePersonen65JaarEnOuder": 24, "percentageOngehuwd": 58, "percentageGehuwd": 30, "percentageGescheid": 8, "percentageVerweduwd": 4, "geboorteTotaal": 5, "geboortesPer1000Inwoners": 6, "sterfteTotaal": 5, "sterfteRelatief": 4, "aantalHuishoudens": 265, "percentageEenpersoonshuishoudens": 56, "percentageHuishoudensZonderKinderen": 24, "percentageHuishoudensMetKinderen": 20, "gemiddeldeHuishoudsgrootte": 1.7, "percentageMetHerkomstlandNederland": 77, "percentageMetHerkomstlandUitEuropaExclNl": 12, "percentageMetHerkomstlandBuitenEuropa": 11, "percentageGebInNlMetHerkomstlandNederland": 77, "percGebInNlMetHerkomstlandInEuropaExNl": 6, "percGebInNlMetHerkomstlandBuitenEuropa": 5, "percGebBuitenNlMetHerkomstlndInEuropaExNl": 6, "percGebBuitenNlMetHerkomstlndBuitenEuropa": 6, "aantalBedrijvenLandbouwBosbouwVisserij": 0, "aantalBedrijvenNijverheidEnergie": 10, "aantalBedrijvenHandelEnHoreca": 10, "aantalBedrijvenVervoerInformatieCommunicatie": 5, "aantalBedrijvenFinancieelOnroerendGoed": 10, "aantalBedrijvenZakelijkeDienstverlening": 30, "aantalBedrijvenOverheidOnderwijsEnZorg": 45, "aantalBedrijvenCultuurRecreatieOverige": 10, "aantalBedrijfsvestigingen": 120, "woningvoorraad": 253, "gemiddeldeWoningwaarde": -99997, "percentageEengezinswoning": 52, "percentageMeergezinswoning": 48, "percentageBewoond": -99997, "percentageKoopwoningen": 47, "percentageHuurwoningen": 52, "percHuurwoningenInBezitWoningcorporaties": 8, "percHuurwoningenInBezitOverigeVerhuurders": 43, "percentageWoningenMetEigendomOnbekend": -99997, "percentageBouwjaarklasseTot2000": -99997, "percentageBouwjaarklasseVanaf2000": -99997, "percentageLeegstandWoningen": -99997, "gemiddeldGasverbruikTotaal": -99997, "gemiddeldGasverbruikAppartement": -99997, "gemiddeldGasverbruikTussenwoning": -99997, "gemiddeldGasverbruikHoekwoning": -99997, "gemiddeldGasverbruik2Onder1KapWoning": -99997, "gemiddeldGasverbruikVrijstaandeWoning": -99997, "gemiddeldGasverbruikHuurwoning": -99997, "gemiddeldGasverbruikkoopwoning": -99997, "gemiddeldElektriciteitsverbruikTotaal": -99997, "gemiddeldElektriciteitsverbruikAppartement": -99997, "gemiddeldElektriciteitsverbruikTussenwoning": -99997, "gemiddeldElektriciteitsverbruikHoekwoning": -99997, "gemElektriciteitsverbruik2Onder1KapWoning": -99997, "gemElektriciteitsverbruikVrijstaandeWoning": -99997, "gemiddeldElektriciteitsverbruikHuurwoning": -99997, "gemiddeldElektriciteitsverbruikkoopwoning": -99997, "percentageWoningenMetStadsverwarming": -99997, "opleidingsniveauLaag": -99997, "opleidingsniveauMiddelbaar": -99997, "opleidingsniveauHoog": -99997, "nettoArbeidsparticipatie": -99997, "percentageWerknemers": -99997, "percentageZelfstandigen": -99997, "aantalInkomensontvangers": -99997, "gemiddeldInkomenPerInkomensontvanger": -99997, "gemiddeldInkomenPerInwoner": -99997, "percentagePersonenMetHoogInkomen": -99997, "percentagePersonenMetLaagInkomen": -99997, "percentageHuishoudensMetHoogInkomen": -99997, "percentageHuishoudensMetLaagInkomen": -99997, "percentageHuishoudensMetLaagsteInkomen": -99997, "percentageHuishoudensOnderOfRondSociaalMinimum": -99997, "aantalPersonenMetEenAoUitkeringTotaal": 10, "aantalPersonenMetEenWwUitkeringTotaal": 10, "aantalPersonenMetEenAlgBijstandsuitkeringTot": 10, "aantalPersonenMetEenAowUitkeringTotaal": 90, "gemiddeldGestandaardiseerdInkomenVanHuishoudens": -99997.0, "huishoudensTot110PercentVanSociaalMinimum": -99997.0, "huishoudensTot120PercentVanSociaalMinimum": -99997.0, "mediaanVermogenVanParticuliereHuish": -99997.0, "aantalJongerenMetJeugdzorgInNatura": -99997, "percentageJongerenMetJeugdzorgInNatura": -99997.0, "aantalWmoClienten": -99997, "aantalWmoClientenPer1000Inwoners": -99997, "personenautosTotaal": 245, "personenautosPerHuishouden": 0.9, "personenautosPerKm2": 315, "motortweewielersTotaal": 15, "aantalPersonenautosMetBrandstofBenzine": 180, "aantalPersonenautosMetOverigeBrandstof": 65, "oppervlakteTotaalInHa": 78, "oppervlakteLandInHa": 78, "oppervlakteWaterInHa": 0, "huisartsenpraktijkGemiddeldeAfstandInKm": 1.7, "huisartsenpraktijkGemiddeldAantalBinnen1Km": 0.0, "huisartsenpraktijkGemiddeldAantalBinnen3Km": 5.2, "huisartsenpraktijkGemiddeldAantalBinnen5Km": 17.4, "huisartsenpostGemiddeldeAfstandInKm": 7.8, "apotheekGemiddeldeAfstandInKm": 2.0, "ziekenhuisInclBuitenpolikliniekGemAfstInKm": 4.7, "ziekenhuisInclBuitenpoliGemAantalBinnen5Km": 0.8, "ziekenhuisInclBuitenpoliGemAantalBinnen10Km": 4.0, "ziekenhuisInclBuitenpoliGemAantalBinnen20Km": 5.0, "ziekenhuisExclBuitenpolikliniekGemAfstInKm": 4.7, "ziekenhuisExclBuitenpoliGemAantalBinnen5Km": 0.8, "ziekenhuisExclBuitenpoliGemAantalBinnen10Km": 2.0, "ziekenhuisExclBuitenpoliGemAantalBinnen20Km": 2.0, "groteSupermarktGemiddeldeAfstandInKm": 1.8, "groteSupermarktGemiddeldAantalBinnen1Km": 0.0, "groteSupermarktGemiddeldAantalBinnen3Km": 7.7, "groteSupermarktGemiddeldAantalBinnen5Km": 23.5, "winkelsOvDagelijkseLevensmGemAfstInKm": 1.5, "winkelsOvDagelLevensmGemAantalBinnen1Km": 0.0, "winkelsOvDagelLevensmGemAantalBinnen3Km": 23.4, "winkelsOvDagelLevensmGemAantalBinnen5Km": 96.5, "warenhuisGemiddeldeAfstandInKm": 2.9, "warenhuisGemiddeldAantalBinnen5Km": 2.0, "warenhuisGemiddeldAantalBinnen10Km": 5.8, "warenhuisGemiddeldAantalBinnen20Km": 16.8, "cafeGemiddeldeAfstandInKm": 1.8, "cafeGemiddeldAantalBinnen1Km": 0.0, "cafeGemiddeldAantalBinnen3Km": 17.6, "cafeGemiddeldAantalBinnen5Km": 90.2, "cafetariaGemiddeldeAfstandInKm": 1.5, "cafetariaGemiddeldAantalBinnen1Km": 0.1, "cafetariaGemiddeldAantalBinnen3Km": 28.9, "cafetariaGemiddeldAantalBinnen5Km": 125.3, "restaurantGemiddeldeAfstandInKm": 1.1, "restaurantGemiddeldAantalBinnen1Km": 0.3, "restaurantGemiddeldAantalBinnen3Km": 62.3, "restaurantGemiddeldAantalBinnen5Km": 195.6, "hotelGemiddeldeAfstandInKm": 2.0, "hotelGemiddeldAantalBinnen5Km": 21.2, "hotelGemiddeldAantalBinnen10Km": 30.2, "hotelGemiddeldAantalBinnen20Km": 50.9, "kinderdagverblijfGemiddeldeAfstandInKm": 1.4, "kinderdagverblijfGemiddeldAantalBinnen1Km": 0.2, "kinderdagverblijfGemiddeldAantalBinnen3Km": 10.3, "kinderdagverblijfGemiddeldAantalBinnen5Km": 33.7, "buitenschoolseOpvangGemAfstandInKm": 1.4, "buitenschoolseOpvangGemiddeldAantalBinnen1Km": 0.2, "buitenschoolseOpvangGemiddeldAantalBinnen3Km": 11.4, "buitenschoolseOpvangGemiddeldAantalBinnen5Km": 30.2, "basisonderwijsGemiddeldeAfstandInKm": 1.4, "basisonderwijsGemiddeldAantalBinnen1Km": 0.2, "basisonderwijsGemiddeldAantalBinnen3Km": 6.1, "basisonderwijsGemiddeldAantalBinnen5Km": 16.1, "voortgezetOnderwijsGemAfstandInKm": 0.8, "voortgezetOnderwijsGemiddeldAantalBinnen3Km": 4.7, "voortgezetOnderwijsGemiddeldAantalBinnen5Km": 9.3, "voortgezetOnderwijsGemiddeldAantalBinnen10Km": 20.0, "vmboGemiddeldeAfstandInKm": 1.8, "vmboGemiddeldAantalBinnen3Km": 3.8, "vmboGemiddeldAantalBinnen5Km": 7.3, "vmboGemiddeldAantalBinnen10Km": 17.0, "havoVwoGemiddeldeAfstandInKm": 0.8, "havoVwoGemiddeldAantalBinnen3Km": 4.2, "havoVwoGemiddeldAantalBinnen5Km": 7.5, "havoVwoGemiddeldAantalBinnen10Km": 12.1, "brandweerkazerneGemiddeldeAfstandInKm": 3.1, "opritHoofdverkeerswegGemiddeldeAfstandInKm": 1.3, "treinstationGemiddeldeAfstandInKm": 3.6, "overstapstationGemiddeldeAfstandInKm": 4.2, "zwembadGemiddeldeAfstandInKm": 2.0, "kunstijsbaanGemiddeldeAfstandInKm": 9.3, "bibliotheekGemiddeldeAfstandInKm": 2.4, "poppodiumGemiddeldeAfstandInKm": 2.9, "bioscoopGemiddeldeAfstandInKm": 3.0, "bioscoopGemiddeldAantalBinnen5Km": 2.0, "bioscoopGemiddeldAantalBinnen10Km": 4.1, "bioscoopGemiddeldAantalBinnen20Km": 8.3, "saunaGemiddeldeAfstandInKm": 4.2, "zonnebankGemiddeldeAfstandInKm": 2.9, "attractieparkGemiddeldeAfstandInKm": 3.1, "attractieparkGemiddeldAantalBinnen10Km": 3.0, "attractieparkGemiddeldAantalBinnen20Km": 6.1, "attractieparkGemiddeldAantalBinnen50Km": 30.6, "theaterGemiddeldeAfstandInKm": 2.4, "theaterGemiddeldAantalBinnen5Km": 8.0, "theaterGemiddeldAantalBinnen10Km": 9.0, "theaterGemiddeldAantalBinnen20Km": 19.2, "gemiddeldeAfstandTotMuseum": 2.7, "gemiddeldAantalMuseaBinnen5Km": 6.8, "gemiddeldAantalMuseaBinnen10Km": 8.9, "gemiddeldAantalMuseaBinnen20Km": 20.4, "afstandTotOpenbaarGroenTotaal": -99997.0, "afstandTotParkOfPlantsoen": -99997.0, "afstandTotDagrcreatiefTerrein": -99997.0, "afstandTotBos": -99997.0, "afstandTotOpenNatuurTerreinTotaal": -99997.0, "afstandTotOpenDroogNatuurTerrein": -99997.0, "afstandTotOpenNatNatuurlijkTerrein": -99997.0, "afstandTotSemiopenbaarGroenTotaal": -99997.0, "afstandTotSportterrein": -99997.0, "afstandTotVolkstuin": -99997.0, "afstandTotVerblijfsrecreatiefTerrein": -99997.0, "afstandTotRecreatiefBinnenwater": -99997.0, "afstandTotBegraafplaats": -99997.0, "jrstatcode": "2024WK194512", "jaar": 2024, "aantalNieuwbouwWoningen": 0.0, "aantalNietWoningvoorraad": 30, "aantalNieuwbouwNietWoningen": 0, "percEengezinswoningTussenwoning": 5.0, "percEengezinswoningHoekwoning": 7.0, "percEengezinswoning2Onder1Kap": 14.0, "percEengezinswoningVrijstaand": 26.0, "percBouwjaarMeerDan10JaarGeleden": 100.0, "percBouwjaarAfgelopen10Jaar": 0.0, "percentageOnbewoond": 10, "gemiddeldAardgasverbruik": 1140, "percentageAardgaswoningen": 97.0, "percentageAardgasvrijeWoningen": 1.0, "gemiddeldeElektriciteitslevering": 2640.0, "gemiddeldeElektriciteitsteruglevering": 300.0, "percentageWoningenMetZonnestroom": 18.0, "aantalLeerlingenPrimairOnderwijs": 30, "aantalLeerlingenVoortgezetOnderwijs": 30, "aantalStudentenMbo": 10, "aantalStudentenHbo": 20, "aantalStudentenWo": 10 }, "geometry": { "type": "MultiPolygon", "coordinates": [ [ [ [ 5.895067383913392, 51.840405908258489 ], [ 5.895127500854986, 51.840386574462713 ], [ 5.896098681516021, 51.840049064137737 ], [ 5.897156285190051, 51.839694829070829 ], [ 5.897954636083208, 51.839475255280639 ], [ 5.898196377583806, 51.839408766515682 ], [ 5.898258743772924, 51.839394922271012 ], [ 5.898712696245121, 51.839296452721591 ], [ 5.899180013846408, 51.839196988290468 ], [ 5.900069421215828, 51.839008688063885 ], [ 5.90009466460682, 51.839003345520489 ], [ 5.900164871473384, 51.838932487890304 ], [ 5.90020252141442, 51.838899038878154 ], [ 5.900243667818719, 51.838868100334274 ], [ 5.900284827259095, 51.838838438085546 ], [ 5.900277117860827, 51.838767876121928 ], [ 5.900283919911365, 51.838745950394092 ], [ 5.900294956905157, 51.838722576975869 ], [ 5.900313884030403, 51.838707824978584 ], [ 5.900347651783972, 51.838687704862707 ], [ 5.90038152053993, 51.838673903210278 ], [ 5.901204536980564, 51.838525918550538 ], [ 5.901911868840964, 51.838410291765456 ], [ 5.902597991189296, 51.838296595612633 ], [ 5.903296875305029, 51.838204115090242 ], [ 5.903377775864379, 51.838193413462626 ], [ 5.903505660415862, 51.838176473765081 ], [ 5.90581043433188, 51.837825798202914 ], [ 5.907492578596368, 51.837580686256508 ], [ 5.907659991179046, 51.837554299590245 ], [ 5.907814727730062, 51.837528273638604 ], [ 5.907970999888148, 51.837493522715391 ], [ 5.908344883502833, 51.837395478970215 ], [ 5.909539291606368, 51.837070590586308 ], [ 5.90961780160135, 51.837049235816885 ], [ 5.909844101767752, 51.837065063505911 ], [ 5.909973793907228, 51.837029331698169 ], [ 5.912334499647018, 51.83637894489042 ], [ 5.91214561400698, 51.836168684172996 ], [ 5.912107115669878, 51.836118439855937 ], [ 5.911904606560198, 51.835854130665403 ], [ 5.911805437302655, 51.835754558951763 ], [ 5.911726977448473, 51.835665339225336 ], [ 5.911646949815748, 51.835581007214799 ], [ 5.911525605710588, 51.835418470094076 ], [ 5.911393956126992, 51.835194553208098 ], [ 5.911293541268084, 51.835035105171713 ], [ 5.911228623664391, 51.834922472470495 ], [ 5.91122598798782, 51.83491790909018 ], [ 5.911199572714867, 51.834879214675226 ], [ 5.911173158938384, 51.834840520247624 ], [ 5.911158103350631, 51.834818466757049 ], [ 5.911127891145531, 51.834786872227745 ], [ 5.910992125337206, 51.834657792165167 ], [ 5.910853275847272, 51.834541696129328 ], [ 5.910779615056501, 51.834469316796081 ], [ 5.910700920038891, 51.834379468236577 ], [ 5.910624884989506, 51.834271289173067 ], [ 5.910586484952888, 51.834274157027174 ], [ 5.910554935043684, 51.834232258496101 ], [ 5.910527010214889, 51.834195170617811 ], [ 5.910498702264336, 51.834157571197863 ], [ 5.909652497073891, 51.834404680110076 ], [ 5.909522395373418, 51.834205579608863 ], [ 5.909463674533186, 51.834142515152166 ], [ 5.909505156739605, 51.834127689113686 ], [ 5.909525312710045, 51.83412048947428 ], [ 5.909929087895637, 51.83395436331984 ], [ 5.91003590709763, 51.833916261463195 ], [ 5.910106625592389, 51.833894113218641 ], [ 5.91018302145672, 51.833874860891264 ], [ 5.910237773705818, 51.833863498038873 ], [ 5.91040543584879, 51.833834940053528 ], [ 5.910301371350235, 51.833722949697318 ], [ 5.910220981637887, 51.83364813716112 ], [ 5.910141450522834, 51.833583271025098 ], [ 5.910404533799264, 51.833513658731228 ], [ 5.910518074088134, 51.833483616118059 ], [ 5.9104314389808, 51.833458161429824 ], [ 5.909990556197824, 51.833366718121717 ], [ 5.909706146644787, 51.833307726063886 ], [ 5.909659930344465, 51.833277083302164 ], [ 5.909611562714517, 51.833237326762351 ], [ 5.909543661956202, 51.83318337442121 ], [ 5.909493429610413, 51.833116669589337 ], [ 5.909461396719639, 51.833074124842483 ], [ 5.909378729162106, 51.832921509226722 ], [ 5.909297274496507, 51.832703270222389 ], [ 5.909290871109244, 51.832692801034106 ], [ 5.909217578902627, 51.832572887831454 ], [ 5.909120266280476, 51.832433459516849 ], [ 5.909030694504233, 51.832333366374407 ], [ 5.909007898339867, 51.832310475148773 ], [ 5.90892820759757, 51.832230472248661 ], [ 5.908781159428115, 51.832104352079625 ], [ 5.908603787728874, 51.831893900544387 ], [ 5.908496916279861, 51.831719118329531 ], [ 5.908464041478065, 51.831561173541111 ], [ 5.908476386826561, 51.831401923148007 ], [ 5.908474255883703, 51.831272965437478 ], [ 5.908457744019827, 51.83118629066275 ], [ 5.908420007175047, 51.831100833744074 ], [ 5.908376788367035, 51.831020543493004 ], [ 5.908299322501164, 51.830929537329183 ], [ 5.908194885815329, 51.830816943626587 ], [ 5.908126777932337, 51.830739603275333 ], [ 5.908070821844828, 51.8306793320533 ], [ 5.90803540285448, 51.830633629900682 ], [ 5.908022529471564, 51.830604194838727 ], [ 5.908018049008074, 51.830564251798918 ], [ 5.908024092704961, 51.830521714695735 ], [ 5.908028432678347, 51.830491174034179 ], [ 5.908032656626792, 51.830442446529709 ], [ 5.908046750308423, 51.830279970514752 ], [ 5.908055564486849, 51.830190360847368 ], [ 5.908056019309312, 51.830185783674864 ], [ 5.908039553499139, 51.83010424107038 ], [ 5.908048359936512, 51.830059124578916 ], [ 5.90808206900549, 51.830012207687162 ], [ 5.908113059968011, 51.829969860030182 ], [ 5.908144069425431, 51.829930370629867 ], [ 5.908179587558942, 51.829880587328624 ], [ 5.908216788235999, 51.829811974595465 ], [ 5.908231122796552, 51.829765700985142 ], [ 5.908245321220076, 51.829705154216832 ], [ 5.908248352236634, 51.829636099977684 ], [ 5.908248472366483, 51.82954992655727 ], [ 5.908248723022755, 51.829498861693821 ], [ 5.908249444098484, 51.829353028832024 ], [ 5.908069059811281, 51.829448047427519 ], [ 5.907986928348669, 51.829501399327441 ], [ 5.907928425396388, 51.829539401776955 ], [ 5.907819746328699, 51.829630470340213 ], [ 5.907728393912815, 51.829710720653573 ], [ 5.907684591714317, 51.829745430878084 ], [ 5.907594725099576, 51.829801135850843 ], [ 5.907480889887584, 51.829871697198875 ], [ 5.907370533880444, 51.829945838414687 ], [ 5.907316722594748, 51.829984439959773 ], [ 5.907279123110148, 51.830013621561697 ], [ 5.907196648338614, 51.830077616820326 ], [ 5.907181450348371, 51.830089414189416 ], [ 5.907113296214606, 51.830142290046211 ], [ 5.907100491018153, 51.830152755489515 ], [ 5.906925027254713, 51.830296252510337 ], [ 5.9069016588666, 51.83031536673127 ], [ 5.906878477177852, 51.830334318327218 ], [ 5.906856876264924, 51.830351968571051 ], [ 5.906839486474931, 51.830366193512972 ], [ 5.906800173677797, 51.830399076825252 ], [ 5.906672285818523, 51.830491694500616 ], [ 5.906508129450291, 51.830590656671141 ], [ 5.906376879058552, 51.830654705434412 ], [ 5.906371103618201, 51.830657094970228 ], [ 5.906290204285085, 51.830690584586826 ], [ 5.906286479158129, 51.830692129115398 ], [ 5.906080772276309, 51.830777288385143 ], [ 5.905862730893714, 51.830849648248247 ], [ 5.905851111219806, 51.830853501756017 ], [ 5.905650966003864, 51.830910267937945 ], [ 5.905650069582514, 51.830910532566058 ], [ 5.905643895765238, 51.83091234856149 ], [ 5.905446797673291, 51.830970467181807 ], [ 5.905277312737701, 51.830996293658302 ], [ 5.904850677731969, 51.831124096854268 ], [ 5.90482385935414, 51.8311309475719 ], [ 5.904388456624288, 51.831242105084947 ], [ 5.903394469131901, 51.831463977522304 ], [ 5.903229418393915, 51.831494680258672 ], [ 5.903023186176449, 51.831514525936065 ], [ 5.90279528213669, 51.831524489246462 ], [ 5.902502144015982, 51.831524950160421 ], [ 5.90221648616016, 51.8315249101041 ], [ 5.902130304029322, 51.831531984821765 ], [ 5.902073022043204, 51.831536586652348 ], [ 5.901931367838812, 51.831547958463474 ], [ 5.901751810659653, 51.831562381651899 ], [ 5.901722180321569, 51.831566978886514 ], [ 5.901325776007827, 51.831628463239028 ], [ 5.900853599809719, 51.831672435818206 ], [ 5.900143730070884, 51.831762541268077 ], [ 5.900083447593873, 51.831772512394096 ], [ 5.899340825875663, 51.831895375436268 ], [ 5.899176224680517, 51.831922609920504 ], [ 5.89863238526718, 51.831985420541614 ], [ 5.898261232406695, 51.832029095061245 ], [ 5.89811699481487, 51.832045713812001 ], [ 5.898024643246343, 51.832056452719698 ], [ 5.897894665135762, 51.832069090123071 ], [ 5.897654090868333, 51.832093048747538 ], [ 5.897087448864931, 51.832146315724621 ], [ 5.896984881704666, 51.832169221004584 ], [ 5.896903648171373, 51.832187364886636 ], [ 5.896665000613632, 51.832240669564818 ], [ 5.89636514218521, 51.832360601537495 ], [ 5.89597346438641, 51.832545063912882 ], [ 5.895925321587182, 51.832567734939779 ], [ 5.895889041337261, 51.832584824787837 ], [ 5.895893555439758, 51.832604276112427 ], [ 5.895869454296451, 51.832638671746494 ], [ 5.895847826165542, 51.832672373527757 ], [ 5.895829462061965, 51.832720182093546 ], [ 5.895778348017996, 51.832847195497173 ], [ 5.895773011313797, 51.832866669751056 ], [ 5.895760121741594, 51.832913645608663 ], [ 5.895715726094338, 51.833180841515826 ], [ 5.895705419581318, 51.833239446280949 ], [ 5.89570447188279, 51.833278864972712 ], [ 5.895706722210623, 51.833309838588399 ], [ 5.895709350611825, 51.833355021387916 ], [ 5.895720437643797, 51.83341564572774 ], [ 5.895735288349487, 51.833449818567281 ], [ 5.895761399302465, 51.833512409185026 ], [ 5.895794020343127, 51.833578477092914 ], [ 5.895835178453228, 51.833637371111372 ], [ 5.895861168575159, 51.833667405874564 ], [ 5.895934695659417, 51.833750743076415 ], [ 5.895943240523, 51.833762247262683 ], [ 5.895961150161306, 51.833791049662018 ], [ 5.895989469191992, 51.833829442593682 ], [ 5.896052585658701, 51.833921013391567 ], [ 5.896104803908847, 51.834016208849718 ], [ 5.896139693454588, 51.834071103101067 ], [ 5.89617825979009, 51.834127815046251 ], [ 5.896224087802342, 51.834186454968247 ], [ 5.896247538990106, 51.834215161373734 ], [ 5.896570986826412, 51.834531375318441 ], [ 5.89672530757456, 51.834669128184707 ], [ 5.896802285121293, 51.834737843543017 ], [ 5.896754964867432, 51.834773113205252 ], [ 5.897093057690045, 51.834932817239221 ], [ 5.897327120590561, 51.835037127085343 ], [ 5.897369917944359, 51.835059843707278 ], [ 5.89740501187712, 51.835089029578889 ], [ 5.897464233634808, 51.835150181486718 ], [ 5.897483599060575, 51.835174159485376 ], [ 5.897509211378462, 51.835207808904805 ], [ 5.897519845098359, 51.835242260524403 ], [ 5.897543011012205, 51.835317366557476 ], [ 5.897605729870646, 51.835418196405442 ], [ 5.897617943599572, 51.835439706688746 ], [ 5.897643347080429, 51.8354843499243 ], [ 5.897644813660693, 51.835487013128976 ], [ 5.897720269700155, 51.835623480840887 ], [ 5.897774258525265, 51.835702875052597 ], [ 5.897816384008618, 51.835751993664424 ], [ 5.897925058197499, 51.8358787349351 ], [ 5.898011031995759, 51.835974016306501 ], [ 5.89817914870431, 51.836159328282136 ], [ 5.898216884456819, 51.836210227613186 ], [ 5.898271865229968, 51.83632318932586 ], [ 5.898289760729368, 51.836363307952531 ], [ 5.898087840588767, 51.836404734444521 ], [ 5.898002550294751, 51.836392818499966 ], [ 5.897942954343659, 51.836412735782282 ], [ 5.89770919927636, 51.83645919892404 ], [ 5.89770174894588, 51.836444499187422 ], [ 5.897577019983891, 51.836482299133117 ], [ 5.897340501785953, 51.836576933940478 ], [ 5.897393514707407, 51.836689248449517 ], [ 5.897318575772521, 51.836839286729777 ], [ 5.897263069379679, 51.836937233026013 ], [ 5.897075010489995, 51.837111366629792 ], [ 5.896905530560051, 51.837256736917865 ], [ 5.89668072453938, 51.837395713687428 ], [ 5.896528221676448, 51.837477218327102 ], [ 5.896410426132486, 51.837522860844679 ], [ 5.896386921905377, 51.837531969321063 ], [ 5.896307728055856, 51.837571745505095 ], [ 5.895930413606242, 51.837792224991382 ], [ 5.895804663446038, 51.837854404265322 ], [ 5.89565534513196, 51.837950931709528 ], [ 5.895463008789078, 51.838126249717526 ], [ 5.895363622866173, 51.838216834808868 ], [ 5.895284294324735, 51.838271864355391 ], [ 5.895246383386051, 51.838295317704514 ], [ 5.895040233008965, 51.838419397464079 ], [ 5.895000364458635, 51.838436549280431 ], [ 5.894976127296852, 51.838420618691309 ], [ 5.894923940112251, 51.838386328692884 ], [ 5.894597399742082, 51.838478273334339 ], [ 5.894386453408002, 51.838540073407287 ], [ 5.894240030494652, 51.838597828117017 ], [ 5.894234688569717, 51.838600206186413 ], [ 5.893871706552434, 51.838761427793848 ], [ 5.893580466872233, 51.838875526596837 ], [ 5.893355059601701, 51.838971678318501 ], [ 5.893295804753539, 51.839000481368593 ], [ 5.893191170772575, 51.839049425553782 ], [ 5.893253453466628, 51.839107977668917 ], [ 5.893303522787747, 51.839153980560823 ], [ 5.893341443117167, 51.839193168627055 ], [ 5.893363643148025, 51.839218932764027 ], [ 5.89337608880907, 51.839232766300881 ], [ 5.893383460107656, 51.839244392579936 ], [ 5.893384849365631, 51.839253096438249 ], [ 5.893384225075175, 51.839263390957932 ], [ 5.893380663312771, 51.839270534199215 ], [ 5.893376312174285, 51.839277159512889 ], [ 5.89336982087913, 51.83928702092819 ], [ 5.893357512774949, 51.839297042262366 ], [ 5.893337134535436, 51.839306846727979 ], [ 5.893309713970262, 51.839314928809181 ], [ 5.893283549714243, 51.839317306759682 ], [ 5.893237878005704, 51.8393204699371 ], [ 5.8932062569437, 51.839322763541638 ], [ 5.893171299593263, 51.839325152420365 ], [ 5.893152252404791, 51.839325576114298 ], [ 5.893136280565114, 51.839327217968851 ], [ 5.893118481530624, 51.839332831625406 ], [ 5.89310504999783, 51.839339729780505 ], [ 5.893036074983594, 51.83937132508364 ], [ 5.892972417382873, 51.839400937934251 ], [ 5.892908790507614, 51.839429418067184 ], [ 5.892859269513366, 51.839449028653988 ], [ 5.892805058601673, 51.839465783110199 ], [ 5.892731450027675, 51.83948794230237 ], [ 5.892703422968484, 51.839496305497313 ], [ 5.892659762581904, 51.839509329150708 ], [ 5.892633752335603, 51.839511220913813 ], [ 5.892608063077408, 51.839510684395201 ], [ 5.892583432480825, 51.83950750968252 ], [ 5.89256587000407, 51.839529040858757 ], [ 5.892398631920324, 51.839734060490699 ], [ 5.892169494405657, 51.840013150792842 ], [ 5.892358736563157, 51.840078815135961 ], [ 5.892429573791311, 51.840171657909174 ], [ 5.892433946039622, 51.840177238914755 ], [ 5.892441792228504, 51.84018722730093 ], [ 5.892479315372038, 51.840234974396637 ], [ 5.892550580784832, 51.840223710525173 ], [ 5.892577347838897, 51.840219397617673 ], [ 5.892608213904731, 51.840214419877299 ], [ 5.892635618169093, 51.840209996350005 ], [ 5.892730601850068, 51.840194288759186 ], [ 5.892834592805168, 51.840176960303303 ], [ 5.892940092986128, 51.840163526256148 ], [ 5.893007095563807, 51.840171947303581 ], [ 5.893047169851742, 51.840188403265131 ], [ 5.893113838718554, 51.840214901550844 ], [ 5.893128118845035, 51.840220224088618 ], [ 5.893157358343428, 51.840230623540819 ], [ 5.89316786346478, 51.840234452284271 ], [ 5.893430285878329, 51.840295053406606 ], [ 5.893455165436138, 51.840300968359074 ], [ 5.893951607130765, 51.840418866787843 ], [ 5.894402704293547, 51.840526334732466 ], [ 5.894530377880543, 51.840556757147588 ], [ 5.894569371572138, 51.840566090286536 ], [ 5.895067383913392, 51.840405908258489 ] ] ] ] } },
{ "type": "Feature", "properties": { "wijkcode": "WK194507", "wijknaam": "Kekerdom", "gemeentecode": "GM1945", "gemeentenaam": "Berg en Dal", "indelingswijzigingWijkenEnBuurten": 1, "water": "NEE", "omgevingsadressendichtheid": 74, "stedelijkheidAdressenPerKm2": 5, "bevolkingsdichtheidInwonersPerKm2": 112, "aantalInwoners": 480, "mannen": 245, "vrouwen": 240, "percentagePersonen0Tot15Jaar": 10, "percentagePersonen15Tot25Jaar": 6, "percentagePersonen25Tot45Jaar": 17, "percentagePersonen45Tot65Jaar": 38, "percentagePersonen65JaarEnOuder": 30, "percentageOngehuwd": 37, "percentageGehuwd": 49, "percentageGescheid": 9, "percentageVerweduwd": 5, "geboorteTotaal": 5, "geboortesPer1000Inwoners": 6, "sterfteTotaal": 0, "sterfteRelatief": 2, "aantalHuishoudens": 240, "percentageEenpersoonshuishoudens": 31, "percentageHuishoudensZonderKinderen": 46, "percentageHuishoudensMetKinderen": 23, "gemiddeldeHuishoudsgrootte": 2.0, "percentageMetHerkomstlandNederland": 87, "percentageMetHerkomstlandUitEuropaExclNl": 8, "percentageMetHerkomstlandBuitenEuropa": 5, "percentageGebInNlMetHerkomstlandNederland": 87, "percGebInNlMetHerkomstlandInEuropaExNl": 4, "percGebInNlMetHerkomstlandBuitenEuropa": 2, "percGebBuitenNlMetHerkomstlndInEuropaExNl": 4, "percGebBuitenNlMetHerkomstlndBuitenEuropa": 2, "aantalBedrijvenLandbouwBosbouwVisserij": 10, "aantalBedrijvenNijverheidEnergie": 15, "aantalBedrijvenHandelEnHoreca": 5, "aantalBedrijvenVervoerInformatieCommunicatie": 5, "aantalBedrijvenFinancieelOnroerendGoed": 5, "aantalBedrijvenZakelijkeDienstverlening": 30, "aantalBedrijvenOverheidOnderwijsEnZorg": 15, "aantalBedrijvenCultuurRecreatieOverige": 10, "aantalBedrijfsvestigingen": 100, "woningvoorraad": 246, "gemiddeldeWoningwaarde": 336, "percentageEengezinswoning": 95, "percentageMeergezinswoning": 5, "percentageBewoond": -99997, "percentageKoopwoningen": 70, "percentageHuurwoningen": 30, "percHuurwoningenInBezitWoningcorporaties": 22, "percHuurwoningenInBezitOverigeVerhuurders": 8, "percentageWoningenMetEigendomOnbekend": -99997, "percentageBouwjaarklasseTot2000": -99997, "percentageBouwjaarklasseVanaf2000": -99997, "percentageLeegstandWoningen": -99997, "gemiddeldGasverbruikTotaal": -99997, "gemiddeldGasverbruikAppartement": -99997, "gemiddeldGasverbruikTussenwoning": -99997, "gemiddeldGasverbruikHoekwoning": -99997, "gemiddeldGasverbruik2Onder1KapWoning": -99997, "gemiddeldGasverbruikVrijstaandeWoning": -99997, "gemiddeldGasverbruikHuurwoning": -99997, "gemiddeldGasverbruikkoopwoning": -99997, "gemiddeldElektriciteitsverbruikTotaal": -99997, "gemiddeldElektriciteitsverbruikAppartement": -99997, "gemiddeldElektriciteitsverbruikTussenwoning": -99997, "gemiddeldElektriciteitsverbruikHoekwoning": -99997, "gemElektriciteitsverbruik2Onder1KapWoning": -99997, "gemElektriciteitsverbruikVrijstaandeWoning": -99997, "gemiddeldElektriciteitsverbruikHuurwoning": -99997, "gemiddeldElektriciteitsverbruikkoopwoning": -99997, "percentageWoningenMetStadsverwarming": -99997, "opleidingsniveauLaag": -99997, "opleidingsniveauMiddelbaar": -99997, "opleidingsniveauHoog": -99997, "nettoArbeidsparticipatie": -99997, "percentageWerknemers": -99997, "percentageZelfstandigen": -99997, "aantalInkomensontvangers": -99997, "gemiddeldInkomenPerInkomensontvanger": -99997, "gemiddeldInkomenPerInwoner": -99997, "percentagePersonenMetHoogInkomen": -99997, "percentagePersonenMetLaagInkomen": -99997, "percentageHuishoudensMetHoogInkomen": -99997, "percentageHuishoudensMetLaagInkomen": -99997, "percentageHuishoudensMetLaagsteInkomen": -99997, "percentageHuishoudensOnderOfRondSociaalMinimum": -99997, "aantalPersonenMetEenAoUitkeringTotaal": 10, "aantalPersonenMetEenWwUitkeringTotaal": 10, "aantalPersonenMetEenAlgBijstandsuitkeringTot": 10, "aantalPersonenMetEenAowUitkeringTotaal": 130, "gemiddeldGestandaardiseerdInkomenVanHuishoudens": -99997.0, "huishoudensTot110PercentVanSociaalMinimum": -99997.0, "huishoudensTot120PercentVanSociaalMinimum": -99997.0, "mediaanVermogenVanParticuliereHuish": -99997.0, "aantalJongerenMetJeugdzorgInNatura": -99997, "percentageJongerenMetJeugdzorgInNatura": -99997.0, "aantalWmoClienten": -99997, "aantalWmoClientenPer1000Inwoners": -99997, "personenautosTotaal": 305, "personenautosPerHuishouden": 1.3, "personenautosPerKm2": 71, "motortweewielersTotaal": 40, "aantalPersonenautosMetBrandstofBenzine": 220, "aantalPersonenautosMetOverigeBrandstof": 85, "oppervlakteTotaalInHa": 535, "oppervlakteLandInHa": 429, "oppervlakteWaterInHa": 106, "huisartsenpraktijkGemiddeldeAfstandInKm": 2.8, "huisartsenpraktijkGemiddeldAantalBinnen1Km": 0.0, "huisartsenpraktijkGemiddeldAantalBinnen3Km": 0.7, "huisartsenpraktijkGemiddeldAantalBinnen5Km": 2.0, "huisartsenpostGemiddeldeAfstandInKm": 17.9, "apotheekGemiddeldeAfstandInKm": 3.1, "ziekenhuisInclBuitenpolikliniekGemAfstInKm": 15.1, "ziekenhuisInclBuitenpoliGemAantalBinnen5Km": 0.0, "ziekenhuisInclBuitenpoliGemAantalBinnen10Km": 0.0, "ziekenhuisInclBuitenpoliGemAantalBinnen20Km": 4.0, "ziekenhuisExclBuitenpolikliniekGemAfstInKm": 15.1, "ziekenhuisExclBuitenpoliGemAantalBinnen5Km": 0.0, "ziekenhuisExclBuitenpoliGemAantalBinnen10Km": 0.0, "ziekenhuisExclBuitenpoliGemAantalBinnen20Km": 2.0, "groteSupermarktGemiddeldeAfstandInKm": 3.0, "groteSupermarktGemiddeldAantalBinnen1Km": 0.0, "groteSupermarktGemiddeldAantalBinnen3Km": 0.6, "groteSupermarktGemiddeldAantalBinnen5Km": 3.0, "winkelsOvDagelijkseLevensmGemAfstInKm": 3.2, "winkelsOvDagelLevensmGemAantalBinnen1Km": 0.0, "winkelsOvDagelLevensmGemAantalBinnen3Km": 0.6, "winkelsOvDagelLevensmGemAantalBinnen5Km": 4.0, "warenhuisGemiddeldeAfstandInKm": 12.2, "warenhuisGemiddeldAantalBinnen5Km": 0.0, "warenhuisGemiddeldAantalBinnen10Km": 0.0, "warenhuisGemiddeldAantalBinnen20Km": 6.4, "cafeGemiddeldeAfstandInKm": 3.2, "cafeGemiddeldAantalBinnen1Km": 0.0, "cafeGemiddeldAantalBinnen3Km": 0.1, "cafeGemiddeldAantalBinnen5Km": 2.0, "cafetariaGemiddeldeAfstandInKm": 2.4, "cafetariaGemiddeldAantalBinnen1Km": 0.0, "cafetariaGemiddeldAantalBinnen3Km": 1.4, "cafetariaGemiddeldAantalBinnen5Km": 5.0, "restaurantGemiddeldeAfstandInKm": 0.5, "restaurantGemiddeldAantalBinnen1Km": 0.9, "restaurantGemiddeldAantalBinnen3Km": 2.5, "restaurantGemiddeldAantalBinnen5Km": 6.0, "hotelGemiddeldeAfstandInKm": 2.9, "hotelGemiddeldAantalBinnen5Km": 1.0, "hotelGemiddeldAantalBinnen10Km": 5.3, "hotelGemiddeldAantalBinnen20Km": 32.5, "kinderdagverblijfGemiddeldeAfstandInKm": 3.4, "kinderdagverblijfGemiddeldAantalBinnen1Km": 0.0, "kinderdagverblijfGemiddeldAantalBinnen3Km": 0.2, "kinderdagverblijfGemiddeldAantalBinnen5Km": 2.0, "buitenschoolseOpvangGemAfstandInKm": 0.4, "buitenschoolseOpvangGemiddeldAantalBinnen1Km": 0.9, "buitenschoolseOpvangGemiddeldAantalBinnen3Km": 1.2, "buitenschoolseOpvangGemiddeldAantalBinnen5Km": 3.0, "basisonderwijsGemiddeldeAfstandInKm": 0.4, "basisonderwijsGemiddeldAantalBinnen1Km": 0.9, "basisonderwijsGemiddeldAantalBinnen3Km": 1.2, "basisonderwijsGemiddeldAantalBinnen5Km": 3.0, "voortgezetOnderwijsGemAfstandInKm": 11.2, "voortgezetOnderwijsGemiddeldAantalBinnen3Km": 0.0, "voortgezetOnderwijsGemiddeldAantalBinnen5Km": 0.0, "voortgezetOnderwijsGemiddeldAantalBinnen10Km": 0.0, "vmboGemiddeldeAfstandInKm": 12.0, "vmboGemiddeldAantalBinnen3Km": 0.0, "vmboGemiddeldAantalBinnen5Km": 0.0, "vmboGemiddeldAantalBinnen10Km": 0.0, "havoVwoGemiddeldeAfstandInKm": 11.2, "havoVwoGemiddeldAantalBinnen3Km": 0.0, "havoVwoGemiddeldAantalBinnen5Km": 0.0, "havoVwoGemiddeldAantalBinnen10Km": 0.0, "brandweerkazerneGemiddeldeAfstandInKm": 3.6, "opritHoofdverkeerswegGemiddeldeAfstandInKm": 0.7, "treinstationGemiddeldeAfstandInKm": 13.6, "overstapstationGemiddeldeAfstandInKm": 13.6, "zwembadGemiddeldeAfstandInKm": 12.2, "kunstijsbaanGemiddeldeAfstandInKm": 18.8, "bibliotheekGemiddeldeAfstandInKm": 0.4, "poppodiumGemiddeldeAfstandInKm": 12.2, "bioscoopGemiddeldeAfstandInKm": 12.5, "bioscoopGemiddeldAantalBinnen5Km": 0.0, "bioscoopGemiddeldAantalBinnen10Km": 0.0, "bioscoopGemiddeldAantalBinnen20Km": 4.9, "saunaGemiddeldeAfstandInKm": 14.3, "zonnebankGemiddeldeAfstandInKm": 12.3, "attractieparkGemiddeldeAfstandInKm": 10.9, "attractieparkGemiddeldAantalBinnen10Km": 0.0, "attractieparkGemiddeldAantalBinnen20Km": 3.0, "attractieparkGemiddeldAantalBinnen50Km": 22.0, "theaterGemiddeldeAfstandInKm": 12.2, "theaterGemiddeldAantalBinnen5Km": 0.0, "theaterGemiddeldAantalBinnen10Km": 0.0, "theaterGemiddeldAantalBinnen20Km": 9.8, "gemiddeldeAfstandTotMuseum": 11.8, "gemiddeldAantalMuseaBinnen5Km": 0.0, "gemiddeldAantalMuseaBinnen10Km": 0.0, "gemiddeldAantalMuseaBinnen20Km": 9.0, "afstandTotOpenbaarGroenTotaal": -99997.0, "afstandTotParkOfPlantsoen": -99997.0, "afstandTotDagrcreatiefTerrein": -99997.0, "afstandTotBos": -99997.0, "afstandTotOpenNatuurTerreinTotaal": -99997.0, "afstandTotOpenDroogNatuurTerrein": -99997.0, "afstandTotOpenNatNatuurlijkTerrein": -99997.0, "afstandTotSemiopenbaarGroenTotaal": -99997.0, "afstandTotSportterrein": -99997.0, "afstandTotVolkstuin": -99997.0, "afstandTotVerblijfsrecreatiefTerrein": -99997.0, "afstandTotRecreatiefBinnenwater": -99997.0, "afstandTotBegraafplaats": -99997.0, "jrstatcode": "2024WK194507", "jaar": 2024, "aantalNieuwbouwWoningen": 0.0, "aantalNietWoningvoorraad": 16, "aantalNieuwbouwNietWoningen": 0, "percEengezinswoningTussenwoning": 13.0, "percEengezinswoningHoekwoning": 14.0, "percEengezinswoning2Onder1Kap": 33.0, "percEengezinswoningVrijstaand": 35.0, "percBouwjaarMeerDan10JaarGeleden": 95.0, "percBouwjaarAfgelopen10Jaar": 5.0, "percentageOnbewoond": 4, "gemiddeldAardgasverbruik": 990, "percentageAardgaswoningen": 91.0, "percentageAardgasvrijeWoningen": 3.0, "gemiddeldeElektriciteitslevering": 2770.0, "gemiddeldeElektriciteitsteruglevering": 1500.0, "percentageWoningenMetZonnestroom": 57.0, "aantalLeerlingenPrimairOnderwijs": 30, "aantalLeerlingenVoortgezetOnderwijs": 10, "aantalStudentenMbo": 10, "aantalStudentenHbo": 0, "aantalStudentenWo": 0 }, "geometry": { "type": "MultiPolygon", "coordinates": [ [ [ [ 6.018009095651883, 51.868763130288613 ], [ 6.018540118837734, 51.868540847392175 ], [ 6.018837637860912, 51.868416301687596 ], [ 6.020639495524161, 51.86749220624872 ], [ 6.021637300134937, 51.866983414376499 ], [ 6.021958946503911, 51.866763199958612 ], [ 6.022162139774588, 51.866624072920949 ], [ 6.022200448828762, 51.866597852842709 ], [ 6.022311600920172, 51.866528462174131 ], [ 6.022438978316319, 51.866448927210712 ], [ 6.022473600301326, 51.866427309356382 ], [ 6.022618285381058, 51.866336982359968 ], [ 6.022644058395596, 51.866319620790648 ], [ 6.022840994251625, 51.866186971217665 ], [ 6.023131271605806, 51.865991453129659 ], [ 6.023132061218239, 51.86599092392067 ], [ 6.02313285077968, 51.865990391116704 ], [ 6.023152966952963, 51.865976840662285 ], [ 6.023156726416148, 51.865974307995813 ], [ 6.023209737128274, 51.865938597821831 ], [ 6.023250236962712, 51.865911322853123 ], [ 6.023297753679891, 51.865892361113467 ], [ 6.023298351401807, 51.86589212327349 ], [ 6.02329895056325, 51.865891884526846 ], [ 6.023339472348713, 51.86587571925913 ], [ 6.023354042695532, 51.865869907404409 ], [ 6.023391957175026, 51.865894941795965 ], [ 6.023424063899834, 51.865880943400946 ], [ 6.023427426093225, 51.865879478022215 ], [ 6.0234566899419, 51.865866708479977 ], [ 6.023494077992458, 51.865850407337497 ], [ 6.023547555250881, 51.865827079807282 ], [ 6.023808115384398, 51.865713418061134 ], [ 6.025110393897955, 51.865158819931395 ], [ 6.0258636410786, 51.864871512949485 ], [ 6.025923901099534, 51.864848533931408 ], [ 6.025249174243985, 51.86425242380686 ], [ 6.024966415158175, 51.864002613349768 ], [ 6.02495165937985, 51.863984734380267 ], [ 6.02495144872946, 51.863969769578709 ], [ 6.025013824173965, 51.863936505610077 ], [ 6.025066760425087, 51.863906978206472 ], [ 6.025074370683988, 51.863898972993077 ], [ 6.025076828917597, 51.863891004763154 ], [ 6.025066331813413, 51.863876743032144 ], [ 6.024618064248988, 51.863398092443035 ], [ 6.0246079224776, 51.863387271358704 ], [ 6.024348731085774, 51.86311050959533 ], [ 6.023843205682827, 51.862584653315139 ], [ 6.023822545392156, 51.862578401464859 ], [ 6.023799436149743, 51.862578526790095 ], [ 6.023354337525268, 51.862725736400485 ], [ 6.023142512478469, 51.86279499043475 ], [ 6.023132196105076, 51.862793455348253 ], [ 6.023012135488207, 51.862662036845236 ], [ 6.023014578052018, 51.862654068743254 ], [ 6.02302468917676, 51.862641286181713 ], [ 6.023802052830954, 51.862356189632557 ], [ 6.024341419536763, 51.862158373444792 ], [ 6.025448349161246, 51.861709700570735 ], [ 6.026264818532971, 51.861364133603246 ], [ 6.026314344990913, 51.861343181285747 ], [ 6.026318746313217, 51.861341314667385 ], [ 6.02568357465704, 51.860749728554765 ], [ 6.026549695025547, 51.860329032676091 ], [ 6.026448579465029, 51.860214323054031 ], [ 6.025949030124498, 51.859639482439121 ], [ 6.024900250227499, 51.858427279664248 ], [ 6.02512643588476, 51.858356855773486 ], [ 6.025447286665268, 51.858248822742297 ], [ 6.025670324600233, 51.858167431785766 ], [ 6.02582907368389, 51.858108915537635 ], [ 6.025930696580127, 51.858073666735848 ], [ 6.026006083284465, 51.858047279538795 ], [ 6.026109401814567, 51.85799651608054 ], [ 6.026219928101614, 51.857942216739488 ], [ 6.026665638934867, 51.857756251916278 ], [ 6.027112973443658, 51.857582644796331 ], [ 6.027902935213024, 51.857253335924618 ], [ 6.027955539976793, 51.857232815509512 ], [ 6.027976814158943, 51.857227260392321 ], [ 6.027989817275791, 51.85722386363674 ], [ 6.028011122533595, 51.857211316138184 ], [ 6.028024350344642, 51.857203514653698 ], [ 6.027984453344757, 51.857190815895493 ], [ 6.027932599031439, 51.857174317312797 ], [ 6.027948236313105, 51.857167418619014 ], [ 6.02786899538166, 51.857126818353883 ], [ 6.027863087820309, 51.857123794486029 ], [ 6.027287846318345, 51.856829078723003 ], [ 6.027270229962237, 51.856818280646543 ], [ 6.027071237567428, 51.856696312140649 ], [ 6.026821510241188, 51.856531249951132 ], [ 6.026679701780047, 51.856423818269384 ], [ 6.026650808936849, 51.856401926725532 ], [ 6.026528420003995, 51.856295269945051 ], [ 6.026406132943705, 51.856148730215899 ], [ 6.026392591549683, 51.856132507688841 ], [ 6.025442683446423, 51.855030519143973 ], [ 6.025242798918938, 51.854798631231219 ], [ 6.025029037566697, 51.854563510597266 ], [ 6.02477194213271, 51.854313452275449 ], [ 6.024264507681131, 51.85383577768598 ], [ 6.024086407937432, 51.853634726192652 ], [ 6.023757444511488, 51.853241957625343 ], [ 6.023093806280798, 51.852449554445421 ], [ 6.022928765954478, 51.852274200669477 ], [ 6.022621322952006, 51.851947549115984 ], [ 6.022506580318928, 51.851835040153823 ], [ 6.022346669211596, 51.851721481169037 ], [ 6.022164590094777, 51.851605480158469 ], [ 6.020826605941908, 51.850834633764563 ], [ 6.020447955775502, 51.850616475456789 ], [ 6.020416720698176, 51.850592680460799 ], [ 6.020417828292403, 51.850578454571014 ], [ 6.0204019258459, 51.850572715776096 ], [ 6.019834408291582, 51.850367852698156 ], [ 6.019295711735577, 51.850190273767737 ], [ 6.018986077988162, 51.850095520608257 ], [ 6.01865030492203, 51.850014129457435 ], [ 6.018288879340298, 51.849947706426271 ], [ 6.017748108089659, 51.849861599235943 ], [ 6.017273969097817, 51.849787760796538 ], [ 6.01632494159382, 51.849673348887713 ], [ 6.016166622919891, 51.849651312557228 ], [ 6.016161213300784, 51.849650559542773 ], [ 6.015944087031287, 51.849620334870316 ], [ 6.015625412282693, 51.849560209314845 ], [ 6.015137315035439, 51.84946431614862 ], [ 6.01435990955546, 51.849298912708605 ], [ 6.014316239307567, 51.8492896181859 ], [ 6.014276208526918, 51.849286326539442 ], [ 6.013660578338583, 51.849235727832053 ], [ 6.011577439311224, 51.84911489464492 ], [ 6.011422941877647, 51.849086566573853 ], [ 6.011300476546461, 51.849024991853604 ], [ 6.01130017255732, 51.849024839765661 ], [ 6.011299867104234, 51.849024686786642 ], [ 6.011271880804399, 51.849010768506297 ], [ 6.011270514360701, 51.849010088147367 ], [ 6.010103359138613, 51.848208401187385 ], [ 6.010095766180598, 51.848203183178427 ], [ 6.009836565072714, 51.847923496145178 ], [ 6.008631247049758, 51.846622839723487 ], [ 6.008573901495189, 51.846551971920448 ], [ 6.008566770306069, 51.846543164931447 ], [ 6.00856668464988, 51.846543057522176 ], [ 6.008566596066661, 51.846542948330729 ], [ 6.008554737151481, 51.846528289649825 ], [ 6.008534193762062, 51.846502898760335 ], [ 6.008533325593032, 51.846501824729145 ], [ 6.008116700645878, 51.846642874290247 ], [ 6.007815436630815, 51.846729607498631 ], [ 6.007532607054358, 51.846821923260428 ], [ 6.007276948866806, 51.846891389667427 ], [ 6.007048867905591, 51.846966390634314 ], [ 6.006948601520008, 51.847006649609362 ], [ 6.006829745762491, 51.847062853481724 ], [ 6.006766489439719, 51.847092759813123 ], [ 6.006584142325731, 51.847161837647903 ], [ 6.00638352966652, 51.847236683348989 ], [ 6.006100850021873, 51.847340347394145 ], [ 6.005909563432861, 51.847426504636267 ], [ 6.005745620285702, 51.847501164899938 ], [ 6.005546712936915, 51.847564072350259 ], [ 6.005540730536772, 51.847565964502188 ], [ 6.005532898505032, 51.847568441667022 ], [ 6.005441428416227, 51.847597373252576 ], [ 6.005486650069276, 51.847639677873289 ], [ 6.005520670303008, 51.847671497912408 ], [ 6.005536625709717, 51.84768764628884 ], [ 6.005438982723964, 51.847736321407176 ], [ 6.005433836739579, 51.847738883289502 ], [ 6.005012415970992, 51.847948989919189 ], [ 6.004740499766254, 51.848084557305206 ], [ 6.003774819610374, 51.848613173223576 ], [ 6.003418573789892, 51.848808181404785 ], [ 6.00293113580185, 51.849087946822586 ], [ 6.002811998738484, 51.849156183727011 ], [ 6.002714381728473, 51.849204020475881 ], [ 6.002616330082772, 51.849218063349795 ], [ 6.002507060097905, 51.849211876887836 ], [ 6.002397541935189, 51.849185404454381 ], [ 6.002232411875246, 51.849084852053196 ], [ 6.001946191111942, 51.848910562451039 ], [ 6.001461630223683, 51.848602086588613 ], [ 6.001164133442385, 51.848400807544216 ], [ 6.001010014359472, 51.848306955224544 ], [ 6.00088920301647, 51.848253502880304 ], [ 6.000735928814384, 51.848220497409443 ], [ 6.000561736641801, 51.848255214778547 ], [ 6.000292134853492, 51.848500023682909 ], [ 5.999850188539637, 51.848914753429284 ], [ 5.999662186055329, 51.849091110369358 ], [ 5.999429799830366, 51.849309099817567 ], [ 5.999267859704768, 51.849460844315821 ], [ 5.999052506424658, 51.849662645663869 ], [ 5.998685951589798, 51.850002615528332 ], [ 5.998146824591096, 51.850498984618667 ], [ 5.997651172286444, 51.85098160626297 ], [ 5.997413759118489, 51.851185667515459 ], [ 5.997349346517356, 51.851267142036811 ], [ 5.997317521155516, 51.851334919355658 ], [ 5.997329259872226, 51.851395711713678 ], [ 5.997362826389049, 51.851456379807644 ], [ 5.997407059687117, 51.851496716063266 ], [ 5.997484113680335, 51.851543649124039 ], [ 5.997543001420493, 51.851583494755168 ], [ 5.997982803411377, 51.851881045967197 ], [ 5.997956926291947, 51.851901521718148 ], [ 5.997946974494933, 51.851909384554858 ], [ 5.997914793278658, 51.851934854780559 ], [ 5.997883559667763, 51.851959565028444 ], [ 5.997873607845339, 51.851967427858945 ], [ 5.99786946202786, 51.851970707779174 ], [ 5.997847398902725, 51.851988165979641 ], [ 5.997846179724553, 51.851989131401176 ], [ 5.997844960509749, 51.851990094126265 ], [ 5.997837463032591, 51.851996028724002 ], [ 5.997379738519053, 51.852358131012465 ], [ 5.996991800835795, 51.852653299726377 ], [ 5.99661902668625, 51.852942087424054 ], [ 5.996055990537852, 51.853388846023442 ], [ 5.995768856017623, 51.853610986022851 ], [ 5.995668134993751, 51.85369031080721 ], [ 5.995522018963376, 51.853801393621474 ], [ 5.995427835313676, 51.853876900133919 ], [ 5.995355822647894, 51.853934647177127 ], [ 5.995191354145604, 51.854063390976833 ], [ 5.995190482295188, 51.854064073229324 ], [ 5.995189616274216, 51.854064757249368 ], [ 5.994898524108751, 51.854295748614433 ], [ 5.994870643355901, 51.854317465473606 ], [ 5.994707093390347, 51.854444888799122 ], [ 5.994369639232164, 51.854711419489952 ], [ 5.994203408117996, 51.854841516576023 ], [ 5.993966689889643, 51.85502872250607 ], [ 5.993695669444411, 51.855240688866104 ], [ 5.993430924721174, 51.855443516778209 ], [ 5.993122515092015, 51.855679800141012 ], [ 5.993088536022577, 51.855705826594367 ], [ 5.993140851098854, 51.855729709640968 ], [ 5.993260855838246, 51.855811928459175 ], [ 5.993591857450645, 51.856109348553787 ], [ 5.994511718882473, 51.856992346021705 ], [ 5.9946399602922, 51.857115445650727 ], [ 5.994895295927419, 51.85731200671556 ], [ 5.995278155437953, 51.857595347184478 ], [ 5.995600445238924, 51.857796161979373 ], [ 5.996058192372818, 51.858120530931785 ], [ 5.996433509562878, 51.858394702511994 ], [ 5.996683035666141, 51.858599577300012 ], [ 5.996781099311541, 51.858704917132691 ], [ 5.996894436118616, 51.85884238349567 ], [ 5.996904305402308, 51.858862591505222 ], [ 5.99687484563005, 51.85886465099388 ], [ 5.996838801517566, 51.858867169830724 ], [ 5.996838549177082, 51.858867188219541 ], [ 5.996724453282209, 51.858875166632409 ], [ 5.99660358587388, 51.858883614236895 ], [ 5.996366564488857, 51.858900187988866 ], [ 5.99565661600912, 51.858949828678369 ], [ 5.994140718550976, 51.859055795685997 ], [ 5.984981022645394, 51.859686102595553 ], [ 5.984975308148003, 51.859686491238875 ], [ 5.984670571752227, 51.859707448991593 ], [ 5.984328169026781, 51.859730997508983 ], [ 5.982388440724137, 51.859864369474799 ], [ 5.981180058406562, 51.859947441249567 ], [ 5.981274990041618, 51.860050094311035 ], [ 5.981538419767321, 51.860340573362429 ], [ 5.981828807252338, 51.860685673381347 ], [ 5.98184893410169, 51.860712492064643 ], [ 5.982009092964537, 51.860925922177906 ], [ 5.982996921300927, 51.862606701875627 ], [ 5.983371686807635, 51.863418809120112 ], [ 5.9847215564358, 51.866282494431069 ], [ 5.985117670491262, 51.86681391051625 ], [ 5.985651217503149, 51.867619134245814 ], [ 5.985752838422581, 51.867757678505512 ], [ 5.986887264295248, 51.867957294778762 ], [ 5.987352514313375, 51.868038879044519 ], [ 5.989091070554379, 51.868332532061892 ], [ 5.989218061527403, 51.868354361212333 ], [ 5.98935071368152, 51.868374983691851 ], [ 5.9897464604279, 51.86842575175794 ], [ 5.990367419250815, 51.868505419232676 ], [ 5.990589285384351, 51.868533887312253 ], [ 5.991717703210128, 51.868678675892426 ], [ 5.992279282207395, 51.868750729127171 ], [ 5.992285618374589, 51.868738184440588 ], [ 5.992609906266473, 51.868780412524579 ], [ 5.992804115667629, 51.868805702282202 ], [ 5.993274731101202, 51.868866984314977 ], [ 5.994628448568653, 51.869031560862879 ], [ 5.995015287491682, 51.869081997758585 ], [ 5.995121717427188, 51.869095873269593 ], [ 5.996208493432761, 51.869237553600939 ], [ 5.996276072594322, 51.869246362323402 ], [ 5.997033793891383, 51.869338120622906 ], [ 5.997557055087871, 51.869401476030667 ], [ 5.997793752726439, 51.869429754543404 ], [ 5.998831081166932, 51.869553699751229 ], [ 5.998942384335764, 51.869566998117577 ], [ 6.0002794818198, 51.869726742451675 ], [ 6.000573936620322, 51.869761922542573 ], [ 6.001751738290735, 51.869909520845574 ], [ 6.002436131063615, 51.869995282283682 ], [ 6.002832248349051, 51.870043388738601 ], [ 6.002896432999555, 51.870051186766986 ], [ 6.00294739669021, 51.870057373247278 ], [ 6.00327733779838, 51.870097447957335 ], [ 6.003366291832585, 51.870108252743343 ], [ 6.003412573791429, 51.870111856919266 ], [ 6.003440671376209, 51.870114037466969 ], [ 6.00349513691681, 51.87011827279413 ], [ 6.003632863416716, 51.870128983130051 ], [ 6.004201241941569, 51.870173169200712 ], [ 6.004942373898632, 51.87024408339375 ], [ 6.005493957136148, 51.87029686373176 ], [ 6.006208462896033, 51.870366723685784 ], [ 6.006704194387336, 51.870411442470619 ], [ 6.007292638752809, 51.87046452321664 ], [ 6.00895725668864, 51.870614654498169 ], [ 6.009508351658383, 51.870669034736444 ], [ 6.009544141208779, 51.870672566276355 ], [ 6.009590923257015, 51.870677182872363 ], [ 6.010106830662999, 51.870728091206267 ], [ 6.010107594028129, 51.870728166255184 ], [ 6.010108357418152, 51.870728243101631 ], [ 6.010142758465341, 51.870731638009914 ], [ 6.010260579071756, 51.870743265060945 ], [ 6.010278437226368, 51.870743116353708 ], [ 6.010859742527519, 51.870738321970293 ], [ 6.011458388359331, 51.870706547787378 ], [ 6.01157264075071, 51.870693320311325 ], [ 6.011684691057519, 51.870680355217438 ], [ 6.01220996720963, 51.870572645758926 ], [ 6.012425715519907, 51.870524837474946 ], [ 6.013000921602283, 51.870424175219746 ], [ 6.013269177548957, 51.870376615802535 ], [ 6.014370860435018, 51.87018128417521 ], [ 6.014611374628371, 51.870128153164082 ], [ 6.014885254871875, 51.870035402448508 ], [ 6.015406978121285, 51.869819808147405 ], [ 6.017431614823503, 51.868983116407271 ], [ 6.018009095651883, 51.868763130288613 ] ] ] ] } },
{ "type": "Feature", "properties": { "wijkcode": "WK194504", "wijknaam": "Erlecom", "gemeentecode": "GM1945", "gemeentenaam": "Berg en Dal", "indelingswijzigingWijkenEnBuurten": 1, "water": "NEE", "omgevingsadressendichtheid": 73, "stedelijkheidAdressenPerKm2": 5, "bevolkingsdichtheidInwonersPerKm2": 54, "aantalInwoners": 170, "mannen": 90, "vrouwen": 75, "percentagePersonen0Tot15Jaar": 14, "percentagePersonen15Tot25Jaar": 13, "percentagePersonen25Tot45Jaar": 18, "percentagePersonen45Tot65Jaar": 33, "percentagePersonen65JaarEnOuder": 21, "percentageOngehuwd": 46, "percentageGehuwd": 42, "percentageGescheid": 7, "percentageVerweduwd": 5, "geboorteTotaal": 0, "geboortesPer1000Inwoners": 0, "sterfteTotaal": 0, "sterfteRelatief": 0, "aantalHuishoudens": 65, "percentageEenpersoonshuishoudens": 28, "percentageHuishoudensZonderKinderen": 34, "percentageHuishoudensMetKinderen": 38, "gemiddeldeHuishoudsgrootte": 2.5, "percentageMetHerkomstlandNederland": 86, "percentageMetHerkomstlandUitEuropaExclNl": 9, "percentageMetHerkomstlandBuitenEuropa": 4, "percentageGebInNlMetHerkomstlandNederland": 86, "percGebInNlMetHerkomstlandInEuropaExNl": 4, "percGebInNlMetHerkomstlandBuitenEuropa": 1, "percGebBuitenNlMetHerkomstlndInEuropaExNl": 5, "percGebBuitenNlMetHerkomstlndBuitenEuropa": 3, "aantalBedrijvenLandbouwBosbouwVisserij": 5, "aantalBedrijvenNijverheidEnergie": 5, "aantalBedrijvenHandelEnHoreca": 5, "aantalBedrijvenVervoerInformatieCommunicatie": 0, "aantalBedrijvenFinancieelOnroerendGoed": 0, "aantalBedrijvenZakelijkeDienstverlening": 10, "aantalBedrijvenOverheidOnderwijsEnZorg": 10, "aantalBedrijvenCultuurRecreatieOverige": 5, "aantalBedrijfsvestigingen": 45, "woningvoorraad": 64, "gemiddeldeWoningwaarde": 389, "percentageEengezinswoning": 91, "percentageMeergezinswoning": 9, "percentageBewoond": -99997, "percentageKoopwoningen": 86, "percentageHuurwoningen": 14, "percHuurwoningenInBezitWoningcorporaties": 0, "percHuurwoningenInBezitOverigeVerhuurders": 14, "percentageWoningenMetEigendomOnbekend": -99997, "percentageBouwjaarklasseTot2000": -99997, "percentageBouwjaarklasseVanaf2000": -99997, "percentageLeegstandWoningen": -99997, "gemiddeldGasverbruikTotaal": -99997, "gemiddeldGasverbruikAppartement": -99997, "gemiddeldGasverbruikTussenwoning": -99997, "gemiddeldGasverbruikHoekwoning": -99997, "gemiddeldGasverbruik2Onder1KapWoning": -99997, "gemiddeldGasverbruikVrijstaandeWoning": -99997, "gemiddeldGasverbruikHuurwoning": -99997, "gemiddeldGasverbruikkoopwoning": -99997, "gemiddeldElektriciteitsverbruikTotaal": -99997, "gemiddeldElektriciteitsverbruikAppartement": -99997, "gemiddeldElektriciteitsverbruikTussenwoning": -99997, "gemiddeldElektriciteitsverbruikHoekwoning": -99997, "gemElektriciteitsverbruik2Onder1KapWoning": -99997, "gemElektriciteitsverbruikVrijstaandeWoning": -99997, "gemiddeldElektriciteitsverbruikHuurwoning": -99997, "gemiddeldElektriciteitsverbruikkoopwoning": -99997, "percentageWoningenMetStadsverwarming": -99997, "opleidingsniveauLaag": -99997, "opleidingsniveauMiddelbaar": -99997, "opleidingsniveauHoog": -99997, "nettoArbeidsparticipatie": -99997, "percentageWerknemers": -99997, "percentageZelfstandigen": -99997, "aantalInkomensontvangers": -99997, "gemiddeldInkomenPerInkomensontvanger": -99997, "gemiddeldInkomenPerInwoner": -99997, "percentagePersonenMetHoogInkomen": -99997, "percentagePersonenMetLaagInkomen": -99997, "percentageHuishoudensMetHoogInkomen": -99997, "percentageHuishoudensMetLaagInkomen": -99997, "percentageHuishoudensMetLaagsteInkomen": -99997, "percentageHuishoudensOnderOfRondSociaalMinimum": -99997, "aantalPersonenMetEenAoUitkeringTotaal": 0, "aantalPersonenMetEenWwUitkeringTotaal": 0, "aantalPersonenMetEenAlgBijstandsuitkeringTot": 0, "aantalPersonenMetEenAowUitkeringTotaal": 40, "gemiddeldGestandaardiseerdInkomenVanHuishoudens": -99997.0, "huishoudensTot110PercentVanSociaalMinimum": -99997.0, "huishoudensTot120PercentVanSociaalMinimum": -99997.0, "mediaanVermogenVanParticuliereHuish": -99997.0, "aantalJongerenMetJeugdzorgInNatura": -99997, "percentageJongerenMetJeugdzorgInNatura": -99997.0, "aantalWmoClienten": -99997, "aantalWmoClientenPer1000Inwoners": -99997, "personenautosTotaal": 95, "personenautosPerHuishouden": 1.4, "personenautosPerKm2": 30, "motortweewielersTotaal": 10, "aantalPersonenautosMetBrandstofBenzine": 70, "aantalPersonenautosMetOverigeBrandstof": 25, "oppervlakteTotaalInHa": 366, "oppervlakteLandInHa": 315, "oppervlakteWaterInHa": 51, "huisartsenpraktijkGemiddeldeAfstandInKm": 1.9, "huisartsenpraktijkGemiddeldAantalBinnen1Km": 0.2, "huisartsenpraktijkGemiddeldAantalBinnen3Km": 1.3, "huisartsenpraktijkGemiddeldAantalBinnen5Km": 2.9, "huisartsenpostGemiddeldeAfstandInKm": 13.3, "apotheekGemiddeldeAfstandInKm": 7.6, "ziekenhuisInclBuitenpolikliniekGemAfstInKm": 10.6, "ziekenhuisInclBuitenpoliGemAantalBinnen5Km": 0.0, "ziekenhuisInclBuitenpoliGemAantalBinnen10Km": 0.3, "ziekenhuisInclBuitenpoliGemAantalBinnen20Km": 4.3, "ziekenhuisExclBuitenpolikliniekGemAfstInKm": 10.6, "ziekenhuisExclBuitenpoliGemAantalBinnen5Km": 0.0, "ziekenhuisExclBuitenpoliGemAantalBinnen10Km": 0.3, "ziekenhuisExclBuitenpoliGemAantalBinnen20Km": 2.0, "groteSupermarktGemiddeldeAfstandInKm": 2.0, "groteSupermarktGemiddeldAantalBinnen1Km": 0.1, "groteSupermarktGemiddeldAantalBinnen3Km": 1.3, "groteSupermarktGemiddeldAantalBinnen5Km": 2.6, "winkelsOvDagelijkseLevensmGemAfstInKm": 2.0, "winkelsOvDagelLevensmGemAantalBinnen1Km": 0.1, "winkelsOvDagelLevensmGemAantalBinnen3Km": 1.0, "winkelsOvDagelLevensmGemAantalBinnen5Km": 2.9, "warenhuisGemiddeldeAfstandInKm": 7.7, "warenhuisGemiddeldAantalBinnen5Km": 0.0, "warenhuisGemiddeldAantalBinnen10Km": 2.2, "warenhuisGemiddeldAantalBinnen20Km": 9.8, "cafeGemiddeldeAfstandInKm": 7.4, "cafeGemiddeldAantalBinnen1Km": 0.0, "cafeGemiddeldAantalBinnen3Km": 0.0, "cafeGemiddeldAantalBinnen5Km": 0.0, "cafetariaGemiddeldeAfstandInKm": 3.0, "cafetariaGemiddeldAantalBinnen1Km": 0.0, "cafetariaGemiddeldAantalBinnen3Km": 0.6, "cafetariaGemiddeldAantalBinnen5Km": 1.8, "restaurantGemiddeldeAfstandInKm": 2.1, "restaurantGemiddeldAantalBinnen1Km": 0.1, "restaurantGemiddeldAantalBinnen3Km": 1.2, "restaurantGemiddeldAantalBinnen5Km": 3.7, "hotelGemiddeldeAfstandInKm": 2.2, "hotelGemiddeldAantalBinnen5Km": 3.2, "hotelGemiddeldAantalBinnen10Km": 24.1, "hotelGemiddeldAantalBinnen20Km": 38.2, "kinderdagverblijfGemiddeldeAfstandInKm": 2.0, "kinderdagverblijfGemiddeldAantalBinnen1Km": 0.2, "kinderdagverblijfGemiddeldAantalBinnen3Km": 2.3, "kinderdagverblijfGemiddeldAantalBinnen5Km": 4.1, "buitenschoolseOpvangGemAfstandInKm": 2.0, "buitenschoolseOpvangGemiddeldAantalBinnen1Km": 0.1, "buitenschoolseOpvangGemiddeldAantalBinnen3Km": 1.3, "buitenschoolseOpvangGemiddeldAantalBinnen5Km": 3.1, "basisonderwijsGemiddeldeAfstandInKm": 2.0, "basisonderwijsGemiddeldAantalBinnen1Km": 0.1, "basisonderwijsGemiddeldAantalBinnen3Km": 1.3, "basisonderwijsGemiddeldAantalBinnen5Km": 3.3, "voortgezetOnderwijsGemAfstandInKm": 6.7, "voortgezetOnderwijsGemiddeldAantalBinnen3Km": 0.0, "voortgezetOnderwijsGemiddeldAantalBinnen5Km": 0.0, "voortgezetOnderwijsGemiddeldAantalBinnen10Km": 8.8, "vmboGemiddeldeAfstandInKm": 7.5, "vmboGemiddeldAantalBinnen3Km": 0.0, "vmboGemiddeldAantalBinnen5Km": 0.0, "vmboGemiddeldAantalBinnen10Km": 6.8, "havoVwoGemiddeldeAfstandInKm": 6.7, "havoVwoGemiddeldAantalBinnen3Km": 0.0, "havoVwoGemiddeldAantalBinnen5Km": 0.0, "havoVwoGemiddeldAantalBinnen10Km": 7.3, "brandweerkazerneGemiddeldeAfstandInKm": 5.5, "opritHoofdverkeerswegGemiddeldeAfstandInKm": 1.9, "treinstationGemiddeldeAfstandInKm": 9.1, "overstapstationGemiddeldeAfstandInKm": 9.1, "zwembadGemiddeldeAfstandInKm": 7.7, "kunstijsbaanGemiddeldeAfstandInKm": 14.3, "bibliotheekGemiddeldeAfstandInKm": 1.9, "poppodiumGemiddeldeAfstandInKm": 7.7, "bioscoopGemiddeldeAfstandInKm": 8.0, "bioscoopGemiddeldAantalBinnen5Km": 0.0, "bioscoopGemiddeldAantalBinnen10Km": 2.0, "bioscoopGemiddeldAantalBinnen20Km": 6.8, "saunaGemiddeldeAfstandInKm": 9.8, "zonnebankGemiddeldeAfstandInKm": 7.8, "attractieparkGemiddeldeAfstandInKm": 6.4, "attractieparkGemiddeldAantalBinnen10Km": 2.0, "attractieparkGemiddeldAantalBinnen20Km": 5.2, "attractieparkGemiddeldAantalBinnen50Km": 26.0, "theaterGemiddeldeAfstandInKm": 7.7, "theaterGemiddeldAantalBinnen5Km": 0.0, "theaterGemiddeldAantalBinnen10Km": 7.4, "theaterGemiddeldAantalBinnen20Km": 11.6, "gemiddeldeAfstandTotMuseum": 7.3, "gemiddeldAantalMuseaBinnen5Km": 0.0, "gemiddeldAantalMuseaBinnen10Km": 6.5, "gemiddeldAantalMuseaBinnen20Km": 12.0, "afstandTotOpenbaarGroenTotaal": -99997.0, "afstandTotParkOfPlantsoen": -99997.0, "afstandTotDagrcreatiefTerrein": -99997.0, "afstandTotBos": -99997.0, "afstandTotOpenNatuurTerreinTotaal": -99997.0, "afstandTotOpenDroogNatuurTerrein": -99997.0, "afstandTotOpenNatNatuurlijkTerrein": -99997.0, "afstandTotSemiopenbaarGroenTotaal": -99997.0, "afstandTotSportterrein": -99997.0, "afstandTotVolkstuin": -99997.0, "afstandTotVerblijfsrecreatiefTerrein": -99997.0, "afstandTotRecreatiefBinnenwater": -99997.0, "afstandTotBegraafplaats": -99997.0, "jrstatcode": "2024WK194504", "jaar": 2024, "aantalNieuwbouwWoningen": 5.0, "aantalNietWoningvoorraad": 9, "aantalNieuwbouwNietWoningen": 0, "percEengezinswoningTussenwoning": 14.0, "percEengezinswoningHoekwoning": 13.0, "percEengezinswoning2Onder1Kap": 16.0, "percEengezinswoningVrijstaand": 48.0, "percBouwjaarMeerDan10JaarGeleden": 97.0, "percBouwjaarAfgelopen10Jaar": 3.0, "percentageOnbewoond": 3, "gemiddeldAardgasverbruik": 1130, "percentageAardgaswoningen": -99997.0, "percentageAardgasvrijeWoningen": -99997.0, "gemiddeldeElektriciteitslevering": 3480.0, "gemiddeldeElektriciteitsteruglevering": 1720.0, "percentageWoningenMetZonnestroom": -99997.0, "aantalLeerlingenPrimairOnderwijs": 20, "aantalLeerlingenVoortgezetOnderwijs": 10, "aantalStudentenMbo": 0, "aantalStudentenHbo": 0, "aantalStudentenWo": 0 }, "geometry": { "type": "MultiPolygon", "coordinates": [ [ [ [ 5.955797829743902, 51.856625440706367 ], [ 5.956076090277444, 51.856471997719304 ], [ 5.957006282368267, 51.856083559154605 ], [ 5.95791213368367, 51.855709118764317 ], [ 5.959173208982237, 51.855373658770368 ], [ 5.96024554917352, 51.855155463163598 ], [ 5.96094200363651, 51.855031731451277 ], [ 5.961805246132202, 51.854883818010272 ], [ 5.962779849156584, 51.854731747748353 ], [ 5.9630598502296, 51.85469895042791 ], [ 5.963776421647844, 51.854636323969835 ], [ 5.964492813448588, 51.854575689466358 ], [ 5.966247298301153, 51.854449297145514 ], [ 5.966995098524898, 51.854450926687598 ], [ 5.967447738609129, 51.854451916706147 ], [ 5.968087252535581, 51.854493794877001 ], [ 5.968733683084568, 51.854548506868156 ], [ 5.969103986385573, 51.854582598687742 ], [ 5.96972879708846, 51.854654544525374 ], [ 5.970333589128074, 51.854754181282658 ], [ 5.971656260450278, 51.855054398837424 ], [ 5.972217669798794, 51.855227291700963 ], [ 5.974092172858015, 51.855785487318144 ], [ 5.974353048074643, 51.855863170185458 ], [ 5.974092099286511, 51.855785299825726 ], [ 5.974091558658653, 51.855785138937783 ], [ 5.973440940888029, 51.854132651199912 ], [ 5.973427760801845, 51.854099189814704 ], [ 5.972746437482422, 51.852369853858384 ], [ 5.972709242258673, 51.852275435127545 ], [ 5.971778589190402, 51.84991302516768 ], [ 5.97173428393125, 51.849800538621494 ], [ 5.971677567012673, 51.849656546139926 ], [ 5.971667481406056, 51.849630943092123 ], [ 5.971591207860194, 51.849645254242191 ], [ 5.971454426886547, 51.849669521162532 ], [ 5.971211250996562, 51.849713184341098 ], [ 5.970937673562577, 51.84976171721015 ], [ 5.970556219075566, 51.849830596426045 ], [ 5.97029781608272, 51.849874334290895 ], [ 5.970008951639192, 51.849918221059937 ], [ 5.969819019067538, 51.849956906939845 ], [ 5.969644596205483, 51.850014373480498 ], [ 5.969530837833849, 51.850052671841333 ], [ 5.969401720282428, 51.850081618213693 ], [ 5.969332275859557, 51.850094276975831 ], [ 5.969318038307653, 51.850056155324332 ], [ 5.969309500537238, 51.850033312869876 ], [ 5.96930721563311, 51.850024973856996 ], [ 5.969305722939633, 51.850019534210531 ], [ 5.969275610340588, 51.849909807750969 ], [ 5.969358266935641, 51.849907743883456 ], [ 5.969262485399652, 51.849687217922956 ], [ 5.969994823234716, 51.849510788011031 ], [ 5.970340139792245, 51.849448731803548 ], [ 5.970684955817716, 51.849383963426895 ], [ 5.971276142496009, 51.84927254011783 ], [ 5.971955882394625, 51.849128313908352 ], [ 5.972478419481483, 51.848997218070508 ], [ 5.972986869210057, 51.848862289185469 ], [ 5.973323548798176, 51.848772943025807 ], [ 5.974038390263954, 51.848610390522616 ], [ 5.975004350875434, 51.848401246971093 ], [ 5.974419549156861, 51.848106052627415 ], [ 5.973607305483292, 51.847696030054834 ], [ 5.973382550892813, 51.847583007445522 ], [ 5.971706195987618, 51.846739965413839 ], [ 5.971448458438245, 51.84661200265009 ], [ 5.970414762262564, 51.846098775378749 ], [ 5.969867384877125, 51.845825591252201 ], [ 5.969751356298777, 51.845763768857275 ], [ 5.969686065784373, 51.84572457034772 ], [ 5.969621230725904, 51.84567569787616 ], [ 5.969593351970047, 51.845640771052764 ], [ 5.969572679706348, 51.845599868835436 ], [ 5.969570548715768, 51.845533858608093 ], [ 5.969722843014399, 51.844809363700769 ], [ 5.96992880472258, 51.844719245867864 ], [ 5.96994222394681, 51.844663854780968 ], [ 5.969949676469238, 51.84463306888361 ], [ 5.970241203640485, 51.843429170070756 ], [ 5.970926012455922, 51.843246047908032 ], [ 5.971164194296063, 51.843182518377482 ], [ 5.97201038008571, 51.842956979629903 ], [ 5.972849079558499, 51.842732209168979 ], [ 5.972927793760439, 51.842710225828526 ], [ 5.97338525506606, 51.842578964998793 ], [ 5.973579973423386, 51.842529076522553 ], [ 5.97372471720259, 51.842508597244461 ], [ 5.97382823257877, 51.842507935998334 ], [ 5.97390540429635, 51.842526893534945 ], [ 5.973987099438234, 51.842570025560597 ], [ 5.974084867873688, 51.842621643226558 ], [ 5.974086603716815, 51.842612313426102 ], [ 5.974244803377069, 51.842522453755294 ], [ 5.97423328032498, 51.842514027113552 ], [ 5.974150794878649, 51.842453695139525 ], [ 5.974109885381041, 51.842430161009169 ], [ 5.97406729458052, 51.84240566451048 ], [ 5.974059945402519, 51.842404056360465 ], [ 5.975996497178986, 51.840807383025741 ], [ 5.976394751918922, 51.839859582150822 ], [ 5.975817092558466, 51.839802257940988 ], [ 5.975681624903518, 51.839129497420707 ], [ 5.975684809823851, 51.839111171775592 ], [ 5.975738903561314, 51.838800399165962 ], [ 5.974409932111164, 51.837520787865323 ], [ 5.974018075220287, 51.837741735314182 ], [ 5.973407939990837, 51.837470086895642 ], [ 5.972208649662485, 51.83698958504538 ], [ 5.971685026626057, 51.836857555019989 ], [ 5.971024326662964, 51.836799820987196 ], [ 5.969802266530244, 51.836645314684226 ], [ 5.969749128573759, 51.835931537319198 ], [ 5.96965376868517, 51.835918905418332 ], [ 5.969587202367917, 51.835910085490696 ], [ 5.969521798831587, 51.835901421548648 ], [ 5.969393364953393, 51.835917267496747 ], [ 5.969360737558971, 51.835918687777529 ], [ 5.969348805990879, 51.835902476805636 ], [ 5.969338989757603, 51.83588165499927 ], [ 5.969299121045523, 51.835862886957699 ], [ 5.969242032783801, 51.835858819698494 ], [ 5.969197270583855, 51.83585984171156 ], [ 5.969172831258055, 51.835863881936504 ], [ 5.969149996032307, 51.83586293454541 ], [ 5.969147273211227, 51.835854220170368 ], [ 5.969149959691308, 51.835843168910387 ], [ 5.969141329548429, 51.83583227265089 ], [ 5.969108048531952, 51.835834756751879 ], [ 5.969078158855276, 51.835838068949073 ], [ 5.968852188539294, 51.835854604690319 ], [ 5.968844880312915, 51.835853822960132 ], [ 5.968933972275262, 51.835834028050392 ], [ 5.9693006527284, 51.835742297098079 ], [ 5.969619497278711, 51.835660833665486 ], [ 5.96972710668552, 51.835635778718384 ], [ 5.96986321565066, 51.835606528318195 ], [ 5.970039674906944, 51.83559526206701 ], [ 5.970268193887739, 51.835591924533965 ], [ 5.970501201345542, 51.835583386839161 ], [ 5.97061598723217, 51.835583715013428 ], [ 5.970636237940323, 51.835580044968872 ], [ 5.970651780469079, 51.835573577725654 ], [ 5.970659836733278, 51.835563785090578 ], [ 5.97066034965197, 51.835549508724995 ], [ 5.970653712599856, 51.835536697092238 ], [ 5.970631923876732, 51.835527034882567 ], [ 5.970578820711516, 51.835512485788819 ], [ 5.970015461185321, 51.835460886695401 ], [ 5.970045098777375, 51.835429153721009 ], [ 5.969595500259012, 51.835451125016142 ], [ 5.970706597217679, 51.834552457640605 ], [ 5.97088247434413, 51.834410191178804 ], [ 5.970741353164827, 51.834362680323892 ], [ 5.970435814329226, 51.834263006384283 ], [ 5.970316826861271, 51.834225899803499 ], [ 5.97020124007501, 51.83420266351483 ], [ 5.970021458958957, 51.834169831627804 ], [ 5.969873916399894, 51.834152704164666 ], [ 5.969761675663857, 51.834141351667391 ], [ 5.969773331259742, 51.834105635321983 ], [ 5.969773664809022, 51.834104614364399 ], [ 5.969773999785824, 51.834103591602023 ], [ 5.969779988156286, 51.834085360954909 ], [ 5.969795567269179, 51.834038012818731 ], [ 5.969823981895277, 51.834006124170614 ], [ 5.969877736120853, 51.833952285482404 ], [ 5.969960328099591, 51.833900290012579 ], [ 5.970055652998215, 51.833842271824338 ], [ 5.970151183230758, 51.833800135305189 ], [ 5.97024999637941, 51.833763923825828 ], [ 5.970485924481267, 51.83368140483222 ], [ 5.970799659333237, 51.833571910249916 ], [ 5.971026172582791, 51.83350530088331 ], [ 5.971102853346735, 51.833491031995628 ], [ 5.971201896756281, 51.833472687802185 ], [ 5.971297785231096, 51.833458315092145 ], [ 5.971384198502684, 51.833453920930239 ], [ 5.971659557364926, 51.833448585673317 ], [ 5.97186135003047, 51.833451544272997 ], [ 5.971973423648065, 51.833448999291186 ], [ 5.972110947434067, 51.83342977042124 ], [ 5.972017890712946, 51.833417505592124 ], [ 5.971884286188846, 51.833399897715132 ], [ 5.971509923815473, 51.833350563836539 ], [ 5.971440486930783, 51.833347233292329 ], [ 5.971232524866095, 51.833337266643767 ], [ 5.971166491922685, 51.833337981819355 ], [ 5.971098930921787, 51.833347288628403 ], [ 5.97101671477525, 51.833367661318107 ], [ 5.97089198184659, 51.833406519190284 ], [ 5.970118920669072, 51.833668100087309 ], [ 5.968961695847192, 51.834074840742652 ], [ 5.968669106461509, 51.834177574062927 ], [ 5.968096376497583, 51.834390122762251 ], [ 5.967075996360002, 51.834844552443045 ], [ 5.965602445120316, 51.835567457629999 ], [ 5.964189446735104, 51.836280869043371 ], [ 5.963261772404341, 51.836769289323222 ], [ 5.962978205974486, 51.836913959386578 ], [ 5.963145048133961, 51.837052238257293 ], [ 5.963192196378023, 51.8370913227063 ], [ 5.962994483422191, 51.837206545528382 ], [ 5.962687020821257, 51.837393604336846 ], [ 5.962400134516198, 51.837574161622292 ], [ 5.962236282229928, 51.837683735044997 ], [ 5.962031775698374, 51.837844697137889 ], [ 5.961867825353739, 51.837947870676238 ], [ 5.961673060833919, 51.838063994526088 ], [ 5.961457730559173, 51.838186618537449 ], [ 5.961232054136966, 51.838309292761949 ], [ 5.961006242405879, 51.838419167529018 ], [ 5.960790486631113, 51.838509802170968 ], [ 5.96056449533447, 51.838606877277599 ], [ 5.960296618098885, 51.838680346785623 ], [ 5.960425845027822, 51.838758076743325 ], [ 5.96033124440153, 51.838784722451386 ], [ 5.960252719306443, 51.838804287505788 ], [ 5.960218744416014, 51.838815167759044 ], [ 5.960213281766952, 51.838816911245651 ], [ 5.960200853796581, 51.838820899925544 ], [ 5.960172739001966, 51.838830484165435 ], [ 5.959460626092904, 51.839191415363828 ], [ 5.959376471700867, 51.839234071865995 ], [ 5.959280043092563, 51.839280284688989 ], [ 5.959264445317088, 51.839289484096788 ], [ 5.959144818243972, 51.839343989470343 ], [ 5.958992487693344, 51.8394135939308 ], [ 5.958972784566208, 51.839397861127054 ], [ 5.958949491344016, 51.839379251504248 ], [ 5.958912271994331, 51.839349510011814 ], [ 5.958638127337366, 51.839333407612735 ], [ 5.958369323214522, 51.839344801476088 ], [ 5.958346695472532, 51.839345459916245 ], [ 5.958301739199663, 51.839350919042353 ], [ 5.958196764184649, 51.839356059002171 ], [ 5.958192702036143, 51.83935497317897 ], [ 5.958041875310484, 51.839369342620564 ], [ 5.957978998695279, 51.839371365293623 ], [ 5.957547066202776, 51.839406588268034 ], [ 5.956749009865121, 51.839493581521403 ], [ 5.956378268665779, 51.839533644606632 ], [ 5.956047605538752, 51.83956230353445 ], [ 5.955741661588973, 51.839578985887655 ], [ 5.955397746692253, 51.839593604178638 ], [ 5.95503388961368, 51.839598646303415 ], [ 5.954761103481923, 51.839597080710412 ], [ 5.954519930770481, 51.839593986399812 ], [ 5.954284282651837, 51.839587125665233 ], [ 5.953732233190848, 51.839554701040619 ], [ 5.953357802203744, 51.839535825593209 ], [ 5.953098747487974, 51.839520734052897 ], [ 5.952997303789271, 51.839514823399874 ], [ 5.95297463628112, 51.839513368690511 ], [ 5.952945976669752, 51.840296236304624 ], [ 5.95294047005549, 51.840481606366708 ], [ 5.952934396592227, 51.840691158305184 ], [ 5.952934976697674, 51.840864364496234 ], [ 5.95293755393863, 51.841473684542784 ], [ 5.952955356785562, 51.842138695974782 ], [ 5.952958305211605, 51.842260278582948 ], [ 5.952971372197163, 51.842561070637366 ], [ 5.952328218084678, 51.842489537975077 ], [ 5.951914919042498, 51.841724627268448 ], [ 5.951504996358832, 51.840973270626009 ], [ 5.951400286496758, 51.840943303008054 ], [ 5.950292396588081, 51.84097206665831 ], [ 5.950966953493165, 51.8393685188665 ], [ 5.950955734097049, 51.839367242466793 ], [ 5.950834719553377, 51.83935345114395 ], [ 5.950647680975234, 51.839330206213937 ], [ 5.950169696660222, 51.8392593787122 ], [ 5.950014593541106, 51.839237103120851 ], [ 5.948298701117962, 51.838990666614336 ], [ 5.947776147600877, 51.838917399870745 ], [ 5.947605696502007, 51.838889405811543 ], [ 5.947404375696408, 51.838853864705591 ], [ 5.947183458167386, 51.838810650688721 ], [ 5.946447035419236, 51.838652567029825 ], [ 5.946097735567196, 51.838577855753982 ], [ 5.945911747735635, 51.838542940167393 ], [ 5.945503722631329, 51.838481872674478 ], [ 5.94500989842547, 51.838425283472347 ], [ 5.944487453136116, 51.83838323674135 ], [ 5.944451784969217, 51.838386426281907 ], [ 5.944443277973269, 51.838393009430952 ], [ 5.944443982428073, 51.8384043235408 ], [ 5.944460088273367, 51.838430097160398 ], [ 5.944492584277739, 51.838463695649239 ], [ 5.944519192010416, 51.838484503556884 ], [ 5.944563034076926, 51.838514397895267 ], [ 5.944629956496673, 51.838550905994069 ], [ 5.944737512908304, 51.838600766702115 ], [ 5.944901407458985, 51.838677190314115 ], [ 5.944988216011705, 51.838720102397524 ], [ 5.945058832461978, 51.838760754381369 ], [ 5.94511050344697, 51.83879124049281 ], [ 5.945189421395046, 51.838837866252831 ], [ 5.945686333896997, 51.839125517088853 ], [ 5.945910418216068, 51.839256716531224 ], [ 5.946074678310413, 51.839352884568179 ], [ 5.946375469570872, 51.839531060338381 ], [ 5.946490523484451, 51.839601251723863 ], [ 5.946583384137105, 51.839665023125789 ], [ 5.946672515629816, 51.839726439263494 ], [ 5.946924841656346, 51.839928718228414 ], [ 5.94702320905897, 51.84001047602635 ], [ 5.947134289015742, 51.840113314098538 ], [ 5.947176456703512, 51.840158819539383 ], [ 5.947208221744567, 51.840202100513736 ], [ 5.947248738647563, 51.840260701103183 ], [ 5.947275340968338, 51.840300716898277 ], [ 5.947304935339495, 51.840335009791929 ], [ 5.947303896117344, 51.840345953790425 ], [ 5.947295659105027, 51.840354523219574 ], [ 5.947269981739557, 51.840365540772233 ], [ 5.947284931487341, 51.840381127432295 ], [ 5.94731825432244, 51.840407304762032 ], [ 5.947356061452382, 51.840431186578577 ], [ 5.947447525821005, 51.840471135379069 ], [ 5.947476298696328, 51.840481487613602 ], [ 5.94750392244108, 51.84044147361984 ], [ 5.947866939860257, 51.840412684219316 ], [ 5.948283085496548, 51.840515896873264 ], [ 5.949065692082525, 51.840675356918062 ], [ 5.949517146709241, 51.840799293569511 ], [ 5.949313844826584, 51.841124268106348 ], [ 5.949695542708318, 51.841238508814499 ], [ 5.949819048487254, 51.84128174478677 ], [ 5.949939091781112, 51.841324251186499 ], [ 5.95005556766832, 51.841379691090232 ], [ 5.9502927235505, 51.841513381241015 ], [ 5.950419164180009, 51.841597401431102 ], [ 5.95047217981989, 51.84164782428482 ], [ 5.950774642522496, 51.84190705734089 ], [ 5.950965042040368, 51.842097032135023 ], [ 5.951060099227908, 51.842193912186787 ], [ 5.951155360997165, 51.842302458287968 ], [ 5.951272435789654, 51.842445918766153 ], [ 5.951345490454521, 51.842536630355724 ], [ 5.951431243631195, 51.842638867055648 ], [ 5.951505843660321, 51.842759043598349 ], [ 5.951560766456566, 51.842836956291862 ], [ 5.951487087838188, 51.842888155114721 ], [ 5.949366844254587, 51.844361429681719 ], [ 5.948633365189866, 51.844691682931696 ], [ 5.947404665778472, 51.845244883958102 ], [ 5.946704573411608, 51.84555826586918 ], [ 5.946664480323897, 51.845562241181803 ], [ 5.946618597268583, 51.845567303828204 ], [ 5.946572752861035, 51.845576645707425 ], [ 5.946527362314666, 51.845587360649169 ], [ 5.946480061606732, 51.845602138499842 ], [ 5.946436262711841, 51.845618436680816 ], [ 5.94639427649485, 51.845636964349637 ], [ 5.946329432324311, 51.845667097230574 ], [ 5.946281743443395, 51.845693867537136 ], [ 5.946235185170798, 51.845722870579706 ], [ 5.946184564163423, 51.845755443421254 ], [ 5.946145955841438, 51.845785397297128 ], [ 5.946108992186311, 51.845814570314509 ], [ 5.946074437162982, 51.845846050887495 ], [ 5.946048392122055, 51.845875657266951 ], [ 5.946023481700005, 51.845911325488792 ], [ 5.946009454669871, 51.845934178182397 ], [ 5.945975500167463, 51.845891285746227 ], [ 5.945041623180704, 51.844711643883031 ], [ 5.944996127090621, 51.844654180803978 ], [ 5.9444474838607, 51.84396110276397 ], [ 5.94435577223304, 51.843845244736606 ], [ 5.943287627011082, 51.842495839888464 ], [ 5.943094203936824, 51.842255935832021 ], [ 5.94281466176288, 51.841909233136334 ], [ 5.942783328456147, 51.841925272299704 ], [ 5.942744475488235, 51.84192837751521 ], [ 5.942684711558901, 51.84194074101103 ], [ 5.942611868010239, 51.841956106530141 ], [ 5.942592998687131, 51.841960537295492 ], [ 5.942564038896261, 51.841959721573595 ], [ 5.942549289448136, 51.841948636620785 ], [ 5.942503532066078, 51.841970568533696 ], [ 5.942451700405395, 51.841997806331996 ], [ 5.942407781441426, 51.842023029194856 ], [ 5.942397551047803, 51.842028911149228 ], [ 5.942345714660925, 51.84206519137598 ], [ 5.942297911074234, 51.842102549102499 ], [ 5.9422521332168, 51.842141793805396 ], [ 5.942210479108474, 51.842182430184259 ], [ 5.942165058327744, 51.842227111219479 ], [ 5.942106346836883, 51.842288411943422 ], [ 5.942053364145227, 51.842344759839662 ], [ 5.942013911708329, 51.842388630592581 ], [ 5.941966066266319, 51.842441484589777 ], [ 5.941922697484586, 51.842489041142422 ], [ 5.941879606940019, 51.842543877065815 ], [ 5.941838418057845, 51.842597598396416 ], [ 5.941794799482744, 51.842655528834385 ], [ 5.941784387707049, 51.842670265284703 ], [ 5.942047608665229, 51.843005911683761 ], [ 5.942343386949374, 51.843382947521448 ], [ 5.942560724290549, 51.843661525078687 ], [ 5.942820833501717, 51.844026180535636 ], [ 5.943013683638008, 51.844296756555622 ], [ 5.943171543913125, 51.844515319673818 ], [ 5.943199360051271, 51.844553829534661 ], [ 5.944178242019412, 51.845909078765516 ], [ 5.943726815633532, 51.84632193192833 ], [ 5.9435654103206, 51.846457237389707 ], [ 5.942238383987997, 51.8458515658171 ], [ 5.942230187867137, 51.845857608012672 ], [ 5.941948420377993, 51.846065307692385 ], [ 5.941675897050877, 51.846267300239255 ], [ 5.940854425339964, 51.847019787246836 ], [ 5.942190662825472, 51.847515745804209 ], [ 5.942237813445993, 51.847533248168311 ], [ 5.942270661462178, 51.847545443030107 ], [ 5.942712343869256, 51.847709730574572 ], [ 5.943172108765495, 51.847880744096543 ], [ 5.943184822573266, 51.847885474744281 ], [ 5.943190522043935, 51.84788748813574 ], [ 5.943521046681793, 51.848004102794 ], [ 5.943563202371225, 51.848018976693531 ], [ 5.943584923038113, 51.848026638898453 ], [ 5.943402139381183, 51.848126019463677 ], [ 5.943343614428763, 51.848155913982353 ], [ 5.943297163454877, 51.848183387280088 ], [ 5.943259134860432, 51.848210074605944 ], [ 5.943230376992611, 51.848230632770459 ], [ 5.943199877312777, 51.848257754504544 ], [ 5.94319967633828, 51.848257933429331 ], [ 5.943199484082321, 51.848258113211607 ], [ 5.943163726542372, 51.848291252489638 ], [ 5.94313452367417, 51.848325142707274 ], [ 5.94311201781048, 51.848353679993295 ], [ 5.943089101407566, 51.848393634634448 ], [ 5.943049934747266, 51.848472748305419 ], [ 5.942968171480076, 51.848628268327282 ], [ 5.942927903483885, 51.848692268486708 ], [ 5.942869440972014, 51.848776686801514 ], [ 5.942809144459705, 51.848854812819269 ], [ 5.942742389343254, 51.848934119907909 ], [ 5.942690691645444, 51.848992843896255 ], [ 5.942639801685423, 51.849038234070676 ], [ 5.942598650281114, 51.849069520098269 ], [ 5.942559018581828, 51.849094587856236 ], [ 5.942515152250496, 51.849118749820761 ], [ 5.942458285910742, 51.849144420426775 ], [ 5.942414292038427, 51.849164133641864 ], [ 5.942369565708061, 51.849179769519651 ], [ 5.942313618647597, 51.84919526070798 ], [ 5.94224650535581, 51.849213968637137 ], [ 5.942151144777485, 51.84923458982842 ], [ 5.942049169002466, 51.849253102950911 ], [ 5.941860935189248, 51.849288940069613 ], [ 5.941809579606507, 51.849301227382369 ], [ 5.941762302257513, 51.849314807724596 ], [ 5.941713585647729, 51.849334084577357 ], [ 5.941674260249685, 51.849353442879696 ], [ 5.941629171004334, 51.849379713599937 ], [ 5.941577208791433, 51.849415940088249 ], [ 5.941550011900657, 51.849434917469317 ], [ 5.941524957391823, 51.849458154268952 ], [ 5.941448430272497, 51.849529111489481 ], [ 5.941170747075088, 51.849810208007042 ], [ 5.94102563044918, 51.849968731189371 ], [ 5.940899862283745, 51.850119208069259 ], [ 5.940729062522356, 51.85034213787938 ], [ 5.940607380765727, 51.850507596985373 ], [ 5.940584679966441, 51.850540566025785 ], [ 5.94049442797567, 51.8506582736482 ], [ 5.940463215418929, 51.850698985946103 ], [ 5.940318944461144, 51.850867706193483 ], [ 5.940284981317445, 51.850887875578955 ], [ 5.940367746432472, 51.850893103328204 ], [ 5.940386715989803, 51.850867100038919 ], [ 5.94043288779116, 51.850886216687101 ], [ 5.940446732049425, 51.850891949015853 ], [ 5.940781649976164, 51.851030590512451 ], [ 5.940923871883447, 51.851089468475699 ], [ 5.94122248253137, 51.85123905723988 ], [ 5.941234325160195, 51.85124487982165 ], [ 5.941235910983631, 51.851245658830088 ], [ 5.941237493904634, 51.851246437852467 ], [ 5.941250593864945, 51.851252882793986 ], [ 5.941239915740318, 51.85125912628736 ], [ 5.941186178966415, 51.851290525144059 ], [ 5.941206137573405, 51.851300211331548 ], [ 5.941214241356077, 51.851304145999876 ], [ 5.941257534637468, 51.851325172489332 ], [ 5.941446420084504, 51.85142168014189 ], [ 5.941636961187847, 51.851519384131308 ], [ 5.941840800482014, 51.851621986626888 ], [ 5.94202105569597, 51.851712871382176 ], [ 5.942099477967867, 51.851753029824245 ], [ 5.942157056907511, 51.851782518537206 ], [ 5.942176121456932, 51.851768981575646 ], [ 5.942237810529519, 51.851724520306398 ], [ 5.94364476750478, 51.852430116781143 ], [ 5.94400785093484, 51.852612200871462 ], [ 5.944021039332351, 51.85261880777793 ], [ 5.944067264844306, 51.852641994544534 ], [ 5.94410325354418, 51.852660042597357 ], [ 5.944081735422436, 51.852679380114381 ], [ 5.944081499126142, 51.852679638307023 ], [ 5.944081268557388, 51.852679890180518 ], [ 5.94407345611808, 51.852690628072196 ], [ 5.944071627488857, 51.852695337740165 ], [ 5.944070656616263, 51.852700160189059 ], [ 5.944079036582296, 51.852724147618474 ], [ 5.944095583029427, 51.852740554038022 ], [ 5.944110669388146, 51.852748050779823 ], [ 5.944153095361168, 51.852769143241716 ], [ 5.944620742977003, 51.853009470019593 ], [ 5.944621233792597, 51.853009722063369 ], [ 5.944621723179051, 51.853009975911633 ], [ 5.944723378084631, 51.853062214283391 ], [ 5.944908953331651, 51.853157578890951 ], [ 5.944912624973947, 51.853155188476599 ], [ 5.945005918056024, 51.853202581981733 ], [ 5.945145237305335, 51.853273360452249 ], [ 5.945441872717679, 51.853424053514196 ], [ 5.946146624602522, 51.853780401614571 ], [ 5.946239493005294, 51.853827283821502 ], [ 5.946649675996122, 51.854034330230313 ], [ 5.947336013700289, 51.854380251427813 ], [ 5.947495524492036, 51.854462175387127 ], [ 5.947573481912312, 51.854501524342794 ], [ 5.947574149447101, 51.85450186092141 ], [ 5.947574513181459, 51.854502046145846 ], [ 5.947574814090395, 51.854502198412682 ], [ 5.947580597029312, 51.854505119933044 ], [ 5.94758763614714, 51.854508673639543 ], [ 5.947622283267811, 51.854526107715998 ], [ 5.947670693511809, 51.854548419742066 ], [ 5.947717761282505, 51.854568994388138 ], [ 5.947741024276644, 51.854578857841119 ], [ 5.947789175915506, 51.854599277174245 ], [ 5.947849475906593, 51.854624049120901 ], [ 5.947902093282867, 51.854642664653909 ], [ 5.947965286215628, 51.854664285730351 ], [ 5.948032320369557, 51.854685474946926 ], [ 5.948113068188372, 51.854711056890103 ], [ 5.9482161403688, 51.854736621956938 ], [ 5.948418500857634, 51.854776453376374 ], [ 5.948812142244475, 51.854838227116858 ], [ 5.948838146541342, 51.854842309308076 ], [ 5.94889148224498, 51.854850970678633 ], [ 5.948947086933108, 51.854859998683054 ], [ 5.948930091580555, 51.854876330355296 ], [ 5.948951579286014, 51.854879176644758 ], [ 5.949004313721135, 51.854886177967153 ], [ 5.949253067788605, 51.854942378669449 ], [ 5.94932979619129, 51.854962163458914 ], [ 5.949405377505918, 51.854984236775188 ], [ 5.949475802239049, 51.855004851641752 ], [ 5.94954858099701, 51.855029149466269 ], [ 5.949632202687427, 51.855060406327567 ], [ 5.949828568398636, 51.855136369108486 ], [ 5.949854944146615, 51.855146572269454 ], [ 5.949890452566901, 51.855116686019301 ], [ 5.949906881977387, 51.855124651972318 ], [ 5.950182649072306, 51.855258390940662 ], [ 5.950360102308764, 51.855364116429676 ], [ 5.950369760522277, 51.85535642985208 ], [ 5.950669946299067, 51.855501825465105 ], [ 5.950701783130286, 51.855517240724588 ], [ 5.951482210572983, 51.855885435963103 ], [ 5.951659777496949, 51.855968534863926 ], [ 5.951775887683823, 51.856022869265651 ], [ 5.951819648137526, 51.856043350321194 ], [ 5.951828073959641, 51.856048514137541 ], [ 5.951861826192938, 51.856068441091857 ], [ 5.951894242574556, 51.856086019473267 ], [ 5.95193333687798, 51.856109435214293 ], [ 5.951968112417964, 51.856132242527309 ], [ 5.95199280356791, 51.856148428879635 ], [ 5.95203431172648, 51.856175644101427 ], [ 5.952099662418108, 51.856218501423371 ], [ 5.952123504804779, 51.85623413454546 ], [ 5.952141602198085, 51.856241930365897 ], [ 5.952167697530487, 51.856253175229426 ], [ 5.952174820920615, 51.856255181333488 ], [ 5.952200487654286, 51.856262347467833 ], [ 5.952441335808369, 51.856329590429027 ], [ 5.952518592590494, 51.856279044471478 ], [ 5.952611959906673, 51.856217958225585 ], [ 5.952764537774785, 51.856107293601887 ], [ 5.952883626130562, 51.856019638987874 ], [ 5.952904162575399, 51.85600667744599 ], [ 5.952964507809681, 51.855967700018311 ], [ 5.953090842321195, 51.855886104473953 ], [ 5.953189751188695, 51.855822564143445 ], [ 5.953302920694409, 51.855759548189667 ], [ 5.953505763021979, 51.855646599748347 ], [ 5.95352228600562, 51.855658474750108 ], [ 5.953542617653336, 51.85567309983454 ], [ 5.95356498377404, 51.855689174833039 ], [ 5.953555620373813, 51.855692798342453 ], [ 5.953570846468836, 51.855702081914544 ], [ 5.953578175934361, 51.855698665067166 ], [ 5.953737994551782, 51.855813564251847 ], [ 5.953823686558617, 51.855875171348544 ], [ 5.953924481160684, 51.855947635495923 ], [ 5.95396277175087, 51.855975162196529 ], [ 5.954071066762872, 51.856053019063452 ], [ 5.955288135233281, 51.856928017258497 ], [ 5.955797829743902, 51.856625440706367 ] ] ] ] } },
{ "type": "Feature", "properties": { "wijkcode": "WK194511", "wijknaam": "Persingen", "gemeentecode": "GM1945", "gemeentenaam": "Berg en Dal", "indelingswijzigingWijkenEnBuurten": 1, "water": "NEE", "omgevingsadressendichtheid": 74, "stedelijkheidAdressenPerKm2": 5, "bevolkingsdichtheidInwonersPerKm2": 24, "aantalInwoners": 90, "mannen": 50, "vrouwen": 40, "percentagePersonen0Tot15Jaar": 4, "percentagePersonen15Tot25Jaar": 12, "percentagePersonen25Tot45Jaar": 18, "percentagePersonen45Tot65Jaar": 36, "percentagePersonen65JaarEnOuder": 29, "percentageOngehuwd": 38, "percentageGehuwd": 55, "percentageGescheid": 3, "percentageVerweduwd": 3, "geboorteTotaal": 0, "geboortesPer1000Inwoners": 0, "sterfteTotaal": 0, "sterfteRelatief": 11, "aantalHuishoudens": 40, "percentageEenpersoonshuishoudens": 31, "percentageHuishoudensZonderKinderen": 43, "percentageHuishoudensMetKinderen": 26, "gemiddeldeHuishoudsgrootte": 2.2, "percentageMetHerkomstlandNederland": 91, "percentageMetHerkomstlandUitEuropaExclNl": 8, "percentageMetHerkomstlandBuitenEuropa": 1, "percentageGebInNlMetHerkomstlandNederland": 91, "percGebInNlMetHerkomstlandInEuropaExNl": 4, "percGebInNlMetHerkomstlandBuitenEuropa": 0, "percGebBuitenNlMetHerkomstlndInEuropaExNl": 3, "percGebBuitenNlMetHerkomstlndBuitenEuropa": 1, "aantalBedrijvenLandbouwBosbouwVisserij": 5, "aantalBedrijvenNijverheidEnergie": 0, "aantalBedrijvenHandelEnHoreca": 5, "aantalBedrijvenVervoerInformatieCommunicatie": 5, "aantalBedrijvenFinancieelOnroerendGoed": 0, "aantalBedrijvenZakelijkeDienstverlening": 10, "aantalBedrijvenOverheidOnderwijsEnZorg": 5, "aantalBedrijvenCultuurRecreatieOverige": 0, "aantalBedrijfsvestigingen": 30, "woningvoorraad": 38, "gemiddeldeWoningwaarde": 515, "percentageEengezinswoning": 100, "percentageMeergezinswoning": 0, "percentageBewoond": -99997, "percentageKoopwoningen": 87, "percentageHuurwoningen": 13, "percHuurwoningenInBezitWoningcorporaties": 0, "percHuurwoningenInBezitOverigeVerhuurders": 13, "percentageWoningenMetEigendomOnbekend": -99997, "percentageBouwjaarklasseTot2000": -99997, "percentageBouwjaarklasseVanaf2000": -99997, "percentageLeegstandWoningen": -99997, "gemiddeldGasverbruikTotaal": -99997, "gemiddeldGasverbruikAppartement": -99997, "gemiddeldGasverbruikTussenwoning": -99997, "gemiddeldGasverbruikHoekwoning": -99997, "gemiddeldGasverbruik2Onder1KapWoning": -99997, "gemiddeldGasverbruikVrijstaandeWoning": -99997, "gemiddeldGasverbruikHuurwoning": -99997, "gemiddeldGasverbruikkoopwoning": -99997, "gemiddeldElektriciteitsverbruikTotaal": -99997, "gemiddeldElektriciteitsverbruikAppartement": -99997, "gemiddeldElektriciteitsverbruikTussenwoning": -99997, "gemiddeldElektriciteitsverbruikHoekwoning": -99997, "gemElektriciteitsverbruik2Onder1KapWoning": -99997, "gemElektriciteitsverbruikVrijstaandeWoning": -99997, "gemiddeldElektriciteitsverbruikHuurwoning": -99997, "gemiddeldElektriciteitsverbruikkoopwoning": -99997, "percentageWoningenMetStadsverwarming": -99997, "opleidingsniveauLaag": -99997, "opleidingsniveauMiddelbaar": -99997, "opleidingsniveauHoog": -99997, "nettoArbeidsparticipatie": -99997, "percentageWerknemers": -99997, "percentageZelfstandigen": -99997, "aantalInkomensontvangers": -99997, "gemiddeldInkomenPerInkomensontvanger": -99997, "gemiddeldInkomenPerInwoner": -99997, "percentagePersonenMetHoogInkomen": -99997, "percentagePersonenMetLaagInkomen": -99997, "percentageHuishoudensMetHoogInkomen": -99997, "percentageHuishoudensMetLaagInkomen": -99997, "percentageHuishoudensMetLaagsteInkomen": -99997, "percentageHuishoudensOnderOfRondSociaalMinimum": -99997, "aantalPersonenMetEenAoUitkeringTotaal": 0, "aantalPersonenMetEenWwUitkeringTotaal": 0, "aantalPersonenMetEenAlgBijstandsuitkeringTot": 0, "aantalPersonenMetEenAowUitkeringTotaal": 30, "gemiddeldGestandaardiseerdInkomenVanHuishoudens": -99997.0, "huishoudensTot110PercentVanSociaalMinimum": -99997.0, "huishoudensTot120PercentVanSociaalMinimum": -99997.0, "mediaanVermogenVanParticuliereHuish": -99997.0, "aantalJongerenMetJeugdzorgInNatura": -99997, "percentageJongerenMetJeugdzorgInNatura": -99997.0, "aantalWmoClienten": -99997, "aantalWmoClientenPer1000Inwoners": -99997, "personenautosTotaal": 75, "personenautosPerHuishouden": -99997.0, "personenautosPerKm2": -99997, "motortweewielersTotaal": 10, "aantalPersonenautosMetBrandstofBenzine": 50, "aantalPersonenautosMetOverigeBrandstof": 25, "oppervlakteTotaalInHa": 393, "oppervlakteLandInHa": 387, "oppervlakteWaterInHa": 6, "huisartsenpraktijkGemiddeldeAfstandInKm": 1.7, "huisartsenpraktijkGemiddeldAantalBinnen1Km": 0.1, "huisartsenpraktijkGemiddeldAantalBinnen3Km": 2.0, "huisartsenpraktijkGemiddeldAantalBinnen5Km": 4.1, "huisartsenpostGemiddeldeAfstandInKm": 11.4, "apotheekGemiddeldeAfstandInKm": 5.9, "ziekenhuisInclBuitenpolikliniekGemAfstInKm": 8.5, "ziekenhuisInclBuitenpoliGemAantalBinnen5Km": 0.0, "ziekenhuisInclBuitenpoliGemAantalBinnen10Km": 1.3, "ziekenhuisInclBuitenpoliGemAantalBinnen20Km": 5.0, "ziekenhuisExclBuitenpolikliniekGemAfstInKm": 8.5, "ziekenhuisExclBuitenpoliGemAantalBinnen5Km": 0.0, "ziekenhuisExclBuitenpoliGemAantalBinnen10Km": 1.1, "ziekenhuisExclBuitenpoliGemAantalBinnen20Km": 2.0, "groteSupermarktGemiddeldeAfstandInKm": 2.0, "groteSupermarktGemiddeldAantalBinnen1Km": 0.0, "groteSupermarktGemiddeldAantalBinnen3Km": 1.7, "groteSupermarktGemiddeldAantalBinnen5Km": 3.7, "winkelsOvDagelijkseLevensmGemAfstInKm": 1.9, "winkelsOvDagelLevensmGemAantalBinnen1Km": 0.0, "winkelsOvDagelLevensmGemAantalBinnen3Km": 3.3, "winkelsOvDagelLevensmGemAantalBinnen5Km": 11.1, "warenhuisGemiddeldeAfstandInKm": 5.8, "warenhuisGemiddeldAantalBinnen5Km": 0.4, "warenhuisGemiddeldAantalBinnen10Km": 3.0, "warenhuisGemiddeldAantalBinnen20Km": 12.0, "cafeGemiddeldeAfstandInKm": 5.3, "cafeGemiddeldAantalBinnen1Km": 0.0, "cafeGemiddeldAantalBinnen3Km": 0.0, "cafeGemiddeldAantalBinnen5Km": 8.1, "cafetariaGemiddeldeAfstandInKm": 2.9, "cafetariaGemiddeldAantalBinnen1Km": 0.0, "cafetariaGemiddeldAantalBinnen3Km": 0.8, "cafetariaGemiddeldAantalBinnen5Km": 14.4, "restaurantGemiddeldeAfstandInKm": 1.5, "restaurantGemiddeldAantalBinnen1Km": 0.1, "restaurantGemiddeldAantalBinnen3Km": 2.5, "restaurantGemiddeldAantalBinnen5Km": 26.1, "hotelGemiddeldeAfstandInKm": 2.1, "hotelGemiddeldAantalBinnen5Km": 7.8, "hotelGemiddeldAantalBinnen10Km": 29.1, "hotelGemiddeldAantalBinnen20Km": 41.2, "kinderdagverblijfGemiddeldeAfstandInKm": 2.1, "kinderdagverblijfGemiddeldAantalBinnen1Km": 0.0, "kinderdagverblijfGemiddeldAantalBinnen3Km": 3.0, "kinderdagverblijfGemiddeldAantalBinnen5Km": 7.6, "buitenschoolseOpvangGemAfstandInKm": 2.1, "buitenschoolseOpvangGemiddeldAantalBinnen1Km": 0.0, "buitenschoolseOpvangGemiddeldAantalBinnen3Km": 1.6, "buitenschoolseOpvangGemiddeldAantalBinnen5Km": 4.8, "basisonderwijsGemiddeldeAfstandInKm": 2.0, "basisonderwijsGemiddeldAantalBinnen1Km": 0.0, "basisonderwijsGemiddeldAantalBinnen3Km": 1.9, "basisonderwijsGemiddeldAantalBinnen5Km": 4.1, "voortgezetOnderwijsGemAfstandInKm": 4.6, "voortgezetOnderwijsGemiddeldAantalBinnen3Km": 0.0, "voortgezetOnderwijsGemiddeldAantalBinnen5Km": 1.3, "voortgezetOnderwijsGemiddeldAantalBinnen10Km": 15.2, "vmboGemiddeldeAfstandInKm": 5.5, "vmboGemiddeldAantalBinnen3Km": 0.0, "vmboGemiddeldAantalBinnen5Km": 0.5, "vmboGemiddeldAantalBinnen10Km": 13.0, "havoVwoGemiddeldeAfstandInKm": 4.6, "havoVwoGemiddeldAantalBinnen3Km": 0.0, "havoVwoGemiddeldAantalBinnen5Km": 1.3, "havoVwoGemiddeldAantalBinnen10Km": 10.4, "brandweerkazerneGemiddeldeAfstandInKm": 3.5, "opritHoofdverkeerswegGemiddeldeAfstandInKm": 0.6, "treinstationGemiddeldeAfstandInKm": 7.2, "overstapstationGemiddeldeAfstandInKm": 7.2, "zwembadGemiddeldeAfstandInKm": 5.7, "kunstijsbaanGemiddeldeAfstandInKm": 12.4, "bibliotheekGemiddeldeAfstandInKm": 1.9, "poppodiumGemiddeldeAfstandInKm": 5.8, "bioscoopGemiddeldeAfstandInKm": 6.1, "bioscoopGemiddeldAantalBinnen5Km": 0.3, "bioscoopGemiddeldAantalBinnen10Km": 2.2, "bioscoopGemiddeldAantalBinnen20Km": 7.0, "saunaGemiddeldeAfstandInKm": 7.8, "zonnebankGemiddeldeAfstandInKm": 5.9, "attractieparkGemiddeldeAfstandInKm": 4.3, "attractieparkGemiddeldAantalBinnen10Km": 2.0, "attractieparkGemiddeldAantalBinnen20Km": 6.0, "attractieparkGemiddeldAantalBinnen50Km": 26.2, "theaterGemiddeldeAfstandInKm": 5.8, "theaterGemiddeldAantalBinnen5Km": 0.6, "theaterGemiddeldAantalBinnen10Km": 8.0, "theaterGemiddeldAantalBinnen20Km": 12.3, "gemiddeldeAfstandTotMuseum": 5.1, "gemiddeldAantalMuseaBinnen5Km": 0.9, "gemiddeldAantalMuseaBinnen10Km": 8.0, "gemiddeldAantalMuseaBinnen20Km": 13.9, "afstandTotOpenbaarGroenTotaal": -99997.0, "afstandTotParkOfPlantsoen": -99997.0, "afstandTotDagrcreatiefTerrein": -99997.0, "afstandTotBos": -99997.0, "afstandTotOpenNatuurTerreinTotaal": -99997.0, "afstandTotOpenDroogNatuurTerrein": -99997.0, "afstandTotOpenNatNatuurlijkTerrein": -99997.0, "afstandTotSemiopenbaarGroenTotaal": -99997.0, "afstandTotSportterrein": -99997.0, "afstandTotVolkstuin": -99997.0, "afstandTotVerblijfsrecreatiefTerrein": -99997.0, "afstandTotRecreatiefBinnenwater": -99997.0, "afstandTotBegraafplaats": -99997.0, "jrstatcode": "2024WK194511", "jaar": 2024, "aantalNieuwbouwWoningen": 1.0, "aantalNietWoningvoorraad": 11, "aantalNieuwbouwNietWoningen": 0, "percEengezinswoningTussenwoning": 0.0, "percEengezinswoningHoekwoning": 0.0, "percEengezinswoning2Onder1Kap": 5.0, "percEengezinswoningVrijstaand": 95.0, "percBouwjaarMeerDan10JaarGeleden": 97.0, "percBouwjaarAfgelopen10Jaar": 3.0, "percentageOnbewoond": 3, "gemiddeldAardgasverbruik": 2040, "percentageAardgaswoningen": -99997.0, "percentageAardgasvrijeWoningen": -99997.0, "gemiddeldeElektriciteitslevering": 4850.0, "gemiddeldeElektriciteitsteruglevering": 2040.0, "percentageWoningenMetZonnestroom": -99997.0, "aantalLeerlingenPrimairOnderwijs": 0, "aantalLeerlingenVoortgezetOnderwijs": 0, "aantalStudentenMbo": 0, "aantalStudentenHbo": 0, "aantalStudentenWo": 0 }, "geometry": { "type": "MultiPolygon", "coordinates": [ [ [ [ 5.92433863701033, 51.852761610090745 ], [ 5.924384957620418, 51.852759555445957 ], [ 5.924399906555694, 51.852758246610215 ], [ 5.924684428985077, 51.852733322180292 ], [ 5.925090603128954, 51.852688190725537 ], [ 5.925409051415935, 51.852654066616743 ], [ 5.925646524792622, 51.852628627529768 ], [ 5.925888158184152, 51.85260273741963 ], [ 5.926155405663785, 51.852574104548438 ], [ 5.926187699597289, 51.852572814706051 ], [ 5.926202091099528, 51.852572236268827 ], [ 5.926250720620014, 51.852570296122195 ], [ 5.926445494526905, 51.852551181682294 ], [ 5.926792390190431, 51.852517129841296 ], [ 5.926847150565617, 51.852512042250346 ], [ 5.926927413625591, 51.85250459023149 ], [ 5.927007662144887, 51.852497138224606 ], [ 5.927037079331395, 51.852494405242396 ], [ 5.927135582255546, 51.852485341137253 ], [ 5.927444516457675, 51.852456918021673 ], [ 5.927647163229204, 51.852435967644297 ], [ 5.927900284065578, 51.852407171131624 ], [ 5.927988122423178, 51.852383817882313 ], [ 5.928050952269177, 51.852358171796936 ], [ 5.928100078470171, 51.852334782029146 ], [ 5.928168399113319, 51.852302261336213 ], [ 5.92828214378324, 51.85224025564343 ], [ 5.928473072908685, 51.852132142420182 ], [ 5.928533678611759, 51.852097814449458 ], [ 5.928808448522513, 51.851939625491674 ], [ 5.928840268038987, 51.851920665710999 ], [ 5.929013012131679, 51.851817714024577 ], [ 5.929091082799494, 51.851763314702403 ], [ 5.929137432926766, 51.8517288544884 ], [ 5.929245342238823, 51.851640511514425 ], [ 5.929340964857421, 51.851555182413719 ], [ 5.929393494562257, 51.851501188498027 ], [ 5.92949975375009, 51.851447036186904 ], [ 5.929504930374813, 51.851444216842481 ], [ 5.929613122028221, 51.851385562144998 ], [ 5.929671882481437, 51.851353515298285 ], [ 5.929872206751731, 51.851245158591176 ], [ 5.930036147517141, 51.851156411963061 ], [ 5.930270818393726, 51.851029478252926 ], [ 5.930423347839224, 51.850947803902088 ], [ 5.930590998068648, 51.850856324790627 ], [ 5.930604195547053, 51.850851868305902 ], [ 5.930617320782472, 51.850847439119725 ], [ 5.9307130999605, 51.850815095392271 ], [ 5.930814629935645, 51.850784235017379 ], [ 5.930933978556025, 51.850753013358464 ], [ 5.93111506791306, 51.850703654283009 ], [ 5.931322655909511, 51.850640806166055 ], [ 5.931431670025483, 51.850598791773713 ], [ 5.931612598754468, 51.850509847290482 ], [ 5.931797142429398, 51.850393452829437 ], [ 5.931925197675734, 51.850317858439965 ], [ 5.931955439576751, 51.850301862344232 ], [ 5.932065057271872, 51.85024388096803 ], [ 5.932275632030357, 51.850146303671295 ], [ 5.932370797119924, 51.850106617821758 ], [ 5.932482857784983, 51.850059887301818 ], [ 5.932672475576773, 51.849972105253734 ], [ 5.93280386949918, 51.849907550239749 ], [ 5.932909487593939, 51.849853838223751 ], [ 5.932920407139822, 51.849848286482072 ], [ 5.93312413573654, 51.849719054990658 ], [ 5.933175539508992, 51.849686457235407 ], [ 5.933294541423408, 51.849612674184833 ], [ 5.933444352206344, 51.849520698692771 ], [ 5.933541579743845, 51.849461002852649 ], [ 5.933716895415488, 51.84935514686552 ], [ 5.933803583748499, 51.849298897539484 ], [ 5.933904379657558, 51.849234339967992 ], [ 5.933986341785325, 51.849183334844788 ], [ 5.934052545170423, 51.84914213765046 ], [ 5.934179132674944, 51.849069378986464 ], [ 5.934269351118666, 51.849020663205785 ], [ 5.934357828567473, 51.848975595818168 ], [ 5.934410702381637, 51.848950648869796 ], [ 5.934521457559197, 51.848901998927204 ], [ 5.934613481495898, 51.848863368554859 ], [ 5.934720161583011, 51.848818593501775 ], [ 5.934814278886059, 51.848779081318732 ], [ 5.935169234710678, 51.848641168566154 ], [ 5.935219812911527, 51.84868749287881 ], [ 5.935223885843573, 51.848685864916369 ], [ 5.935423443327021, 51.848605748594707 ], [ 5.9354288184187, 51.848609868087777 ], [ 5.935429369976122, 51.848610349093029 ], [ 5.935491504246956, 51.848576868745035 ], [ 5.935518938459484, 51.848594008398173 ], [ 5.935526660261532, 51.848598835104532 ], [ 5.935535698258231, 51.848604482603534 ], [ 5.93603024611081, 51.848913442998118 ], [ 5.936557225836292, 51.849242661519419 ], [ 5.936586654819545, 51.849228034279697 ], [ 5.936592059641883, 51.849225061645711 ], [ 5.938075886947683, 51.850158268351322 ], [ 5.938390373142846, 51.850342116889017 ], [ 5.938722781462114, 51.850492380188385 ], [ 5.93883756911928, 51.850544270687905 ], [ 5.938872941297283, 51.850566917262206 ], [ 5.938892159921879, 51.850581307411758 ], [ 5.938907557165788, 51.850597602210591 ], [ 5.93892811287744, 51.850607519678022 ], [ 5.93895036065902, 51.850615639574322 ], [ 5.938976949846831, 51.850623900848539 ], [ 5.939083160440144, 51.850652119742861 ], [ 5.939479356695646, 51.850736860301311 ], [ 5.939877097971878, 51.850813736292174 ], [ 5.940269387410501, 51.850885036788526 ], [ 5.940284981317445, 51.850887875578955 ], [ 5.940318944461144, 51.850867706193483 ], [ 5.940463215418929, 51.850698985946103 ], [ 5.94049442797567, 51.8506582736482 ], [ 5.940584679966441, 51.850540566025785 ], [ 5.940607380765727, 51.850507596985373 ], [ 5.940729062522356, 51.85034213787938 ], [ 5.940899862283745, 51.850119208069259 ], [ 5.94102563044918, 51.849968731189371 ], [ 5.941170747075088, 51.849810208007042 ], [ 5.941448430272497, 51.849529111489481 ], [ 5.941524957391823, 51.849458154268952 ], [ 5.941550011900657, 51.849434917469317 ], [ 5.941577208791433, 51.849415940088249 ], [ 5.941629171004334, 51.849379713599937 ], [ 5.941674260249685, 51.849353442879696 ], [ 5.941713585647729, 51.849334084577357 ], [ 5.941762302257513, 51.849314807724596 ], [ 5.941809579606507, 51.849301227382369 ], [ 5.941860935189248, 51.849288940069613 ], [ 5.942049169002466, 51.849253102950911 ], [ 5.942151144777485, 51.84923458982842 ], [ 5.94224650535581, 51.849213968637137 ], [ 5.942313618647597, 51.84919526070798 ], [ 5.942369565708061, 51.849179769519651 ], [ 5.942414292038427, 51.849164133641864 ], [ 5.942458285910742, 51.849144420426775 ], [ 5.942515152250496, 51.849118749820761 ], [ 5.942559018581828, 51.849094587856236 ], [ 5.942598650281114, 51.849069520098269 ], [ 5.942639801685423, 51.849038234070676 ], [ 5.942690691645444, 51.848992843896255 ], [ 5.942742389343254, 51.848934119907909 ], [ 5.942809144459705, 51.848854812819269 ], [ 5.942869440972014, 51.848776686801514 ], [ 5.942927903483885, 51.848692268486708 ], [ 5.942968171480076, 51.848628268327282 ], [ 5.943049934747266, 51.848472748305419 ], [ 5.943089101407566, 51.848393634634448 ], [ 5.94311201781048, 51.848353679993295 ], [ 5.94313452367417, 51.848325142707274 ], [ 5.943163726542372, 51.848291252489638 ], [ 5.943199484082321, 51.848258113211607 ], [ 5.94319967633828, 51.848257933429331 ], [ 5.943199877312777, 51.848257754504544 ], [ 5.943230376992611, 51.848230632770459 ], [ 5.943259134860432, 51.848210074605944 ], [ 5.943297163454877, 51.848183387280088 ], [ 5.943343614428763, 51.848155913982353 ], [ 5.943402139381183, 51.848126019463677 ], [ 5.943584923038113, 51.848026638898453 ], [ 5.943563202371225, 51.848018976693531 ], [ 5.943521046681793, 51.848004102794 ], [ 5.943190522043935, 51.84788748813574 ], [ 5.943184822573266, 51.847885474744281 ], [ 5.943172108765495, 51.847880744096543 ], [ 5.942712343869256, 51.847709730574572 ], [ 5.942270661462178, 51.847545443030107 ], [ 5.942237813445993, 51.847533248168311 ], [ 5.942190662825472, 51.847515745804209 ], [ 5.940854425339964, 51.847019787246836 ], [ 5.941675897050877, 51.846267300239255 ], [ 5.941948420377993, 51.846065307692385 ], [ 5.942230187867137, 51.845857608012672 ], [ 5.942238383987997, 51.8458515658171 ], [ 5.9435654103206, 51.846457237389707 ], [ 5.943726815633532, 51.84632193192833 ], [ 5.944178242019412, 51.845909078765516 ], [ 5.943199360051271, 51.844553829534661 ], [ 5.943171543913125, 51.844515319673818 ], [ 5.943013683638008, 51.844296756555622 ], [ 5.942820833501717, 51.844026180535636 ], [ 5.942560724290549, 51.843661525078687 ], [ 5.942343386949374, 51.843382947521448 ], [ 5.942047608665229, 51.843005911683761 ], [ 5.941784387707049, 51.842670265284703 ], [ 5.941794799482744, 51.842655528834385 ], [ 5.941838418057845, 51.842597598396416 ], [ 5.941879606940019, 51.842543877065815 ], [ 5.941922697484586, 51.842489041142422 ], [ 5.941966066266319, 51.842441484589777 ], [ 5.942013911708329, 51.842388630592581 ], [ 5.942053364145227, 51.842344759839662 ], [ 5.942106346836883, 51.842288411943422 ], [ 5.942165058327744, 51.842227111219479 ], [ 5.942210479108474, 51.842182430184259 ], [ 5.9422521332168, 51.842141793805396 ], [ 5.942297911074234, 51.842102549102499 ], [ 5.942345714660925, 51.84206519137598 ], [ 5.942397551047803, 51.842028911149228 ], [ 5.942407781441426, 51.842023029194856 ], [ 5.942451700405395, 51.841997806331996 ], [ 5.942503532066078, 51.841970568533696 ], [ 5.942549289448136, 51.841948636620785 ], [ 5.942564038896261, 51.841959721573595 ], [ 5.942592998687131, 51.841960537295492 ], [ 5.942611868010239, 51.841956106530141 ], [ 5.942684711558901, 51.84194074101103 ], [ 5.942744475488235, 51.84192837751521 ], [ 5.942783328456147, 51.841925272299704 ], [ 5.94281466176288, 51.841909233136334 ], [ 5.943094203936824, 51.842255935832021 ], [ 5.943287627011082, 51.842495839888464 ], [ 5.94435577223304, 51.843845244736606 ], [ 5.9444474838607, 51.84396110276397 ], [ 5.944996127090621, 51.844654180803978 ], [ 5.945041623180704, 51.844711643883031 ], [ 5.945975500167463, 51.845891285746227 ], [ 5.946009454669871, 51.845934178182397 ], [ 5.946023481700005, 51.845911325488792 ], [ 5.946048392122055, 51.845875657266951 ], [ 5.946074437162982, 51.845846050887495 ], [ 5.946108992186311, 51.845814570314509 ], [ 5.946145955841438, 51.845785397297128 ], [ 5.946184564163423, 51.845755443421254 ], [ 5.946235185170798, 51.845722870579706 ], [ 5.946281743443395, 51.845693867537136 ], [ 5.946329432324311, 51.845667097230574 ], [ 5.94639427649485, 51.845636964349637 ], [ 5.946436262711841, 51.845618436680816 ], [ 5.946480061606732, 51.845602138499842 ], [ 5.946527362314666, 51.845587360649169 ], [ 5.946572752861035, 51.845576645707425 ], [ 5.946618597268583, 51.845567303828204 ], [ 5.946664480323897, 51.845562241181803 ], [ 5.946704573411608, 51.84555826586918 ], [ 5.947404665778472, 51.845244883958102 ], [ 5.948633365189866, 51.844691682931696 ], [ 5.949366844254587, 51.844361429681719 ], [ 5.951487087838188, 51.842888155114721 ], [ 5.951560766456566, 51.842836956291862 ], [ 5.951505843660321, 51.842759043598349 ], [ 5.951431243631195, 51.842638867055648 ], [ 5.951345490454521, 51.842536630355724 ], [ 5.951272435789654, 51.842445918766153 ], [ 5.951155360997165, 51.842302458287968 ], [ 5.951060099227908, 51.842193912186787 ], [ 5.950965042040368, 51.842097032135023 ], [ 5.950774642522496, 51.84190705734089 ], [ 5.95047217981989, 51.84164782428482 ], [ 5.950419164180009, 51.841597401431102 ], [ 5.9502927235505, 51.841513381241015 ], [ 5.95005556766832, 51.841379691090232 ], [ 5.949939091781112, 51.841324251186499 ], [ 5.949819048487254, 51.84128174478677 ], [ 5.949695542708318, 51.841238508814499 ], [ 5.949313844826584, 51.841124268106348 ], [ 5.949517146709241, 51.840799293569511 ], [ 5.949065692082525, 51.840675356918062 ], [ 5.948283085496548, 51.840515896873264 ], [ 5.947866939860257, 51.840412684219316 ], [ 5.94750392244108, 51.84044147361984 ], [ 5.947476298696328, 51.840481487613602 ], [ 5.947447525821005, 51.840471135379069 ], [ 5.947356061452382, 51.840431186578577 ], [ 5.94731825432244, 51.840407304762032 ], [ 5.947284931487341, 51.840381127432295 ], [ 5.947269981739557, 51.840365540772233 ], [ 5.947295659105027, 51.840354523219574 ], [ 5.947303896117344, 51.840345953790425 ], [ 5.947304935339495, 51.840335009791929 ], [ 5.947275340968338, 51.840300716898277 ], [ 5.947248738647563, 51.840260701103183 ], [ 5.947208221744567, 51.840202100513736 ], [ 5.947176456703512, 51.840158819539383 ], [ 5.947134289015742, 51.840113314098538 ], [ 5.94702320905897, 51.84001047602635 ], [ 5.946924841656346, 51.839928718228414 ], [ 5.946672515629816, 51.839726439263494 ], [ 5.946583384137105, 51.839665023125789 ], [ 5.946490523484451, 51.839601251723863 ], [ 5.946375469570872, 51.839531060338381 ], [ 5.946074678310413, 51.839352884568179 ], [ 5.945910418216068, 51.839256716531224 ], [ 5.945686333896997, 51.839125517088853 ], [ 5.945189421395046, 51.838837866252831 ], [ 5.94511050344697, 51.83879124049281 ], [ 5.945058832461978, 51.838760754381369 ], [ 5.944988216011705, 51.838720102397524 ], [ 5.944901407458985, 51.838677190314115 ], [ 5.944737512908304, 51.838600766702115 ], [ 5.944629956496673, 51.838550905994069 ], [ 5.944563034076926, 51.838514397895267 ], [ 5.944519192010416, 51.838484503556884 ], [ 5.944492584277739, 51.838463695649239 ], [ 5.944460088273367, 51.838430097160398 ], [ 5.944443982428073, 51.8384043235408 ], [ 5.944443277973269, 51.838393009430952 ], [ 5.944451784969217, 51.838386426281907 ], [ 5.944487453136116, 51.83838323674135 ], [ 5.94500989842547, 51.838425283472347 ], [ 5.945503722631329, 51.838481872674478 ], [ 5.945911747735635, 51.838542940167393 ], [ 5.946097735567196, 51.838577855753982 ], [ 5.946447035419236, 51.838652567029825 ], [ 5.947183458167386, 51.838810650688721 ], [ 5.947404375696408, 51.838853864705591 ], [ 5.947605696502007, 51.838889405811543 ], [ 5.947776147600877, 51.838917399870745 ], [ 5.948298701117962, 51.838990666614336 ], [ 5.950014593541106, 51.839237103120851 ], [ 5.950169696660222, 51.8392593787122 ], [ 5.950647680975234, 51.839330206213937 ], [ 5.950834719553377, 51.83935345114395 ], [ 5.950955734097049, 51.839367242466793 ], [ 5.950966953493165, 51.8393685188665 ], [ 5.950292396588081, 51.84097206665831 ], [ 5.951400286496758, 51.840943303008054 ], [ 5.951504996358832, 51.840973270626009 ], [ 5.951914919042498, 51.841724627268448 ], [ 5.952328218084678, 51.842489537975077 ], [ 5.952971372197163, 51.842561070637366 ], [ 5.952958305211605, 51.842260278582948 ], [ 5.952955356785562, 51.842138695974782 ], [ 5.95293755393863, 51.841473684542784 ], [ 5.952934976697674, 51.840864364496234 ], [ 5.952934396592227, 51.840691158305184 ], [ 5.95294047005549, 51.840481606366708 ], [ 5.952945976669752, 51.840296236304624 ], [ 5.95297463628112, 51.839513368690511 ], [ 5.952997303789271, 51.839514823399874 ], [ 5.953098747487974, 51.839520734052897 ], [ 5.953357802203744, 51.839535825593209 ], [ 5.953732233190848, 51.839554701040619 ], [ 5.954284282651837, 51.839587125665233 ], [ 5.954519930770481, 51.839593986399812 ], [ 5.954761103481923, 51.839597080710412 ], [ 5.95503388961368, 51.839598646303415 ], [ 5.955397746692253, 51.839593604178638 ], [ 5.955741661588973, 51.839578985887655 ], [ 5.956047605538752, 51.83956230353445 ], [ 5.956378268665779, 51.839533644606632 ], [ 5.956749009865121, 51.839493581521403 ], [ 5.957547066202776, 51.839406588268034 ], [ 5.957978998695279, 51.839371365293623 ], [ 5.958041875310484, 51.839369342620564 ], [ 5.958192702036143, 51.83935497317897 ], [ 5.958196764184649, 51.839356059002171 ], [ 5.958301739199663, 51.839350919042353 ], [ 5.958346695472532, 51.839345459916245 ], [ 5.958369323214522, 51.839344801476088 ], [ 5.958638127337366, 51.839333407612735 ], [ 5.958912271994331, 51.839349510011814 ], [ 5.958949491344016, 51.839379251504248 ], [ 5.958972784566208, 51.839397861127054 ], [ 5.958992487693344, 51.8394135939308 ], [ 5.959144818243972, 51.839343989470343 ], [ 5.959264445317088, 51.839289484096788 ], [ 5.959280043092563, 51.839280284688989 ], [ 5.959376471700867, 51.839234071865995 ], [ 5.959460626092904, 51.839191415363828 ], [ 5.960172739001966, 51.838830484165435 ], [ 5.960200853796581, 51.838820899925544 ], [ 5.960213281766952, 51.838816911245651 ], [ 5.960218744416014, 51.838815167759044 ], [ 5.960252719306443, 51.838804287505788 ], [ 5.96033124440153, 51.838784722451386 ], [ 5.960425845027822, 51.838758076743325 ], [ 5.960296618098885, 51.838680346785623 ], [ 5.96056449533447, 51.838606877277599 ], [ 5.960790486631113, 51.838509802170968 ], [ 5.961006242405879, 51.838419167529018 ], [ 5.961232054136966, 51.838309292761949 ], [ 5.961457730559173, 51.838186618537449 ], [ 5.961673060833919, 51.838063994526088 ], [ 5.961867825353739, 51.837947870676238 ], [ 5.962031775698374, 51.837844697137889 ], [ 5.962236282229928, 51.837683735044997 ], [ 5.962400134516198, 51.837574161622292 ], [ 5.962687020821257, 51.837393604336846 ], [ 5.962994483422191, 51.837206545528382 ], [ 5.963192196378023, 51.8370913227063 ], [ 5.963145048133961, 51.837052238257293 ], [ 5.962978205974486, 51.836913959386578 ], [ 5.962903067238528, 51.836859965368134 ], [ 5.961949045903119, 51.837308657314694 ], [ 5.961405988156639, 51.837433353477174 ], [ 5.960965856561458, 51.837449862063373 ], [ 5.960420523025999, 51.837395099599384 ], [ 5.959920618795389, 51.83726832141452 ], [ 5.959911284385038, 51.837264528868424 ], [ 5.95986500637804, 51.837245743974528 ], [ 5.959137878742546, 51.83695053836523 ], [ 5.957458479350595, 51.836104450506951 ], [ 5.956689566900203, 51.835777972987962 ], [ 5.954828326500507, 51.835205514274797 ], [ 5.953990724742666, 51.834943961044608 ], [ 5.953176406394795, 51.83468945341685 ], [ 5.953037304314698, 51.834631231417013 ], [ 5.952427152901828, 51.834375868674535 ], [ 5.951115752526626, 51.833503261621644 ], [ 5.950745338448647, 51.833293451146126 ], [ 5.950059478128758, 51.833068874954876 ], [ 5.949348062894775, 51.832901386560735 ], [ 5.947268339528383, 51.832824584081187 ], [ 5.946811716334585, 51.832807716155934 ], [ 5.94643060951021, 51.832793255013286 ], [ 5.946143976637646, 51.832783177542616 ], [ 5.945164020002344, 51.832962147499607 ], [ 5.944557348518873, 51.833062223980548 ], [ 5.944049331142205, 51.833210430143424 ], [ 5.943502546680206, 51.833395257418708 ], [ 5.942292640495424, 51.833874809190625 ], [ 5.942278917129986, 51.83388083351096 ], [ 5.941648979390023, 51.834157279026897 ], [ 5.941425255777142, 51.834223251180013 ], [ 5.941355879112314, 51.83424371317242 ], [ 5.940984216189179, 51.834318355926456 ], [ 5.940870588719829, 51.834330641077415 ], [ 5.940755673086724, 51.834343066124703 ], [ 5.940631686963616, 51.834356468650427 ], [ 5.940429085515635, 51.834324292384338 ], [ 5.939559913282721, 51.83455962536619 ], [ 5.939500419275841, 51.834639408963852 ], [ 5.939373268365243, 51.834610156507686 ], [ 5.939272896156228, 51.834637333739522 ], [ 5.937701471500954, 51.835062782464576 ], [ 5.935638763251087, 51.83561634675209 ], [ 5.935167825564462, 51.835742723512098 ], [ 5.934684747714416, 51.835833605405618 ], [ 5.932145014676322, 51.836201284849004 ], [ 5.930772269756813, 51.836432617030106 ], [ 5.929596775743319, 51.836594852521365 ], [ 5.92889300616139, 51.836639010413244 ], [ 5.928135326914722, 51.836688724838986 ], [ 5.926842755283807, 51.836773541924543 ], [ 5.926805828449526, 51.836775940902321 ], [ 5.926799985769258, 51.836776327312378 ], [ 5.926741167119723, 51.836780184209331 ], [ 5.926648615962713, 51.836785418604435 ], [ 5.925674428194259, 51.836840543657928 ], [ 5.924493688525223, 51.836902259500107 ], [ 5.924048169673179, 51.837015037250474 ], [ 5.923587602438773, 51.837131612327688 ], [ 5.922862591092374, 51.83730381858053 ], [ 5.921140249551303, 51.837677627085604 ], [ 5.920596974537361, 51.837849001137904 ], [ 5.920326002012128, 51.837990983742813 ], [ 5.920009918355385, 51.838161322584739 ], [ 5.919196651972489, 51.838559122934171 ], [ 5.918320649144252, 51.839004112604279 ], [ 5.917756584531921, 51.839387390715103 ], [ 5.917457900558568, 51.839590335127646 ], [ 5.91714924664255, 51.839760111254868 ], [ 5.916123975771786, 51.840102858835152 ], [ 5.912693158959761, 51.840118273327619 ], [ 5.909984174450939, 51.840516798567428 ], [ 5.908955042882627, 51.840531032723106 ], [ 5.908947194889279, 51.840655197942596 ], [ 5.908947169115774, 51.840655603438634 ], [ 5.908947144772426, 51.840656007130626 ], [ 5.908946066510411, 51.840673027160562 ], [ 5.908936134226502, 51.840830208324462 ], [ 5.908934296322904, 51.840859438117654 ], [ 5.908933767083603, 51.840867737757421 ], [ 5.908959680224315, 51.84088625570363 ], [ 5.909005141792313, 51.840918753723066 ], [ 5.909046666726465, 51.840959646516147 ], [ 5.909072802472421, 51.840984841904906 ], [ 5.909115330077535, 51.841025847064955 ], [ 5.909158837907353, 51.84106503217216 ], [ 5.909190365405376, 51.841093430423477 ], [ 5.909298916362348, 51.841195650120405 ], [ 5.909412291963001, 51.84130468849618 ], [ 5.90948573529783, 51.841373806796554 ], [ 5.909590313126766, 51.84146852862186 ], [ 5.909590678299874, 51.841468860469675 ], [ 5.909591043472711, 51.841469192317348 ], [ 5.909599683506096, 51.84147708980182 ], [ 5.909616579472252, 51.841492546713503 ], [ 5.909619104533458, 51.841495061240842 ], [ 5.909634152501261, 51.841510076952282 ], [ 5.909651738363388, 51.841528586877999 ], [ 5.909671227688344, 51.841558692482245 ], [ 5.909675970571543, 51.841566005083266 ], [ 5.909727333780546, 51.841638161682219 ], [ 5.909757780469511, 51.841677144061286 ], [ 5.90981403011763, 51.84173507612963 ], [ 5.909956276941291, 51.84188213259619 ], [ 5.910069755026024, 51.842000958360138 ], [ 5.910166455164026, 51.842096983052251 ], [ 5.910243265541969, 51.842184665106892 ], [ 5.910404655979153, 51.842349244175153 ], [ 5.910516626403464, 51.842469244734851 ], [ 5.910738793300256, 51.842700049223097 ], [ 5.910910024061827, 51.842876924906868 ], [ 5.911018719802673, 51.842990881352918 ], [ 5.911202548983896, 51.843182738134871 ], [ 5.911320442653014, 51.843302594628092 ], [ 5.911528272055971, 51.843522720401417 ], [ 5.911630288769707, 51.843626126658819 ], [ 5.911759510288363, 51.843755253162229 ], [ 5.911850340195758, 51.843847509562529 ], [ 5.911897368767149, 51.84388950929371 ], [ 5.911926077647712, 51.843928507868867 ], [ 5.911951358011329, 51.843957220946372 ], [ 5.911973252892432, 51.843981832424937 ], [ 5.911998602832666, 51.844017753958937 ], [ 5.912022236057232, 51.84404956643175 ], [ 5.91203577212172, 51.844069064870851 ], [ 5.91205856020932, 51.844110534765967 ], [ 5.912175689960726, 51.844320036135159 ], [ 5.912218174280192, 51.844399124643438 ], [ 5.912255400187949, 51.844456610331633 ], [ 5.912284443399484, 51.844513018048083 ], [ 5.912345919154264, 51.844610331105216 ], [ 5.912400519946011, 51.844696744882718 ], [ 5.912478517148726, 51.844828176181551 ], [ 5.912547995600115, 51.844942144056063 ], [ 5.91264942465985, 51.845092949317561 ], [ 5.912715544762198, 51.845203840983771 ], [ 5.912866250901097, 51.845441000808528 ], [ 5.912942778703209, 51.845556979056603 ], [ 5.913125617606026, 51.845841346898553 ], [ 5.91317834096602, 51.845922079004104 ], [ 5.913214037919458, 51.845988846470725 ], [ 5.91324448775072, 51.846035037604352 ], [ 5.913319238834905, 51.846172666976393 ], [ 5.913379276730592, 51.846281913671177 ], [ 5.913577535629083, 51.846659530257526 ], [ 5.91367128414586, 51.846857818463178 ], [ 5.913715584392617, 51.846950282148377 ], [ 5.913744561629422, 51.847011921099039 ], [ 5.913802374703104, 51.847129294169385 ], [ 5.913879087284982, 51.847291623757513 ], [ 5.913945575134756, 51.847433406538784 ], [ 5.91399676181612, 51.847536319793754 ], [ 5.914034702927069, 51.847616057221465 ], [ 5.914036933316308, 51.847620748193286 ], [ 5.914092010008263, 51.847609596979623 ], [ 5.914147657696675, 51.847598750582691 ], [ 5.914156992000914, 51.847618923801754 ], [ 5.914964292367189, 51.847461907286089 ], [ 5.91573055395156, 51.847310857726548 ], [ 5.917192590738156, 51.847017378057359 ], [ 5.918570604436167, 51.846740691572464 ], [ 5.921121472200836, 51.846224885567601 ], [ 5.921255222575093, 51.846201914466214 ], [ 5.921325176707846, 51.846189893061805 ], [ 5.921471895419341, 51.846533296138446 ], [ 5.921632331204309, 51.846907287354902 ], [ 5.921915703073585, 51.847559442759319 ], [ 5.921949410850659, 51.847639592455693 ], [ 5.921967566604926, 51.847678690609449 ], [ 5.921985426613806, 51.847719767578468 ], [ 5.92201199958726, 51.847780822234569 ], [ 5.922041378033832, 51.847848353797851 ], [ 5.922069353864272, 51.847912646896532 ], [ 5.922086064895823, 51.847951059501028 ], [ 5.922100198136037, 51.847992378150387 ], [ 5.922109458978874, 51.848010825289975 ], [ 5.922235217469517, 51.848301668260056 ], [ 5.922258482840144, 51.848355457250598 ], [ 5.922370961056632, 51.848615566007361 ], [ 5.922482573731989, 51.848873566301933 ], [ 5.922587236253463, 51.849112084155557 ], [ 5.922667389930477, 51.849294760317783 ], [ 5.922675641266705, 51.849313706384734 ], [ 5.922849905201779, 51.849713789316048 ], [ 5.922873796471507, 51.849754191444767 ], [ 5.922895459180721, 51.849790261396031 ], [ 5.922921203027056, 51.849814368793353 ], [ 5.922946138699919, 51.8498583705288 ], [ 5.923007767172647, 51.849989123548966 ], [ 5.923099235984878, 51.850183244039791 ], [ 5.923115555274159, 51.850217865133907 ], [ 5.923212265904554, 51.850423071384526 ], [ 5.923247257172592, 51.850489965781925 ], [ 5.923312768953486, 51.850650497779675 ], [ 5.923376276612022, 51.850779210615123 ], [ 5.923428817855966, 51.85088891790096 ], [ 5.923552336627206, 51.851158493862279 ], [ 5.923584279676823, 51.851235019782216 ], [ 5.92368987827046, 51.851459788924345 ], [ 5.923813720788479, 51.851723385769425 ], [ 5.923917797615893, 51.851943280902979 ], [ 5.923931614948567, 51.851972466291087 ], [ 5.924033886094613, 51.852184468685437 ], [ 5.924140444300786, 51.852405349989091 ], [ 5.924234040662216, 51.852599351973055 ], [ 5.924306454784389, 51.852767411139183 ], [ 5.92433863701033, 51.852761610090745 ] ] ] ] } }
]
}
